bedrooms,bathrooms,sqft_living,sqft_lot,floors,waterfront,view,condition,sqft_above,sqft_basement,yr_built,yr_renovated,date_year,date_month,date_day_encoded,city_encoded,statezip_encoded,country_encoded,price
3.0,1.5,7.201170883281678,8.976262255609193,1.5,0,0,3,1340,0.0,1955,2005,2014,5,0,36,62,0,313000.0
5.0,2.5,8.202756381655638,9.11063052782717,2.0,0,4,5,3370,5.638354669333745,1921,0,2014,5,0,35,58,0,2384000.0
3.0,2.0,7.565793282428515,9.388319179336001,1.0,0,0,4,1930,0.0,1966,0,2014,5,0,18,26,0,342000.0
3.0,2.25,7.601402334583733,8.991064332188461,1.0,0,0,4,1000,6.90875477931522,1963,0,2014,5,0,3,7,0,420000.0
4.0,2.5,7.57095858316901,9.259225769705994,1.0,0,0,4,1140,6.68586094706836,1976,1992,2014,5,0,31,31,0,550000.0
2.0,1.0,6.78105762593618,8.761080103868347,1.0,0,0,3,880,0.0,1938,1994,2014,5,0,35,54,0,490000.0
2.0,2.0,7.208600337960199,7.848153086199526,1.0,0,0,3,1350,0.0,1976,0,2014,5,0,31,31,0,335000.0
4.0,2.5,7.905072849498666,10.487628691687759,2.0,0,0,3,2710,0.0,1989,0,2014,5,0,21,23,0,482000.0
3.0,2.5,7.796057974316123,11.389932631855782,1.0,0,0,4,1570,6.7580945044277305,1985,0,2014,5,0,27,27,0,452500.0
4.0,2.0,7.327123292259293,8.732465848349879,1.5,0,0,3,1520,0.0,1945,2010,2014,5,0,35,54,0,640000.0
3.0,1.75,7.444833273892193,8.898502209646642,1.0,0,0,3,1710,0.0,1948,1994,2014,5,0,20,67,0,463000.0
4.0,2.5,7.979681302387741,8.294299608857235,1.5,0,0,5,1910,6.918695219020472,1909,1988,2014,5,0,35,48,0,1400000.0
3.0,1.75,7.754052639035757,9.608646582885868,1.0,0,0,3,1970,5.8888779583328805,1980,0,2014,5,0,33,42,0,588500.0
3.0,1.0,6.994849985833071,8.769662508112274,1.0,0,0,4,1090,0.0,1955,2009,2014,5,0,35,49,0,365000.0
5.0,2.75,7.976251943745623,9.15704507491796,1.5,0,0,3,2910,0.0,1939,1969,2014,5,0,35,48,0,1200000.0
3.0,1.5,7.0909098220799835,9.18204377282107,1.0,0,0,4,1200,0.0,1965,0,2014,5,0,18,26,0,242500.0
3.0,1.5,7.359467638255621,8.81001204797317,1.0,0,0,4,1570,0.0,1956,0,2014,5,0,3,6,0,419000.0
4.0,3.0,8.042699496897637,8.886270902072013,2.0,0,0,3,3110,0.0,1997,0,2014,5,0,1,45,0,367500.0
3.0,1.75,7.223295679562314,8.675734219544788,1.0,0,0,3,1370,0.0,1987,2000,2014,5,0,10,73,0,257950.0
3.0,1.5,7.074116816197362,9.237760967552175,1.0,0,0,3,1180,0.0,1983,2009,2014,5,0,27,27,0,275000.0
3.0,1.75,7.714677473800927,9.266626182986775,2.0,0,0,5,1550,6.53813982376767,1923,0,2014,5,0,35,54,0,750000.0
4.0,1.0,7.280008252884188,9.082620630373812,1.0,0,0,4,1450,0.0,1954,1979,2014,5,0,3,5,0,435000.0
3.0,2.25,7.467942332285852,7.360739903058278,2.5,0,0,3,1470,5.638354669333745,2005,0,2014,5,0,35,46,0,626000.0
4.0,2.5,7.912423121473705,9.414260328322634,2.0,0,0,3,2730,0.0,1991,0,2014,5,0,5,9,0,612500.0
4.0,1.75,7.3783837129967145,8.761080103868347,1.0,0,0,3,1130,6.154858094016418,1959,1989,2014,5,0,35,60,0,495000.0
3.0,2.5,7.645397699428633,9.29053691397046,1.0,0,0,4,1360,6.594413459749778,1987,0,2014,5,0,14,2,0,285000.0
3.0,1.75,7.766840537085513,8.894533135798554,1.0,0,0,4,1360,6.90875477931522,1948,0,2014,5,0,35,63,0,615000.0
4.0,2.25,7.696667081526462,9.328212292571072,1.5,0,0,5,1300,6.803505257608338,1920,0,2014,5,0,19,21,0,698000.0
5.0,2.5,7.944846711001996,11.120164318733623,2.0,0,0,3,2820,0.0,1979,2014,2014,5,0,16,17,0,675000.0
3.0,2.5,7.8636512654486515,8.46611040118692,1.0,0,0,4,1700,6.803505257608338,1951,1999,2014,5,0,35,56,0,790000.0
4.0,1.75,7.353081920515432,9.071193240566025,1.0,0,0,4,1560,0.0,1967,0,2014,5,0,19,22,0,382500.0
4.0,2.5,7.95892649305011,8.11552088154677,2.0,0,0,3,2190,6.508769136971682,2004,2003,2014,5,0,42,41,0,499950.0
4.0,2.0,7.507141079727608,8.517393171418904,1.5,0,1,3,1640,5.198497031265826,1945,2010,2014,5,0,35,54,0,650000.0
4.0,2.5,7.944846711001996,9.037057839832897,2.0,0,0,3,2820,0.0,2014,0,2014,5,0,36,67,0,625000.0
4.0,2.5,8.197263371414335,10.666277393424522,1.5,0,0,3,2300,7.193685818395112,1979,2014,2014,5,0,1,45,0,400000.0
3.0,2.5,8.083637203141548,10.408858325619155,2.0,0,2,3,3240,0.0,1995,0,2014,5,0,14,13,0,604000.0
2.0,1.0,6.68586094706836,8.486940148245216,1.0,0,0,4,800,0.0,1944,0,2014,5,0,35,50,0,440000.0
3.0,3.0,7.523481312573497,9.901836189786897,1.0,0,0,4,1090,6.634633357861686,1992,0,2014,5,0,21,23,0,287200.0
3.0,2.0,7.581209826196346,9.48044384215367,1.0,0,2,5,1650,5.739792912179234,1957,0,2014,5,0,26,68,0,403000.0
3.0,2.5,7.779466967458324,8.787372988731876,1.0,0,2,4,1440,6.85751406254539,1955,2009,2014,5,0,35,55,0,750000.0
3.0,2.25,7.365812837209472,9.693753688131835,1.0,0,0,4,1580,0.0,1978,2000,2014,5,0,13,14,0,335000.0
4.0,2.0,7.300472814267799,9.062536177207788,1.0,0,0,4,1480,0.0,1974,0,2014,5,0,32,33,0,260000.0
2.0,1.0,6.7464121285733745,8.728264161496178,1.0,0,0,4,850,0.0,1950,1983,2014,5,0,36,67,0,308500.0
3.0,2.5,7.479299637782834,7.964155718840937,2.0,0,0,3,1770,0.0,1990,2009,2014,5,0,35,55,0,439950.0
2.0,1.0,7.099201743553092,9.148571345578551,1.0,0,0,2,1210,0.0,1949,0,2014,5,0,35,49,0,235000.0
3.0,1.0,7.057036981697891,9.1248914101437,1.0,0,0,3,1160,0.0,1968,1997,2014,5,0,42,44,0,315000.0
3.0,2.25,7.58629630715272,10.465984899076615,2.0,0,0,4,1970,0.0,1977,0,2014,5,0,16,15,0,437500.0
3.0,2.5,7.565793282428515,9.25540933534376,2.0,0,0,3,1930,0.0,1996,0,2014,5,0,32,37,0,407500.0
3.0,2.5,7.147559271189454,7.074116816197362,3.0,0,0,3,1270,0.0,2001,0,2014,5,0,35,50,0,445700.0
4.0,2.5,8.105005537547246,10.668932138591325,2.0,0,0,3,3310,0.0,2001,0,2014,5,0,31,31,0,838000.0
4.0,2.75,7.905072849498666,10.52615861929175,2.0,0,0,3,2710,0.0,2000,0,2014,5,0,16,15,0,630000.0
3.0,1.75,7.976251943745623,10.468829770273567,1.5,0,0,3,2910,0.0,1979,2014,2014,5,0,33,43,0,550000.0
3.0,2.0,7.905072849498666,8.412054873292933,1.5,0,0,4,1880,6.7226297948554485,1929,0,2014,5,0,35,54,0,805000.0
3.0,1.75,7.496097345175956,10.047761041692553,1.0,0,0,3,1800,0.0,1968,1997,2014,5,0,7,10,0,284000.0
5.0,2.5,7.701200180857446,9.175334762777368,1.0,0,0,3,1460,6.621405651764134,1976,0,2014,5,0,5,9,0,470000.0
4.0,1.5,7.560601162768557,9.210440366976517,1.0,0,0,4,1070,6.7464121285733745,1954,1979,2014,5,0,3,5,0,430000.0
5.0,3.25,8.205491613120236,9.392328539868899,2.0,0,2,3,3660,0.0,2006,0,2014,5,0,38,38,0,785000.0
3.0,3.25,7.186144304522325,7.191429330036379,2.0,0,0,3,1040,5.638354669333745,2008,0,2014,5,0,35,74,0,385000.0
2.0,2.5,7.396948602621014,7.221835825288449,2.0,0,0,3,1280,5.860786223465865,2009,0,2014,5,0,35,49,0,295000.0
4.0,2.5,8.105005537547246,8.77971129020447,2.0,0,0,3,3310,0.0,2012,1912,2014,5,0,38,38,0,555000.0
3.0,2.5,7.893945138235959,8.61974977974133,2.0,0,0,3,2680,0.0,2013,1923,2014,5,0,27,27,0,459990.0
4.0,3.25,7.912423121473705,10.897017064751084,1.0,0,0,3,1560,7.065613363597717,2007,0,2014,5,0,32,37,0,625000.0
3.0,2.5,7.840312983320164,8.527341522468053,2.0,0,0,3,2540,0.0,2006,0,2014,5,0,18,26,0,300000.0
4.0,2.75,7.979681302387741,8.795733605950735,2.0,0,0,3,2920,0.0,2012,1912,2014,5,2,32,37,0,625000.0
2.0,1.0,6.803505257608338,8.517393171418904,1.0,0,0,3,900,0.0,1944,0,2014,5,2,35,56,0,553000.0
3.0,2.5,7.409136443920128,9.550733483340633,1.0,0,0,4,1130,6.255750041753367,1986,0,2014,5,2,16,15,0,379880.0
3.0,1.0,6.918695219020472,9.204925739274683,1.0,0,0,4,1010,0.0,1973,0,2014,5,2,38,38,0,310000.0
2.0,2.5,7.893945138235959,8.9082888855571,1.0,0,0,3,2680,0.0,2004,2003,2014,5,3,31,32,0,775000.0
3.0,2.5,7.696667081526462,8.902591637374087,1.0,0,0,5,1570,6.447305862541213,1988,0,2014,5,3,32,36,0,365000.0
4.0,2.5,7.836369760545124,9.203718495667296,2.0,0,2,3,2010,6.255750041753367,1990,2009,2014,5,3,1,45,0,331950.0
3.0,2.5,7.955425088912672,8.872206756028303,2.0,0,0,3,1990,6.7580945044277305,1980,0,2014,5,3,35,59,0,783500.0
4.0,2.0,7.732369222284388,8.701346403039162,1.0,0,0,3,1140,7.039660349862076,1900,2005,2014,5,3,35,59,0,628000.0
3.0,2.5,7.550135342488429,9.076237387452702,2.0,0,0,3,1900,0.0,1987,2000,2014,5,1,33,42,0,560000.0
3.0,1.0,7.193685818395112,11.264117891900502,1.0,0,0,3,1330,0.0,1928,1954,2014,5,1,19,21,0,900000.0
2.0,3.0,7.147559271189454,7.069874128458572,2.0,0,0,3,1110,5.081404364984463,2000,0,2014,5,1,35,47,0,531000.0
4.0,3.0,7.682943169878292,8.294299608857235,2.0,0,0,4,1610,6.329720905522696,1982,2011,2014,5,1,35,53,0,831000.0
4.0,2.5,7.912423121473705,9.23815007261545,2.0,0,2,3,2730,0.0,1996,0,2014,5,1,33,42,0,780000.0
4.0,2.5,7.659642954564682,9.230437073675304,1.0,0,0,4,1620,6.2166061010848646,1960,2001,2014,5,1,3,4,0,755000.0
3.0,2.5,7.820439515262181,8.37655086161377,2.0,0,0,3,2490,0.0,2003,0,2014,5,1,16,17,0,705380.0
4.0,2.25,7.596392304064196,8.950662495933999,1.0,0,0,3,1210,6.660575149839686,1973,2013,2014,5,1,16,15,0,627000.0
4.0,3.0,8.213652703029998,9.199582715323222,2.0,0,0,3,3690,0.0,1998,2006,2014,5,1,33,43,0,865000.0
2.0,1.0,7.840312983320164,8.853808274977197,1.0,0,0,5,1320,7.107425474110705,1942,0,2014,5,1,35,57,0,580000.0
3.0,2.25,7.496097345175956,10.510668264544881,1.0,0,0,4,1360,6.089044875446846,1978,2000,2014,5,1,16,15,0,410000.0
4.0,3.0,7.75833346749091,8.860641041773876,1.0,0,0,4,1340,6.90875477931522,1979,0,2014,5,1,19,22,0,485000.0
2.0,1.75,7.65491704784832,9.161150127785412,1.0,0,0,2,2110,0.0,1948,0,2014,5,1,36,67,0,400000.0
2.0,1.0,7.039660349862076,8.594339400592892,1.0,0,0,5,1140,0.0,1908,0,2014,5,1,35,53,0,549000.0
3.0,1.75,7.300472814267799,7.689828668736484,2.5,0,0,3,1480,0.0,2005,0,2014,5,1,19,21,0,620000.0
2.0,3.0,7.252053951852814,7.123672785204607,2.0,0,0,3,1140,5.602118820879701,2006,0,2014,5,1,35,63,0,405000.0
2.0,1.0,7.0909098220799835,8.99516499031115,1.0,0,0,4,1200,0.0,1958,1972,2014,5,1,10,73,0,232000.0
5.0,2.5,8.064950891749143,9.532930988916153,2.0,0,0,4,3180,0.0,1990,0,2014,5,1,19,21,0,800866.0
3.0,1.5,7.6783263565068856,9.105090961257085,1.0,0,2,4,1400,6.634633357861686,1949,1985,2014,5,1,35,70,0,650000.0
6.0,1.75,7.979681302387741,8.517393171418904,2.5,0,0,4,2780,4.948759890378168,1908,0,2014,5,1,35,59,0,823000.0
3.0,2.0,7.762596048540069,8.648396877031582,1.5,0,0,4,1810,6.293419278846481,1939,1989,2014,5,1,35,53,0,770000.0
3.0,1.75,7.353081920515432,8.616314282284044,1.0,0,0,4,780,6.660575149839686,1944,0,2014,5,1,35,74,0,524000.0
5.0,2.75,7.916078096302786,9.039196115772354,1.0,0,0,4,1370,7.223295679562314,1960,2001,2014,5,1,3,5,0,541125.0
3.0,2.5,7.427144133408616,7.601402334583733,3.0,0,0,3,1680,0.0,1909,1998,2014,5,1,35,48,0,670000.0
5.0,2.5,8.036249942132116,9.453364978883542,1.0,0,0,3,1750,7.201170883281678,1968,1997,2014,5,1,14,13,0,384900.0
3.0,2.25,7.252053951852814,7.195187320178709,3.0,0,0,3,1410,0.0,2005,0,2014,5,1,35,47,0,406100.0
5.0,3.5,8.296795865770052,9.049114723476961,2.0,0,1,5,2850,7.057036981697891,1971,0,2014,5,1,35,48,0,1395000.0
4.0,2.5,8.064950891749143,9.994470200248,2.0,0,3,3,3180,0.0,2000,0,2014,5,1,32,37,0,736500.0
3.0,2.25,7.606387389772652,8.699681400989514,1.0,0,0,3,1330,6.523562306149512,1975,0,2014,5,1,31,31,0,570000.0
3.0,1.75,7.193685818395112,8.922791623969637,1.0,0,0,3,1330,0.0,1961,2004,2014,5,1,3,3,0,787000.0
4.0,2.5,7.771067086065406,8.77971129020447,2.0,0,0,3,2370,0.0,1998,2006,2014,5,1,1,45,0,328000.0
5.0,2.0,7.518064181233078,9.13140538388804,1.0,0,0,4,1540,5.707110264748875,1942,1958,2014,5,1,35,62,0,435000.0
4.0,2.5,7.976251943745623,8.776475789346321,2.0,0,0,3,2910,0.0,2006,0,2014,5,1,38,38,0,499000.0
4.0,1.0,7.635786861395585,8.925321416943886,1.0,0,0,3,1160,6.814542897259958,1963,2008,2014,5,1,3,7,0,501000.0
2.0,1.0,6.734591659972948,8.614501373883236,1.0,0,0,3,840,0.0,1955,2005,2014,5,1,35,63,0,400000.0
4.0,1.5,7.123672785204607,9.169622538697624,1.0,0,0,3,1240,0.0,1971,0,2014,5,1,14,13,0,220000.0
4.0,1.0,7.237778191923443,8.352554369474591,1.0,0,0,3,1050,5.831882477283517,1924,2011,2014,5,1,35,47,0,657100.0
4.0,2.75,7.745435610274381,8.517393171418904,2.0,0,0,3,2310,0.0,2006,0,2014,5,1,21,23,0,309950.0
3.0,2.0,6.957497370876951,9.21761385594268,1.0,0,0,3,1050,0.0,1986,0,2014,5,1,11,11,0,300000.0
5.0,1.75,7.844240718141811,11.182683778099651,1.0,0,0,5,1810,6.608000625296087,1960,0,2014,5,1,16,15,0,525888.0
4.0,1.75,7.606387389772652,8.188966863648876,1.5,0,0,3,2010,0.0,1902,0,2014,5,1,35,58,0,740000.0
5.0,1.0,7.02197642307216,9.107532151994501,1.5,0,0,4,1120,0.0,1962,0,2014,5,1,19,22,0,340000.0
3.0,2.5,7.7102051944325325,8.294299608857235,2.0,0,0,3,2230,0.0,1954,2005,2014,5,1,35,64,0,398750.0
2.0,1.0,6.698268054115413,8.876125585396185,1.0,0,0,5,810,0.0,1944,0,2014,5,1,6,69,0,206000.0
5.0,2.75,8.068089626278244,9.736310733068626,1.0,0,3,3,1690,7.313886831633462,1976,0,2014,5,1,3,5,0,1030000.0
3.0,1.75,7.421177528595393,10.587593988443924,1.0,0,0,4,1670,0.0,1976,1992,2014,5,1,33,43,0,600000.0
4.0,1.75,7.58629630715272,9.147400572202308,1.0,0,0,5,1140,6.7226297948554485,1960,0,2014,5,1,36,62,0,379950.0
3.0,1.0,7.280008252884188,8.699681400989514,1.0,0,0,4,1450,0.0,1953,1983,2014,5,1,35,57,0,287000.0
3.0,2.5,7.53955882930103,8.966866554188723,2.0,0,0,3,1880,0.0,1994,0,2014,5,1,32,33,0,309950.0
3.0,1.75,7.53955882930103,8.757940876678804,1.0,0,0,4,1040,6.734591659972948,1945,0,2014,5,1,35,54,0,600000.0
3.0,2.0,7.252053951852814,8.704668113450987,1.5,0,0,4,1410,0.0,1930,0,2014,5,1,35,47,0,418000.0
4.0,2.0,7.300472814267799,8.254528881939745,1.5,0,0,5,1480,0.0,1928,1970,2014,5,1,35,62,0,449250.0
2.0,1.0,7.039660349862076,8.566173813637858,1.5,0,0,4,1140,0.0,1949,1985,2014,5,1,35,62,0,329950.0
3.0,1.75,7.560601162768557,9.13852208418571,1.0,0,0,3,1000,6.825460036255307,1984,0,2014,5,1,1,0,0,245000.0
4.0,2.5,7.976251943745623,8.754476306284166,2.0,0,0,3,2910,0.0,2008,0,2014,5,1,32,37,0,549000.0
3.0,2.5,8.083637203141548,8.969287400118406,2.0,0,0,3,3240,0.0,1994,0,2014,5,1,33,43,0,800000.0
3.0,2.0,7.346655163176539,9.618535084655214,1.0,0,0,4,1550,0.0,1958,1972,2014,5,1,32,37,0,249950.0
5.0,2.0,7.62608275807238,9.23024103368252,1.0,0,0,3,1430,6.431331081933479,1956,2001,2014,5,1,10,73,0,210000.0
2.0,2.5,7.7057128238944275,8.294299608857235,2.0,0,0,3,2220,0.0,2000,0,2014,5,1,35,53,0,1425000.0
2.0,1.0,7.479299637782834,9.0642735958414,1.5,0,0,3,1520,5.5254529391317835,1949,1998,2014,5,1,35,56,0,585000.0
4.0,1.75,7.741099090035366,9.367429587218957,1.0,0,0,4,1960,5.831882477283517,1977,0,2014,5,1,31,31,0,615000.0
3.0,2.0,7.496097345175956,8.517393171418904,1.0,0,0,4,1080,6.580639137284949,1942,1982,2014,5,1,35,54,0,618500.0
4.0,1.75,7.606387389772652,9.128262260940575,1.0,0,0,3,1470,6.293419278846481,1977,2004,2014,5,1,19,22,0,487585.0
3.0,2.5,7.490529402060711,7.901377353792616,2.0,0,0,3,1790,0.0,2010,0,2014,5,1,16,15,0,509900.0
4.0,2.5,7.80016307039296,8.802672840312818,2.0,0,0,3,2440,0.0,2014,0,2014,5,1,35,56,0,631625.0
3.0,2.5,7.57095858316901,8.074649075066652,2.0,0,0,3,1940,0.0,2009,0,2014,5,1,16,15,0,555000.0
2.0,1.5,7.057036981697891,7.271703706887368,2.0,0,0,3,1160,0.0,2001,0,2014,5,1,35,64,0,340000.0
4.0,2.5,8.131824785007195,9.179159254492609,2.0,0,0,3,3400,0.0,2007,0,2014,5,1,31,31,0,830000.0
4.0,4.25,8.394121193826242,8.657129031713755,2.0,0,0,3,3410,6.918695219020472,2006,0,2014,5,1,16,15,0,890000.0
3.0,3.0,7.360103972989152,7.609862200913554,3.0,0,0,3,1571,0.0,2008,0,2014,5,1,35,60,0,366750.0
3.0,2.25,7.390798521735676,6.906754778648554,2.5,0,0,3,1540,4.394449154672439,2010,0,2014,5,1,16,17,0,415000.0
3.0,2.5,7.25063551189868,6.897704943128636,3.0,0,0,3,1408,0.0,2005,0,2014,5,1,35,54,0,416286.0
3.0,2.5,8.019941687677365,8.419800845407588,2.0,0,0,3,3040,0.0,2007,0,2014,5,1,32,34,0,478000.0
5.0,3.5,8.409830673087738,8.699681400989514,2.0,0,0,3,3200,7.1631723908466425,2006,0,2014,5,1,16,15,0,890000.0
2.0,2.5,7.372118028337787,7.2633296174768365,2.0,0,0,3,1590,0.0,2014,0,2014,5,1,16,17,0,419190.0
4.0,2.5,7.804251383528112,8.354203562921775,2.0,0,0,3,2450,0.0,2013,1923,2014,5,1,31,31,0,712198.0
4.0,2.0,7.273092595999522,8.946505025998682,1.0,0,0,3,1200,5.484796933490655,1971,0,2014,5,5,19,22,0,397000.0
2.0,2.0,7.00397413672268,8.006700845440367,1.5,0,0,3,1100,0.0,1912,2005,2014,5,5,35,56,0,450000.0
3.0,1.0,7.208600337960199,8.954286157204713,1.0,0,0,4,860,6.19644412779452,1947,1988,2014,5,5,35,60,0,353000.0
4.0,2.5,7.67368812926773,10.544867642274191,2.0,0,0,3,2150,0.0,1985,0,2014,5,5,31,31,0,609000.0
3.0,1.75,7.307202314764738,9.032050676295599,1.0,0,0,4,1010,6.175867270105761,1975,0,2014,5,5,9,26,0,234000.0
3.0,2.0,7.601402334583733,8.853808274977197,2.0,0,0,3,2000,0.0,1916,1986,2014,5,5,35,63,0,561000.0
2.0,1.0,6.93828448401696,8.38958706681109,1.0,0,0,3,1030,0.0,1924,2011,2014,5,5,35,56,0,469000.0
2.0,1.0,6.580639137284949,8.808070154764538,1.0,0,0,3,720,0.0,1942,1999,2014,5,5,35,56,0,329350.0
5.0,2.0,7.611347717403621,8.517393171418904,1.5,0,0,4,2020,0.0,1938,0,2014,5,5,35,56,0,488000.0
3.0,1.75,7.365812837209472,9.00601857490256,1.0,0,1,4,1100,6.175867270105761,1962,0,2014,5,5,10,73,0,279900.0
4.0,2.5,7.65491704784832,9.536112711175099,2.0,0,0,3,2110,0.0,1987,2000,2014,5,5,16,15,0,606000.0
4.0,2.0,7.170888478512505,8.861491864286915,1.0,0,0,3,1300,0.0,1950,2013,2014,5,5,35,65,0,312000.0
3.0,1.5,7.396948602621014,8.919453168575453,1.0,0,1,3,1160,6.154858094016418,1940,1996,2014,5,5,35,54,0,650000.0
4.0,2.75,8.12296471523406,9.000113045928519,1.0,0,3,3,1970,7.244941546337007,1970,2014,2014,5,5,35,63,0,1135000.0
4.0,2.5,7.544861068658458,8.72534492491121,1.0,0,0,3,980,6.814542897259958,1980,0,2014,5,5,35,49,0,325000.0
4.0,2.0,7.327123292259293,8.9851948179913,1.0,0,0,5,1520,0.0,1967,0,2014,5,5,15,22,0,425000.0
2.0,1.0,6.803505257608338,8.548885638148727,1.0,0,0,3,900,0.0,1952,2008,2014,5,5,35,49,0,219000.0
3.0,1.0,6.957497370876951,8.835646922534773,1.0,0,0,3,1050,0.0,1954,2005,2014,5,5,36,62,0,250000.0
3.0,1.75,7.13966033596492,8.77971129020447,1.0,0,0,4,1260,0.0,1966,0,2014,5,5,3,7,0,390000.0
4.0,2.5,7.736743682453495,9.396653950039674,2.0,0,0,4,2290,0.0,1988,0,2014,5,5,3,5,0,736000.0
4.0,2.25,7.941295570906532,10.060534035475412,1.0,0,1,3,1710,7.00397413672268,1958,2004,2014,5,5,10,73,0,407000.0
3.0,2.5,7.409136443920128,9.53365499705667,2.0,0,0,3,1650,0.0,1998,2006,2014,5,5,7,10,0,272000.0
3.0,2.25,7.403061091090091,9.573245865665552,1.0,0,0,4,1140,6.2166061010848646,1963,0,2014,5,5,6,66,0,362000.0
3.0,2.5,7.523481312573497,9.221280312014517,2.0,0,0,3,1850,0.0,1991,0,2014,5,5,19,22,0,535000.0
4.0,2.5,7.601402334583733,8.592486175451668,2.0,0,0,3,2000,0.0,2003,0,2014,5,5,18,26,0,284000.0
3.0,1.5,7.252053951852814,9.174505918966966,1.0,0,0,3,1410,0.0,1961,2004,2014,5,5,36,70,0,367500.0
4.0,1.75,7.313886831633462,9.358846580275406,1.0,0,0,4,1000,6.2166061010848646,1955,2009,2014,5,5,17,16,0,379900.0
3.0,2.5,7.8083230503910555,10.913013585869802,2.0,0,0,4,2460,0.0,1980,0,2014,5,5,32,37,0,520000.0
3.0,1.0,6.918695219020472,8.858652969548489,1.0,0,0,3,1010,0.0,1954,2005,2014,5,5,32,35,0,175000.0
2.0,2.25,7.115582126184454,6.835184586147301,2.0,0,0,3,1020,5.351858133476067,2004,2003,2014,5,5,35,53,0,460000.0
4.0,2.5,7.754481547470383,8.249836485425702,2.0,0,0,3,2331,0.0,2007,0,2014,5,5,32,36,0,345000.0
5.0,2.5,7.714677473800927,8.958154135209242,1.0,0,0,3,1340,6.803505257608338,1978,0,2014,5,5,19,22,0,455000.0
4.0,3.0,7.804251383528112,9.222071294851881,1.0,0,0,5,1580,6.769641976852503,1967,0,2014,5,5,3,5,0,610000.0
4.0,3.0,8.03947991910045,9.647368744540465,2.0,0,0,3,2400,6.55250788703459,1996,0,2014,5,5,17,16,0,563000.0
4.0,2.0,7.630946580890459,8.517393171418904,1.0,0,0,3,1030,6.93828448401696,1949,2013,2014,5,5,35,56,0,612500.0
3.0,1.75,7.523481312573497,8.947025655972697,1.0,0,0,3,1320,6.274762021241939,1979,2014,2014,5,5,14,13,0,218000.0
4.0,1.75,7.518064181233078,9.27995971385624,1.0,0,0,3,960,6.78105762593618,1958,2004,2014,5,5,3,7,0,404000.0
4.0,2.0,8.227108234348146,10.386469103072121,2.0,0,0,3,3740,0.0,2000,0,2014,5,5,31,32,0,860000.0
3.0,1.5,7.259116128097101,9.057305735807121,1.0,0,0,3,1420,0.0,1962,2003,2014,5,5,14,13,0,136500.0
3.0,1.0,7.32052696227274,8.713417653379183,1.0,0,0,4,860,6.478509642208569,1940,2001,2014,5,5,35,54,0,313950.0
3.0,1.75,7.664346632098617,8.77971129020447,1.0,0,2,3,1170,6.8679744089702925,1954,2005,2014,5,5,35,74,0,575000.0
4.0,2.25,8.157943507105037,8.840290669088972,2.0,0,0,4,2280,7.099201743553092,1928,0,2014,5,5,35,74,0,1225000.0
3.0,1.75,7.396948602621014,9.375939552625749,1.0,0,0,4,1630,0.0,1971,0,2014,5,5,27,27,0,280000.0
3.0,2.5,7.490529402060711,8.877381954654766,2.0,0,0,3,1790,0.0,1989,0,2014,5,5,33,42,0,515000.0
4.0,2.5,7.601402334583733,8.645586406184636,2.0,0,0,3,2000,0.0,1996,0,2014,5,5,17,16,0,513000.0
4.0,2.25,7.72356247227797,10.306650011581617,2.0,0,0,4,1400,6.7580945044277305,1977,0,2014,5,5,3,5,0,599000.0
4.0,2.5,8.016647877057803,8.970177815492379,2.0,0,0,3,3030,0.0,1999,0,2014,5,5,33,42,0,685000.0
3.0,1.5,7.1785454837637,9.007121989469242,1.0,0,0,3,1310,0.0,1950,2005,2014,5,5,35,62,0,365000.0
4.0,2.5,8.263848131368906,9.585414998760278,2.0,0,0,3,3880,0.0,1987,2000,2014,5,5,33,42,0,762300.0
4.0,3.25,8.232440158470336,9.298442820197728,1.5,0,0,5,2400,7.215975002651466,1950,0,2014,5,5,35,48,0,1580000.0
5.0,2.25,8.019941687677365,9.001099725830965,2.0,0,0,3,3040,0.0,1984,0,2014,5,5,31,31,0,562000.0
5.0,2.5,7.976251943745623,9.173365135851288,1.0,0,0,4,1690,7.107425474110705,1964,0,2014,5,5,3,7,0,530000.0
3.0,2.5,7.9966538754626075,9.391494581018131,1.0,0,0,3,1770,7.0909098220799835,1995,0,2014,5,5,33,42,0,525000.0
2.0,1.75,7.415175109613295,8.699681400989514,1.0,0,0,3,1160,6.2166061010848646,1942,1999,2014,5,5,35,48,0,484000.0
4.0,2.5,8.071218539969863,9.423029465386534,2.0,0,0,3,3200,0.0,1998,2006,2014,5,5,25,37,0,725126.0
4.0,2.0,7.893945138235959,9.83996185165625,1.0,0,0,5,2680,0.0,1965,0,2014,5,5,1,0,0,360000.0
3.0,1.0,7.115582126184454,9.166283985779263,1.0,0,0,5,1230,0.0,1962,0,2014,5,5,25,34,0,387000.0
4.0,2.5,7.916078096302786,10.730575416949513,2.0,0,0,3,2740,0.0,1995,0,2014,5,5,42,44,0,483500.0
4.0,3.5,8.125926802707886,9.027738775974909,2.0,0,0,3,3380,0.0,2000,0,2014,5,5,36,70,0,655500.0
3.0,1.0,7.01301578963963,8.740496729931813,1.0,0,0,3,1110,0.0,1956,2001,2014,5,5,35,54,0,345000.0
5.0,2.75,7.496097345175956,8.237743803890933,1.5,0,0,3,1400,5.993961427306569,1926,2003,2014,5,5,35,47,0,533000.0
3.0,1.75,7.550135342488429,8.616314282284044,1.0,0,0,3,1280,6.431331081933479,1982,0,2014,5,5,35,57,0,385000.0
2.0,1.0,6.836259277277067,10.504492031531843,1.0,0,2,3,930,0.0,1951,1994,2014,5,5,3,5,0,675000.0
3.0,1.75,7.43307534889858,8.95364003713313,1.0,0,0,4,1060,6.447305862541213,1976,1992,2014,5,5,1,0,0,197000.0
3.0,2.0,7.259116128097101,8.314097335405807,1.5,0,0,3,1420,0.0,1905,2013,2014,5,5,35,47,0,485000.0
5.0,4.0,8.414274137408396,9.62747051161485,2.0,0,0,3,4510,0.0,1969,2002,2014,5,5,23,25,0,1870000.0
3.0,2.25,7.591357046698551,8.987321812850125,1.0,0,0,4,1560,6.042632833682381,1974,0,2014,5,5,14,13,0,295000.0
2.0,1.75,7.065613363597717,7.783640596221253,1.0,0,0,4,740,6.066108090103747,1903,0,2014,5,5,35,47,0,499000.0
3.0,2.5,7.696667081526462,7.58629630715272,2.0,0,0,3,1610,6.3818160174060985,2008,0,2014,5,5,35,46,0,1050000.0
3.0,1.5,6.68586094706836,9.088285725968877,1.0,0,0,4,800,0.0,1959,0,2014,5,5,14,13,0,191000.0
3.0,2.5,7.300472814267799,7.066466970136958,3.0,0,0,3,1480,0.0,2006,0,2014,5,5,35,53,0,500000.0
5.0,3.75,7.969357742016346,8.517393171418904,1.0,0,0,3,1310,7.365812837209472,2006,0,2014,5,5,35,64,0,390000.0
3.0,2.5,7.897668150726906,8.305978210967302,3.0,0,0,3,2690,0.0,2014,0,2014,5,5,35,56,0,979000.0
4.0,3.25,8.180320874773685,9.027378610294805,2.0,0,0,3,3569,0.0,2013,1923,2014,5,5,32,33,0,580000.0
3.0,2.0,7.147559271189454,7.186144304522325,3.0,0,0,3,1270,0.0,2006,0,2014,5,5,35,47,0,369950.0
4.0,2.5,8.019941687677365,8.768107539675803,2.0,0,0,3,3040,0.0,2008,0,2014,5,5,31,31,0,776000.0
3.0,2.25,7.065613363597717,7.1308988302963465,3.0,0,0,3,1170,0.0,2014,0,2014,5,6,35,50,0,519950.0
5.0,2.25,7.630946580890459,9.063347348235522,1.0,0,0,3,1030,6.93828448401696,1962,2003,2014,5,6,6,65,0,255000.0
3.0,1.0,6.898714534329988,8.699681400989514,1.0,0,0,3,990,0.0,1943,2002,2014,5,6,35,48,0,495000.0
4.0,2.5,7.796057974316123,8.557182839632397,2.0,0,0,3,2430,0.0,2003,0,2014,5,6,36,67,0,510000.0
4.0,4.0,8.403128235128264,11.546195817481623,2.0,0,0,3,4460,0.0,2001,0,2014,5,6,31,32,0,1150000.0
3.0,1.75,7.1316985104669115,9.222565341598752,1.0,0,0,3,1250,0.0,1994,0,2014,5,6,4,8,0,253000.0
3.0,2.75,7.340186835320115,8.818926087090677,1.0,0,0,5,1210,5.802118375377063,1980,0,2014,5,6,19,22,0,503000.0
3.0,2.5,7.3783837129967145,8.853808274977197,2.0,0,0,4,1600,0.0,1993,0,2014,5,6,21,23,0,275000.0
3.0,1.0,7.01301578963963,9.03884005381381,1.0,0,0,3,1110,0.0,1952,2008,2014,5,6,6,68,0,249000.0
3.0,1.75,7.518064181233078,9.28023949935585,1.0,0,0,4,1220,6.431331081933479,1974,0,2014,5,6,32,36,0,310000.0
3.0,2.75,7.83241092718792,8.59452453435256,1.0,0,0,4,1360,7.057036981697891,1946,1989,2014,5,6,35,58,0,750000.0
9.0,4.5,8.25088114470065,8.85209276347713,2.5,0,0,3,2450,7.2305631534092925,1938,2003,2014,5,6,35,47,0,599999.0
4.0,2.75,7.787796878181171,9.164296433474776,1.0,0,0,4,1780,6.447305862541213,1956,0,2014,5,6,19,21,0,758000.0
4.0,1.75,7.450660796211539,9.212238569259263,1.0,0,0,5,1720,0.0,1960,0,2014,5,6,9,26,0,248500.0
3.0,1.75,7.635786861395585,10.542838308490404,1.0,0,0,4,1420,6.478509642208569,1973,0,2014,5,6,18,19,0,310000.0
3.0,2.0,7.473637108496206,9.111182800442965,2.0,0,0,4,1760,0.0,1985,0,2014,5,6,31,31,0,460000.0
3.0,1.75,7.427144133408616,9.259225769705994,1.0,0,0,4,1680,0.0,1959,0,2014,5,6,3,4,0,675000.0
2.0,2.0,7.346655163176539,7.783640596221253,1.5,0,0,4,1550,0.0,1900,1971,2014,5,6,35,47,0,526000.0
3.0,3.0,8.323851131338817,11.008628483166937,2.0,0,2,3,3180,6.846943139585379,1994,0,2014,5,6,7,10,0,560000.0
4.0,3.0,7.5126175446745105,9.164191715950203,2.0,0,0,3,1830,0.0,1991,0,2014,5,6,5,16,0,415000.0
3.0,1.0,7.244941546337007,8.910720661951359,1.0,0,0,3,1400,0.0,1944,0,2014,5,6,6,68,0,246000.0
3.0,1.75,7.534228326274089,9.423999084079178,1.0,0,0,4,1870,0.0,1957,2001,2014,5,6,14,2,0,314500.0
7.0,4.5,8.734077192559303,9.088963385809583,2.5,0,2,5,4760,7.280008252884188,1910,0,2014,5,6,35,52,0,3200000.0
2.0,1.5,6.947937068614969,8.160803920954665,1.5,0,0,4,1040,0.0,1904,0,2014,5,6,35,64,0,420000.0
3.0,1.0,6.918695219020472,9.144307401371744,1.0,0,0,3,1010,0.0,1981,2013,2014,5,6,19,21,0,350000.0
3.0,1.75,7.365812837209472,9.121290555142672,1.0,0,1,4,1210,5.916202062607435,1967,0,2014,5,6,3,7,0,515000.0
4.0,2.75,7.8636512654486515,8.707978826622321,2.0,0,0,5,1960,6.46302945692067,1949,0,2014,5,6,35,55,0,749950.0
3.0,2.5,7.560601162768557,9.1248914101437,2.0,0,0,3,1920,0.0,1988,2000,2014,5,6,32,35,0,230000.0
3.0,2.0,7.762596048540069,8.533263371593732,1.5,0,0,3,1780,6.3473892096560105,1929,0,2014,5,6,35,57,0,568000.0
1.0,1.0,7.00397413672268,8.383433201236713,1.0,0,0,2,820,5.638354669333745,1947,0,2014,5,6,6,68,0,250000.0
4.0,2.0,7.828436359157585,9.524859098381523,1.0,0,0,4,1280,7.115582126184454,1961,2001,2014,5,6,19,21,0,581000.0
3.0,2.5,8.083637203141548,11.593278893595778,2.0,0,0,4,3240,0.0,1991,0,2014,5,6,18,26,0,651000.0
3.0,2.5,7.8083230503910555,11.598194491615347,1.0,0,0,4,1860,6.398594934535208,1977,0,2014,5,6,16,15,0,600000.0
2.0,1.0,6.918695219020472,8.265135629937385,1.5,0,0,4,1010,0.0,1906,1990,2014,5,6,35,53,0,500000.0
2.0,1.0,6.710523109452428,7.909856667269403,1.0,0,0,3,820,0.0,1921,2000,2014,5,6,35,47,0,475000.0
5.0,2.5,7.791935956938058,9.054972284742485,1.0,0,2,3,1620,6.68586094706836,1978,0,2014,5,6,35,57,0,352000.0
3.0,2.25,7.479299637782834,9.007734471879521,2.0,0,0,3,1770,0.0,1977,2004,2014,5,6,19,22,0,420000.0
2.0,2.0,7.208600337960199,8.268988209506656,1.0,0,0,3,1350,0.0,2003,0,2014,5,6,31,32,0,428000.0
3.0,1.75,7.581209826196346,8.47407690034261,1.0,0,0,4,1090,6.769641976852503,1920,0,2014,5,6,35,54,0,599000.0
4.0,2.5,8.10349427838097,9.690603690159534,1.5,0,0,5,2245,6.966967138613983,1922,1956,2014,5,6,36,62,0,492000.0
2.0,2.25,7.844240718141811,8.641885635373555,1.0,0,0,3,1720,6.7226297948554485,2011,0,2014,5,6,32,34,0,630000.0
4.0,1.5,7.745435610274381,9.495594499353297,1.0,0,0,3,1890,6.042632833682381,1950,2005,2014,5,6,8,3,0,1110000.0
4.0,2.0,7.409136443920128,8.517393171418904,1.0,0,0,3,1650,0.0,1955,2005,2014,5,6,35,56,0,575000.0
4.0,2.5,7.8826922062890254,8.370315995555478,1.5,0,0,3,1520,7.030857476116121,1905,2013,2014,5,6,35,55,0,705000.0
4.0,2.25,7.544861068658458,8.689632748355741,1.0,0,1,3,1470,6.042632833682381,1963,2008,2014,5,6,35,53,0,940000.0
3.0,1.75,7.692113339595466,8.987321812850125,1.0,0,0,4,2190,0.0,1967,0,2014,5,6,14,13,0,313000.0
3.0,2.5,7.616283561580385,8.77971129020447,2.0,0,0,3,2030,0.0,1988,2000,2014,5,6,16,15,0,618080.0
3.0,3.0,7.7279755421055585,8.551787836180736,2.0,0,0,3,2130,4.948759890378168,2002,0,2014,5,6,32,34,0,640000.0
3.0,2.0,7.384610383176974,8.333510708982942,1.0,0,0,4,1010,6.398594934535208,1917,0,2014,5,6,35,63,0,485000.0
2.0,1.0,6.634633357861686,8.007034012193408,1.0,0,0,3,760,0.0,1913,1983,2014,5,6,35,64,0,300000.0
2.0,1.0,7.403061091090091,9.760540543216194,1.0,0,0,3,840,6.68586094706836,1978,0,2014,5,6,31,32,0,379500.0
3.0,2.25,7.396948602621014,9.417029285218431,2.0,0,0,4,1630,0.0,1985,0,2014,5,6,32,36,0,339950.0
6.0,2.5,8.177796683277778,8.776630098427717,2.5,0,0,4,3560,0.0,1914,1945,2014,5,6,35,53,0,1500000.0
3.0,3.0,7.993282328101591,8.612685172875459,2.0,0,2,3,2440,6.255750041753367,1937,1990,2014,5,6,35,74,0,1340000.0
3.0,2.5,7.57095858316901,10.533854664973365,1.0,0,0,4,1940,0.0,1987,0,2014,5,6,16,15,0,500000.0
3.0,2.0,7.252053951852814,8.931551966694522,1.0,0,0,3,1410,0.0,1985,0,2014,5,6,18,18,0,239900.0
3.0,1.0,6.947937068614969,9.74020362461931,1.0,0,0,4,1040,0.0,1968,0,2014,5,6,32,37,0,314950.0
2.0,1.0,6.710523109452428,8.764209507142004,1.0,0,0,4,820,0.0,1944,0,2014,5,6,35,61,0,361280.0
2.0,1.0,6.814542897259958,9.99884318585288,1.0,0,0,3,910,0.0,1956,2001,2014,5,6,0,0,0,100000.0
4.0,2.5,7.687538766201629,9.32375833901174,1.0,0,0,4,2180,0.0,1968,0,2014,5,6,42,41,0,480500.0
3.0,2.5,7.3783837129967145,8.35983738064003,2.0,0,0,3,1600,0.0,2000,0,2014,5,6,1,0,0,280000.0
3.0,1.75,7.313886831633462,8.729235349659273,1.0,0,0,4,1060,6.089044875446846,1947,1988,2014,5,6,35,57,0,440000.0
3.0,1.0,7.201170883281678,8.36287583103188,1.0,0,0,3,1080,5.564520407322694,1910,2006,2014,5,6,35,48,0,530000.0
3.0,2.0,7.528869256642251,9.501142571764207,1.0,0,0,3,1860,0.0,1985,0,2014,5,6,16,15,0,560000.0
3.0,2.0,7.840312983320164,8.881975184248867,1.5,0,3,4,1600,6.846943139585379,1905,0,2014,5,6,35,64,0,775000.0
2.0,1.0,6.947937068614969,9.48044384215367,1.0,0,0,5,1040,0.0,1912,0,2014,5,6,18,20,0,160000.0
3.0,1.5,7.2305631534092925,9.317489287493226,1.0,0,0,3,1380,0.0,1960,2012,2014,5,6,14,2,0,209950.0
3.0,1.75,7.403061091090091,9.283869605264298,1.0,0,0,3,1130,6.236369590203704,1988,2000,2014,5,6,9,26,0,226500.0
5.0,1.75,8.006700845440367,8.699681400989514,1.0,0,0,5,1500,7.313886831633462,1958,0,2014,5,6,35,71,0,380000.0
4.0,2.75,7.669028288589683,9.472781556562168,1.0,0,0,3,1320,6.710523109452428,1968,1997,2014,5,6,17,16,0,409500.0
3.0,2.0,7.473637108496206,8.768574284141687,1.0,0,0,4,980,6.660575149839686,1942,1982,2014,5,6,35,74,0,690000.0
3.0,2.25,7.415175109613295,9.024974184996003,1.0,0,0,4,1660,0.0,1961,2001,2014,5,6,36,62,0,405000.0
3.0,2.5,7.5126175446745105,9.476006870370282,2.0,0,0,3,1830,0.0,1990,2009,2014,5,6,21,23,0,375000.0
4.0,2.0,7.701200180857446,9.054504940418054,1.0,0,1,4,1210,6.90875477931522,1954,1979,2014,5,6,35,74,0,794154.0
4.0,1.0,7.307202314764738,8.79497643168877,1.0,0,0,3,1490,0.0,1969,2010,2014,5,6,6,69,0,185000.0
3.0,1.5,7.13966033596492,7.147559271189454,2.0,0,0,3,1040,5.3981627015177525,2005,0,2014,5,6,35,62,0,245000.0
5.0,4.5,8.359603270841466,8.996775795442296,2.0,0,0,3,3400,6.769641976852503,2007,0,2014,5,6,19,21,0,1532500.0
4.0,3.5,8.268988209506656,9.035034150076132,2.0,0,0,3,3900,0.0,2006,0,2014,5,6,19,21,0,1040000.0
2.0,2.5,7.048386408721883,6.93537044601511,3.0,0,0,3,1150,0.0,2008,0,2014,5,6,35,47,0,425000.0
4.0,2.75,7.884952945759814,9.961567763612653,2.0,0,0,3,2656,0.0,2014,0,2014,5,6,1,0,0,495000.0
5.0,2.75,7.787796878181171,8.517992871586802,1.0,0,0,3,1410,6.90875477931522,2008,0,2014,5,6,35,57,0,365000.0
3.0,2.25,7.382124365737512,7.2813856635702825,3.0,0,0,3,1606,0.0,2009,0,2014,5,6,35,60,0,417250.0
2.0,1.0,6.710523109452428,6.525029657843462,3.0,0,0,3,820,0.0,2006,0,2014,5,6,35,47,0,339950.0
2.0,1.0,7.340186835320115,8.835355971121606,1.0,0,0,4,820,6.580639137284949,1946,1989,2014,5,4,35,58,0,615000.0
3.0,2.75,7.645397699428633,9.030615441029495,2.0,0,0,3,2090,0.0,2012,1912,2014,5,4,11,11,0,403000.0
5.0,2.5,8.058643712215618,9.347577390281268,1.0,0,0,4,1780,7.2305631534092925,1971,0,2014,5,4,23,25,0,980000.0
4.0,1.75,7.456454555176209,9.02653771890043,1.0,0,0,3,1230,6.2166061010848646,1977,2004,2014,5,4,14,13,0,258000.0
3.0,1.0,7.421177528595393,8.314097335405807,1.0,0,0,3,1170,6.2166061010848646,1967,2011,2014,5,4,35,54,0,533000.0
4.0,2.5,7.844240718141811,8.440528106480752,2.0,0,0,3,2550,0.0,2005,0,2014,5,4,33,43,0,537500.0
5.0,3.0,8.019941687677365,9.169726689090886,1.0,0,0,5,1970,6.976348070447749,1968,0,2014,5,4,23,25,0,830000.0
3.0,1.0,7.1316985104669115,8.438366410870266,1.5,0,0,4,1150,4.61512051684126,1900,1971,2014,5,4,35,47,0,712000.0
4.0,2.5,7.611347717403621,8.738254576526122,2.0,0,0,3,2020,0.0,2002,0,2014,5,4,0,0,0,262000.0
4.0,2.5,7.886457270977689,8.612685172875459,2.0,0,2,3,2660,0.0,2003,0,2014,5,4,16,17,0,753888.0
2.0,1.5,6.8885724595653635,8.517393171418904,2.0,0,0,3,980,0.0,1922,2003,2014,5,4,37,75,0,134000.0
3.0,2.5,7.581209826196346,8.987321812850125,1.0,0,0,4,1290,6.508769136971682,1977,0,2014,5,4,19,22,0,402000.0
2.0,1.0,6.580639137284949,8.525359754082631,1.0,0,0,3,720,0.0,1955,2005,2014,5,4,35,49,0,205000.0
2.0,2.5,7.215975002651466,7.2078598714324755,2.0,0,0,3,1050,5.739792912179234,1997,0,2014,5,4,35,53,0,553650.0
2.0,2.0,7.534228326274089,8.507344855361422,1.0,0,0,3,1870,0.0,2006,0,2014,5,4,31,32,0,559950.0
4.0,1.5,7.664346632098617,9.082620630373812,1.0,0,0,3,1100,6.93828448401696,1962,2003,2014,5,4,18,20,0,260000.0
4.0,2.5,7.501634457883413,8.781094735202615,2.0,0,0,3,1810,0.0,1994,0,2014,5,4,18,26,0,270000.0
2.0,1.75,7.696667081526462,11.399745568593604,1.0,0,0,3,1100,7.00397413672268,1973,2013,2014,5,4,16,15,0,295000.0
3.0,2.5,7.43307534889858,8.412054873292933,1.5,0,1,4,1690,0.0,1928,0,2014,5,4,35,55,0,719000.0
3.0,2.5,7.57095858316901,9.053452616439039,1.0,0,0,3,1460,6.175867270105761,1989,0,2014,5,4,18,18,0,266000.0
4.0,2.5,7.749753406274437,8.74369111054302,2.0,0,0,3,2320,0.0,2004,2003,2014,5,4,18,26,0,325900.0
4.0,1.75,7.630946580890459,10.167273882312355,1.0,0,0,4,1160,6.803505257608338,1947,1988,2014,5,4,26,68,0,647500.0
4.0,1.0,8.134760782418645,8.517393171418904,2.0,0,0,5,2190,7.107425474110705,1910,0,2014,5,4,35,64,0,1039000.0
4.0,2.25,7.719129840906732,10.637992584019639,2.0,0,0,3,2250,0.0,1980,0,2014,5,4,31,32,0,569000.0
3.0,1.75,7.237778191923443,8.909235279192261,1.0,0,0,4,1390,0.0,1975,0,2014,5,4,18,19,0,246000.0
2.0,1.0,6.966967138613983,8.509362612301048,1.0,0,0,3,1060,0.0,1926,2003,2014,5,4,35,47,0,515000.0
3.0,1.0,7.307202314764738,9.104535313079205,1.0,0,0,4,1490,0.0,1954,1979,2014,5,4,35,69,0,207000.0
4.0,1.75,7.816416983691801,9.126523885883072,1.0,0,0,3,1390,6.994849985833071,1950,2005,2014,5,4,3,3,0,780000.0
5.0,2.25,7.80016307039296,9.944101525421383,1.5,0,0,4,2440,0.0,1975,0,2014,5,4,18,26,0,489990.0
3.0,1.5,7.714677473800927,11.38083303653996,1.5,0,0,2,1480,6.634633357861686,1980,0,2014,5,4,1,45,0,335000.0
3.0,2.5,7.560601162768557,8.88599431515281,2.0,0,0,3,1920,0.0,1993,0,2014,5,4,14,2,0,295000.0
3.0,1.75,7.544861068658458,9.202409001649903,1.0,0,0,3,1230,6.493753839851686,1944,0,2014,5,4,35,60,0,385000.0
4.0,1.75,7.719129840906732,9.511629447834181,1.0,0,0,4,2150,4.61512051684126,1940,2001,2014,5,4,18,18,0,350000.0
2.0,1.0,7.147559271189454,8.009363076630045,1.0,0,0,4,650,6.431331081933479,1923,0,2014,5,4,35,57,0,235000.0
2.0,1.5,6.8679744089702925,7.500529485395295,2.0,0,0,3,960,0.0,1993,0,2014,5,4,35,59,0,358000.0
4.0,2.5,8.098946748943339,8.774312958285378,2.0,0,0,3,3290,0.0,2002,0,2014,5,4,33,43,0,716500.0
4.0,1.75,7.601402334583733,8.71948076085107,1.0,0,0,3,1100,6.803505257608338,1965,1993,2014,5,4,35,71,0,228000.0
2.0,1.0,6.928537818164665,9.006509131694346,1.0,0,0,4,1020,0.0,1948,0,2014,5,4,35,70,0,405000.0
4.0,1.75,7.518064181233078,9.169622538697624,1.0,0,0,3,1220,6.431331081933479,1967,2011,2014,5,4,31,31,0,538000.0
3.0,1.75,7.591357046698551,8.818926087090677,1.0,0,0,4,1980,0.0,1973,0,2014,5,4,3,7,0,530000.0
6.0,3.0,8.163656176168432,8.658866349732383,2.5,0,0,4,3510,0.0,1906,1990,2014,5,4,35,53,0,1750000.0
2.0,1.75,7.115582126184454,8.188966863648876,1.5,0,0,5,1230,0.0,1925,0,2014,5,4,35,58,0,636000.0
4.0,2.5,7.732369222284388,11.09493726930676,2.0,0,0,3,2280,0.0,2004,2003,2014,5,4,42,44,0,535000.0
3.0,1.75,7.796057974316123,9.4539138048019,1.0,0,2,4,1340,6.994849985833071,1952,0,2014,5,4,3,3,0,1500000.0
3.0,2.5,7.979681302387741,8.279697133877628,3.0,0,0,3,2920,0.0,2008,0,2014,5,4,32,34,0,868500.0
4.0,2.75,7.732369222284388,7.955425088912672,1.5,0,0,4,1540,6.608000625296087,1930,0,2014,5,4,35,54,0,530000.0
3.0,2.0,7.32052696227274,10.681917533624532,1.0,0,0,3,1510,0.0,1954,2005,2014,5,4,42,44,0,450000.0
3.0,1.75,6.85751406254539,8.699681400989514,1.0,0,0,3,790,5.081404364984463,1939,1969,2014,5,4,35,51,0,230000.0
3.0,2.5,7.0825485693553,8.006700845440367,2.0,0,0,3,1190,0.0,2002,0,2014,5,4,40,71,0,229000.0
3.0,1.75,7.1785454837637,9.135940049399933,1.0,0,0,4,1310,0.0,1976,1992,2014,5,4,31,31,0,437000.0
5.0,3.25,7.937731775260109,8.071218539969863,1.5,0,0,5,1910,6.792344427470809,1932,2002,2014,5,4,35,52,0,1307000.0
3.0,2.5,7.467942332285852,8.118207049405783,2.0,0,0,4,1750,0.0,1991,0,2014,5,4,19,21,0,595000.0
3.0,1.75,7.186144304522325,8.657129031713755,1.5,0,0,5,1320,0.0,1918,0,2014,5,4,35,55,0,660000.0
4.0,2.5,7.8083230503910555,8.902591637374087,2.0,0,0,3,2460,0.0,1989,0,2014,5,4,14,13,0,347500.0
3.0,2.0,7.123672785204607,9.287394001418473,1.0,0,0,3,1240,0.0,1967,2010,2014,5,4,32,36,0,297950.0
3.0,1.5,7.13966033596492,8.98281222234415,1.0,0,0,4,1260,0.0,1955,2009,2014,5,4,10,66,0,245000.0
6.0,2.25,7.944846711001996,9.65509029374725,1.5,0,2,5,1970,6.7464121285733745,1940,0,2014,5,4,6,68,0,543200.0
4.0,3.25,8.2482674474469,10.092743345182981,2.0,0,1,4,3310,6.236369590203704,1990,0,2014,5,4,23,25,0,1250000.0
3.0,2.5,7.340186835320115,7.387090235656757,3.0,0,0,3,1470,4.2626798770413155,2008,0,2014,5,4,35,47,0,413450.0
3.0,1.75,7.2868764117507,8.94910546953925,1.0,0,0,3,1460,0.0,1979,2014,2014,5,4,31,31,0,424500.0
3.0,1.0,7.237778191923443,9.680406499268875,1.0,0,0,4,1390,0.0,1960,2001,2014,5,4,0,0,0,230000.0
3.0,3.25,7.878912912297133,8.314097335405807,2.0,0,0,3,1840,6.68586094706836,1912,2000,2014,5,4,35,48,0,930000.0
3.0,1.75,7.372118028337787,9.171703488361265,1.0,0,0,3,1590,0.0,1988,2000,2014,5,4,32,37,0,349000.0
4.0,2.0,7.555381944240273,8.848078421168667,1.5,0,0,5,1910,0.0,1941,0,2014,5,4,35,47,0,835000.0
3.0,2.75,7.60887062919126,9.729610242524837,2.0,1,4,3,2015,0.0,2007,0,2014,5,4,6,68,0,988500.0
3.0,1.75,7.252053951852814,7.088408778675395,3.0,0,0,3,1410,0.0,2012,1912,2014,5,4,35,47,0,500000.0
2.0,1.5,7.01301578963963,6.86484777797086,2.0,0,0,3,930,5.198497031265826,2005,0,2014,5,4,35,58,0,499000.0
2.0,1.25,6.7580945044277305,7.15305163493748,2.0,0,0,3,860,0.0,2007,0,2014,5,4,35,64,0,321950.0
3.0,2.5,7.745435610274381,8.46168048148598,2.0,0,0,3,2310,0.0,2011,0,2014,5,4,17,16,0,494000.0
2.0,1.5,6.928537818164665,6.966967138613983,3.0,0,0,3,1020,0.0,2008,0,2014,5,4,35,47,0,441750.0
2.0,1.0,6.8885724595653635,7.07326971745971,2.0,0,0,3,980,0.0,2010,0,2014,5,4,35,58,0,438000.0
4.0,2.25,8.350193650720067,10.539270415706502,2.0,0,0,3,4230,0.0,1989,0,2014,5,0,42,44,0,985000.0
3.0,2.25,7.403061091090091,9.310276200588783,1.0,0,0,4,1640,0.0,1972,0,2014,5,0,32,37,0,352000.0
4.0,3.5,8.24564690087386,9.517310233335248,1.0,0,1,3,2560,7.1316985104669115,2013,1923,2014,5,0,32,34,0,839900.0
4.0,2.75,7.934155233536322,9.289151552400472,2.0,0,0,3,2790,0.0,1996,0,2014,5,0,16,15,0,765000.0
4.0,1.75,7.467942332285852,8.612685172875459,1.5,0,0,5,1050,6.55250788703459,1926,0,2014,5,0,35,56,0,460000.0
4.0,1.0,7.266128779556451,9.030735122676456,1.5,0,0,4,1430,0.0,1983,0,2014,5,0,1,45,0,224500.0
3.0,2.5,7.523481312573497,8.433376705323127,2.0,0,0,3,1850,0.0,2003,0,2014,5,0,9,26,0,254000.0
2.0,1.0,6.8679744089702925,10.265279382854322,1.0,0,0,4,960,0.0,1984,0,2014,5,0,41,40,0,255000.0
3.0,3.0,7.816416983691801,10.7211285344439,1.0,0,0,4,1620,6.7580945044277305,1976,1992,2014,5,0,42,44,0,610000.0
4.0,3.0,8.229777750081887,9.30801139914963,2.0,0,0,3,3750,0.0,1976,0,2014,5,0,33,42,0,920000.0
4.0,2.5,7.8636512654486515,9.388653907372598,2.0,0,0,3,2600,0.0,1988,2000,2014,5,0,14,13,0,402500.0
3.0,1.75,7.237778191923443,9.071193240566025,1.0,0,3,4,840,6.311734809152915,1912,1989,2014,5,0,32,35,0,280950.0
4.0,2.5,7.72356247227797,8.955964118230874,2.0,0,0,3,2260,0.0,1989,0,2014,5,0,16,17,0,604000.0
4.0,2.25,7.81237820598861,8.915700818956903,2.0,0,0,3,2470,0.0,1984,0,2014,5,0,20,67,0,565000.0
2.0,1.0,6.698268054115413,8.984818995876008,1.0,0,0,1,810,0.0,1928,0,2014,5,0,35,65,0,255000.0
4.0,2.0,7.409136443920128,8.699681400989514,1.0,0,0,5,1000,6.478509642208569,1959,0,2014,5,0,35,64,0,445000.0
3.0,2.25,8.006700845440367,9.364433907313582,1.5,1,4,3,3000,0.0,2001,0,2014,5,0,33,43,0,2400000.0
2.0,1.0,6.580639137284949,9.798182590890704,1.0,0,0,3,720,0.0,1950,2005,2014,5,0,35,71,0,195000.0
3.0,1.5,7.237778191923443,10.784316896132124,1.0,0,0,3,1390,0.0,1922,2013,2014,5,0,13,14,0,275000.0
3.0,2.25,7.27655640271871,7.382124365737512,2.0,0,0,3,1300,4.983606621708336,2003,0,2014,5,0,16,15,0,387000.0
2.0,1.0,7.518064181233078,8.101980731853192,1.5,0,0,4,1130,6.566672429803241,1910,0,2014,5,0,35,50,0,490000.0
3.0,2.5,7.650168700845001,8.669914278433902,2.0,0,2,3,2100,0.0,1999,0,2014,5,0,38,38,0,505000.0
3.0,1.5,6.966967138613983,9.2557916348801,1.0,0,0,4,1060,0.0,1973,0,2014,5,0,19,22,0,303500.0
3.0,1.5,7.313886831633462,8.754318540250866,1.0,0,0,5,1500,0.0,1953,0,2014,5,0,35,60,0,270000.0
4.0,2.75,7.58629630715272,8.883778861463485,1.0,0,0,3,1170,6.68586094706836,1977,2004,2014,5,0,32,36,0,323000.0
3.0,3.25,7.252053951852814,7.134093721192866,3.0,0,0,3,1410,0.0,2005,0,2014,5,0,35,47,0,382000.0
4.0,2.75,8.221747728346623,9.153875834995056,1.0,0,4,5,1960,7.473637108496206,1962,0,2014,5,0,3,5,0,1370000.0
4.0,2.0,7.692113339595466,9.577757412446818,1.0,0,0,4,1180,6.918695219020472,1977,0,2014,5,0,1,0,0,280000.0
3.0,2.0,7.560601162768557,8.996651979432729,1.0,0,0,4,1510,6.018593214496234,1969,0,2014,5,0,14,13,0,260000.0
3.0,1.0,7.057036981697891,9.02653771890043,1.0,0,0,4,1160,0.0,1959,0,2014,5,0,18,20,0,201500.0
4.0,4.25,8.676075516476429,10.875969564060025,2.0,0,0,4,4910,6.85751406254539,1996,0,2014,5,0,42,41,0,1157200.0
4.0,1.75,7.601402334583733,8.294299608857235,1.5,0,0,5,1450,6.311734809152915,1926,0,2014,5,0,35,61,0,536500.0
4.0,3.0,7.679713639966372,8.679992081721329,2.0,0,0,3,2163,0.0,2006,0,2014,5,0,0,0,0,248000.0
5.0,3.0,8.15507488781144,10.959540226785442,1.0,0,0,4,2340,7.039660349862076,1976,1992,2014,5,0,16,15,0,532000.0
4.0,2.5,7.951911381854188,8.743372131273969,2.0,0,0,3,2840,0.0,1998,2006,2014,5,0,17,16,0,580000.0
2.0,1.0,7.048386408721883,8.38958706681109,1.0,0,0,4,1150,0.0,1905,0,2014,5,0,35,53,0,463000.0
4.0,2.75,8.03947991910045,8.235890725928495,2.0,0,0,3,2000,7.00397413672268,1919,1996,2014,5,0,35,59,0,742500.0
3.0,2.5,7.259116128097101,9.605822482030945,1.0,0,0,4,1020,5.993961427306569,1963,0,2014,5,0,18,20,0,260000.0
4.0,2.25,7.796057974316123,10.388903056364905,1.0,0,0,3,2430,0.0,1993,0,2014,5,0,42,44,0,590000.0
4.0,2.25,7.565793282428515,8.916371914881694,1.0,0,0,3,1430,6.2166061010848646,1984,0,2014,5,0,18,19,0,312000.0
3.0,2.25,7.415175109613295,9.224341891611996,1.0,0,0,4,1370,5.673323267171493,1980,0,2014,5,0,31,31,0,566000.0
3.0,2.0,7.244941546337007,8.894807371368625,1.0,0,0,4,1400,0.0,1963,0,2014,5,0,3,7,0,511555.0
4.0,2.5,7.886457270977689,8.294299608857235,2.0,0,0,3,2660,0.0,2001,0,2014,5,0,31,32,0,583000.0
4.0,2.5,7.601402334583733,9.495594499353297,1.0,0,0,4,1200,6.68586094706836,1968,0,2014,5,0,1,0,0,290000.0
4.0,2.25,7.664346632098617,8.997023381479709,1.0,0,0,4,1380,6.621405651764134,1977,0,2014,5,0,32,33,0,311100.0
3.0,2.25,7.210079628170788,7.43543801981455,3.0,0,0,3,1352,0.0,2007,0,2014,5,0,35,60,0,325000.0
3.0,1.75,7.467942332285852,9.33617975681533,1.0,0,1,4,1300,6.111467339502679,1987,0,2014,5,0,33,42,0,491300.0
5.0,1.75,7.749753406274437,8.999742789830492,1.0,0,0,4,1160,7.057036981697891,1956,0,2014,5,0,6,68,0,315000.0
2.0,1.0,7.259116128097101,11.313168796102914,1.0,0,0,3,1180,5.484796933490655,1956,2001,2014,5,0,32,33,0,360000.0
4.0,2.5,7.57095858316901,8.23880116587155,2.0,0,0,3,1940,0.0,2003,0,2014,5,0,32,36,0,330000.0
3.0,2.0,7.252053951852814,8.476579508530941,1.0,0,0,3,1410,0.0,1940,1996,2014,5,0,35,56,0,481450.0
3.0,1.0,7.215975002651466,9.20522732258936,1.0,0,0,3,1360,0.0,1977,2004,2014,5,0,4,8,0,234950.0
3.0,1.75,7.107425474110705,8.888894669371593,1.0,0,0,3,1220,0.0,1962,2003,2014,5,0,27,27,0,251000.0
4.0,2.5,7.9483852851118995,9.920639611353694,2.0,0,0,3,1980,6.7464121285733745,1979,2014,2014,5,0,3,3,0,782000.0
4.0,2.75,8.237743803890933,9.240772579096385,2.0,0,0,3,3780,0.0,1999,0,2014,5,0,33,43,0,833000.0
4.0,2.5,7.754052639035757,9.567315270923913,2.0,0,0,4,2330,0.0,1978,2000,2014,5,0,3,6,0,542500.0
3.0,2.5,8.177796683277778,11.58330004812049,2.0,0,0,3,3560,0.0,1987,2000,2014,5,0,31,32,0,851000.0
4.0,1.5,7.293697720601438,11.167628403875849,1.0,0,0,3,1470,0.0,1976,0,2014,5,0,30,30,0,325000.0
4.0,2.25,8.026496938945412,10.795239659963128,2.0,0,0,3,3060,0.0,1992,0,2014,5,0,30,30,0,415000.0
3.0,1.0,6.93828448401696,8.720623711420426,1.0,0,0,3,880,5.017279836814924,1947,2012,2014,5,0,35,60,0,252500.0
4.0,2.5,7.565793282428515,9.175127616220438,1.0,0,0,4,1930,0.0,1968,0,2014,5,0,14,13,0,465000.0
3.0,2.5,7.601402334583733,9.127284796838858,2.0,0,0,4,2000,0.0,1992,0,2014,5,0,21,23,0,225000.0
3.0,2.0,7.43307534889858,9.16785032035523,1.0,0,0,4,1690,0.0,1969,0,2014,5,0,32,37,0,270000.0
5.0,4.5,8.55468163582723,10.073947369564895,2.0,0,2,3,3390,7.496097345175956,1987,2000,2014,5,0,23,25,0,1702500.0
3.0,1.75,7.170888478512505,8.596743470174246,1.5,0,0,3,1300,0.0,1925,1992,2014,5,0,35,54,0,536000.0
4.0,3.25,7.783640596221253,10.283737411503228,2.0,0,0,4,2400,0.0,1982,2011,2014,5,0,42,41,0,585000.0
2.0,2.0,7.048386408721883,8.800113946766308,1.0,0,0,3,860,5.673323267171493,1940,1996,2014,5,0,35,54,0,445000.0
4.0,2.25,7.745435610274381,8.921457578947884,2.0,0,0,3,2310,0.0,1980,0,2014,5,0,32,33,0,320000.0
4.0,3.5,7.912423121473705,8.022240916806537,2.0,0,0,3,2400,5.802118375377063,2006,0,2014,5,0,35,55,0,769900.0
4.0,2.5,7.951911381854188,8.412054873292933,2.0,0,0,3,2840,0.0,2012,1912,2014,5,0,17,16,0,557000.0
2.0,1.5,6.928537818164665,7.330405211844402,2.0,0,0,3,1020,0.0,2004,2003,2014,5,0,35,62,0,212000.0
3.0,2.0,7.201170883281678,7.233455418621439,3.0,0,0,3,1340,0.0,2008,0,2014,5,0,35,47,0,376000.0
3.0,2.25,6.906754778648554,6.807934943699926,2.0,0,0,3,798,5.303304908059076,2007,0,2014,5,0,35,56,0,324000.0
5.0,2.75,8.026496938945412,8.855948534052018,1.0,0,0,5,1600,7.2868764117507,1979,0,2014,5,2,35,65,0,549900.0
3.0,2.5,7.664346632098617,8.84937050375457,2.0,0,0,3,2130,0.0,2003,0,2014,5,2,21,23,0,320000.0
4.0,2.0,7.83241092718792,8.699681400989514,1.0,0,0,3,1400,7.02197642307216,1921,2007,2014,5,2,35,47,0,875000.0
4.0,1.0,7.57095858316901,9.162619635764772,1.0,0,0,3,1080,6.7580945044277305,1962,2003,2014,5,2,18,19,0,265000.0
3.0,2.5,7.208600337960199,7.1316985104669115,3.0,0,0,3,1270,4.394449154672439,2006,0,2014,5,2,35,63,0,394950.0
4.0,2.5,7.6783263565068856,8.575273402492762,2.5,0,0,4,2160,0.0,1902,0,2014,5,3,35,59,0,842500.0
3.0,2.5,7.223295679562314,7.208600337960199,2.0,0,0,3,1010,5.8888779583328805,2007,0,2014,5,3,35,63,0,368000.0
4.0,4.5,8.598035579260339,11.532051392768706,1.0,0,0,3,3890,7.333676395657684,2001,0,2014,5,1,31,32,0,1225000.0
4.0,2.5,7.9483852851118995,8.517393171418904,2.0,0,0,3,2830,0.0,1995,0,2014,5,1,35,48,0,885000.0
3.0,2.5,7.606387389772652,7.7354333524996886,2.0,0,0,3,1390,6.431331081933479,2014,0,2014,5,1,16,17,0,453246.0
4.0,2.75,8.101980731853192,9.400216653174247,2.0,0,0,3,3300,0.0,1953,0,2014,5,1,8,3,0,927000.0
2.0,2.5,7.115582126184454,7.238496840894365,2.0,0,0,3,870,5.8888779583328805,2004,2003,2014,5,1,35,53,0,490000.0
3.0,1.5,7.450660796211539,8.87066300440602,1.5,0,0,4,1720,0.0,1952,0,2014,5,1,36,67,0,341000.0
1.0,1.0,6.698268054115413,7.804659297056102,1.0,0,0,5,810,0.0,1941,0,2014,5,1,35,61,0,235000.0
3.0,1.75,7.353081920515432,8.997023381479709,1.5,1,4,4,1560,0.0,1928,0,2014,5,1,23,25,0,1200000.0
4.0,3.25,8.45553053102413,10.556151222950184,2.0,0,0,3,3420,7.155396301896734,1978,0,2014,5,1,3,4,0,900000.0
2.0,1.0,7.107425474110705,7.824445930877619,1.0,0,0,3,770,6.111467339502679,1910,2006,2014,5,1,35,61,0,255000.0
5.0,2.75,8.202756381655638,9.911009193934975,1.0,0,0,4,2360,7.1631723908466425,1975,0,2014,5,1,3,3,0,1575000.0
3.0,3.25,7.682943169878292,9.434203664214742,1.5,0,0,5,1650,6.255750041753367,1928,1970,2014,5,1,23,25,0,876650.0
2.0,1.0,6.814542897259958,8.412054873292933,1.5,0,0,4,910,0.0,1906,1990,2014,5,1,35,57,0,350000.0
4.0,2.5,8.000014093678072,8.503297086224126,2.0,0,0,3,2890,4.51085950651685,2000,0,2014,5,1,3,5,0,750000.0
4.0,1.75,7.659642954564682,8.444837529224097,1.0,0,1,3,1190,6.836259277277067,1951,1994,2014,5,1,35,56,0,582000.0
4.0,3.5,8.149312843635345,8.293549515060345,2.0,0,0,3,2560,6.803505257608338,2004,2003,2014,5,1,35,47,0,1315000.0
5.0,3.0,7.816416983691801,9.219399216464529,1.0,0,0,3,1300,7.074116816197362,2004,2003,2014,5,1,35,71,0,372500.0
3.0,2.25,7.696667081526462,9.736369829484445,2.0,0,0,3,2200,0.0,1987,2000,2014,5,1,21,23,0,410000.0
4.0,2.0,7.456454555176209,8.612685172875459,1.0,0,0,5,1010,6.580639137284949,1943,0,2014,5,1,35,49,0,360000.0
3.0,2.5,7.979681302387741,10.449525868057862,1.0,0,4,4,1800,7.02197642307216,1954,1983,2014,5,1,35,55,0,1015000.0
3.0,1.0,6.898714534329988,8.98882050177807,1.0,0,0,4,990,0.0,1966,0,2014,5,1,32,36,0,225000.0
4.0,2.5,8.019941687677365,8.837536046107568,2.0,0,0,3,3040,0.0,1999,0,2014,5,1,33,42,0,647000.0
3.0,1.5,7.223295679562314,9.044403844431551,1.0,0,0,4,1370,0.0,1961,2001,2014,5,1,1,45,0,185000.0
3.0,2.5,7.57095858316901,8.502688505213357,2.0,0,0,3,1940,0.0,2004,2003,2014,5,1,32,36,0,335000.0
3.0,2.5,6.947937068614969,7.880048200971577,2.0,0,0,3,720,5.771441123130016,2004,2003,2014,5,1,35,57,0,210000.0
4.0,2.25,7.496097345175956,9.06230429314878,1.0,0,0,4,1360,6.089044875446846,1980,0,2014,5,1,19,21,0,522000.0
3.0,1.75,7.450660796211539,8.517393171418904,1.0,0,0,3,1720,0.0,1954,2014,2014,5,1,35,59,0,770000.0
3.0,1.0,6.8885724595653635,8.761080103868347,1.0,0,0,3,760,5.3981627015177525,1941,1994,2014,5,1,35,54,0,499950.0
4.0,2.5,8.042699496897637,8.723068501163928,2.0,0,0,3,3110,0.0,2004,2003,2014,5,1,31,31,0,751000.0
5.0,3.0,7.650168700845001,8.951051374025619,1.0,0,0,3,1250,6.7464121285733745,2013,1923,2014,5,1,6,69,0,330000.0
3.0,1.5,7.611347717403621,9.33776566023142,1.0,0,0,4,1190,6.7226297948554485,1956,0,2014,5,1,19,21,0,465000.0
4.0,1.75,7.762596048540069,9.385553389532843,1.0,0,0,4,2350,0.0,1961,2001,2014,5,1,23,25,0,850000.0
4.0,2.25,8.098946748943339,9.41979059615839,1.5,0,0,4,3290,0.0,1968,0,2014,5,1,23,25,0,947500.0
5.0,2.25,7.687538766201629,8.963672275615016,2.0,0,0,3,2180,0.0,1986,0,2014,5,1,21,23,0,302000.0
2.0,2.25,7.1631723908466425,7.19668657083435,3.0,0,0,3,1290,0.0,2007,0,2014,5,1,35,50,0,500000.0
3.0,1.0,7.2868764117507,9.18512512283512,1.0,0,0,4,1460,0.0,1969,0,2014,5,1,18,26,0,201000.0
2.0,1.0,7.1631723908466425,7.947678571301568,2.0,0,0,3,1290,0.0,2008,0,2014,5,1,31,32,0,265000.0
4.0,2.5,7.762596048540069,8.055475141757274,1.5,0,0,4,1690,6.493753839851686,1910,0,2014,5,1,35,47,0,870300.0
3.0,1.0,6.985641817639208,8.999742789830492,1.0,0,0,4,1080,0.0,1955,2009,2014,5,1,36,67,0,339000.0
4.0,2.5,7.890208213109961,9.507774735870642,2.0,0,0,4,2670,0.0,1989,0,2014,5,1,16,17,0,690000.0
4.0,3.25,8.210939733379021,8.658692753689937,2.0,0,0,3,2840,6.734591659972948,2003,0,2014,5,1,16,15,0,788000.0
3.0,1.75,7.273092595999522,8.99230873254815,1.0,0,0,3,960,6.175867270105761,1951,1994,2014,5,1,35,60,0,315275.0
4.0,1.75,7.57095858316901,8.476579508530941,1.0,0,0,5,1030,6.814542897259958,1922,1956,2014,5,1,35,59,0,505000.0
3.0,1.0,7.155396301896734,9.200189020919808,1.0,0,0,3,1280,0.0,1968,1997,2014,5,1,42,41,0,368000.0
3.0,2.75,8.000014093678072,10.208948146339551,1.5,1,2,5,2180,6.68586094706836,1917,0,2014,5,1,6,68,0,947500.0
3.0,1.0,6.878326468291325,9.057305735807121,1.0,0,0,3,970,0.0,1959,1989,2014,5,1,14,2,0,156000.0
4.0,3.0,7.65491704784832,8.517393171418904,1.5,0,2,4,1640,6.154858094016418,1930,0,2014,5,1,35,63,0,610000.0
2.0,2.5,7.300472814267799,7.222566018822171,3.0,0,0,3,1480,0.0,2009,0,2014,5,1,31,31,0,420000.0
2.0,1.0,6.55250788703459,9.26302769425519,1.0,0,0,3,700,0.0,1953,0,2014,5,1,26,68,0,192000.0
3.0,2.0,7.901377353792616,8.71948076085107,1.0,0,0,4,1350,7.208600337960199,1962,0,2014,5,1,35,54,0,910000.0
4.0,3.25,7.754052639035757,9.178643285232928,2.0,0,3,3,2330,0.0,1918,0,2014,5,1,35,53,0,1300000.0
5.0,1.75,8.125926802707886,9.904586947979428,1.0,0,0,4,1690,7.43307534889858,1963,0,2014,5,1,8,3,0,1346400.0
4.0,2.75,7.8636512654486515,7.919719760924575,1.5,0,0,3,1620,6.8885724595653635,1936,0,2014,5,1,35,52,0,840000.0
2.0,1.75,7.215975002651466,8.999742789830492,1.0,0,0,3,860,6.2166061010848646,1975,0,2014,5,1,35,70,0,300000.0
4.0,2.5,7.930565854233965,8.759354748566208,1.0,0,0,3,1590,7.0825485693553,1978,0,2014,5,1,19,22,0,505000.0
3.0,1.0,7.1316985104669115,10.880760489345077,1.0,0,0,5,1250,0.0,1945,0,2014,5,1,21,23,0,110000.0
3.0,2.5,7.8713112033234065,9.099520536870939,2.0,0,0,3,2620,0.0,1992,0,2014,5,1,3,5,0,746000.0
3.0,1.5,7.208600337960199,8.938662873666118,1.0,0,0,5,1350,0.0,1941,0,2014,5,1,6,68,0,211000.0
4.0,3.0,7.783640596221253,8.114025442356757,1.0,0,0,4,1200,7.0909098220799835,1964,0,2014,5,1,35,50,0,675000.0
4.0,2.5,7.923348211930154,8.517393171418904,1.5,0,0,5,1680,6.985641817639208,1928,1970,2014,5,1,35,50,0,734200.0
4.0,2.25,8.029758520440822,9.68215486062588,1.0,0,3,3,1870,7.0909098220799835,1976,0,2014,5,1,23,25,0,1225000.0
2.0,1.75,7.621195162809845,10.26095218458911,1.5,1,3,4,2040,0.0,1919,1990,2014,5,1,41,40,0,615000.0
4.0,2.0,7.479299637782834,8.699681400989514,2.0,0,0,5,1770,0.0,1911,1981,2014,5,1,35,74,0,630000.0
4.0,3.75,8.157943507105037,9.123801610558944,2.0,0,0,3,3490,0.0,2012,1912,2014,5,1,3,3,0,1264000.0
2.0,1.5,6.7226297948554485,7.195937226475569,2.0,0,0,3,830,0.0,2005,0,2014,5,1,35,63,0,301500.0
2.0,2.5,6.8885724595653635,6.79794041297493,2.0,0,0,3,670,5.739792912179234,2009,0,2014,5,1,35,55,0,369000.0
3.0,2.5,7.359467638255621,7.2682230211595655,3.0,0,0,3,1570,0.0,2010,0,2014,5,1,35,47,0,635000.0
4.0,3.25,8.092851027538384,8.554103545436334,2.0,0,0,3,3110,5.081404364984463,2014,0,2014,5,1,31,31,0,1033888.0
4.0,2.5,7.6783263565068856,8.736168065858228,2.0,0,0,3,2160,0.0,2010,0,2014,5,1,21,23,0,383000.0
4.0,3.75,8.0959035329611,9.305741456739435,2.0,0,0,3,2320,6.8679744089702925,2008,0,2014,5,1,19,21,0,1050000.0
4.0,2.5,8.119993827725105,8.94715577112479,2.0,0,0,3,3360,0.0,2001,0,2014,5,5,32,36,0,455000.0
5.0,2.75,8.055475141757274,8.87066300440602,2.0,0,0,3,3150,0.0,2013,1923,2014,5,5,31,31,0,819900.0
3.0,3.5,7.501634457883413,7.52131798019924,2.0,0,0,4,1440,5.916202062607435,2009,0,2014,5,5,35,59,0,625000.0
4.0,2.5,7.916078096302786,8.87360810154911,2.0,0,0,3,2740,0.0,1993,0,2014,5,5,33,42,0,651000.0
5.0,4.75,8.25088114470065,10.463131911491967,1.0,0,0,3,2130,7.438971592395862,1976,0,2014,5,5,42,44,0,480000.0
3.0,3.25,8.068089626278244,8.572438665642215,2.0,0,0,3,3190,0.0,2007,0,2014,5,5,16,17,0,757000.0
3.0,2.25,7.762596048540069,9.254452946594503,1.0,0,0,3,1390,6.8679744089702925,1977,2004,2014,5,5,17,16,0,460000.0
4.0,2.25,7.828436359157585,9.007734471879521,1.0,0,0,4,1610,6.803505257608338,1972,0,2014,5,5,14,13,0,267345.0
2.0,2.0,7.427144133408616,8.507344855361422,1.0,0,0,3,1680,0.0,2006,0,2014,5,5,31,32,0,530000.0
3.0,2.0,7.479299637782834,8.796490207333578,1.0,0,0,4,960,6.698268054115413,1954,1979,2014,5,5,36,62,0,449500.0
3.0,1.0,6.994849985833071,8.897819009510757,1.0,0,0,5,1090,0.0,1981,0,2014,5,5,32,34,0,289000.0
5.0,2.5,8.007034012193408,8.650149418664864,2.0,0,0,3,3001,0.0,2006,0,2014,5,5,18,18,0,373000.0
5.0,3.0,7.804251383528112,8.432070937999402,2.0,0,0,3,2450,0.0,1994,0,2014,5,5,35,56,0,525000.0
3.0,3.25,8.191740021277457,10.996718722251758,2.0,0,0,3,2440,7.065613363597717,2003,0,2014,5,5,16,15,0,777000.0
4.0,2.0,7.719129840906732,8.922791623969637,1.0,0,0,5,1200,6.957497370876951,1956,0,2014,5,5,3,4,0,550000.0
3.0,1.5,7.123672785204607,8.95364003713313,1.0,0,0,4,1240,0.0,1957,2001,2014,5,5,3,7,0,523000.0
4.0,2.0,7.72356247227797,8.699681400989514,1.0,0,0,3,1430,6.7226297948554485,1958,2004,2014,5,5,35,54,0,628000.0
4.0,1.75,7.645397699428633,9.007612005404566,1.0,0,0,4,1070,6.928537818164665,1963,0,2014,5,5,31,31,0,581000.0
5.0,1.75,7.611347717403621,8.974997713204976,1.0,0,0,3,1220,6.68586094706836,1962,2003,2014,5,5,35,69,0,245000.0
3.0,1.75,7.581209826196346,8.517393171418904,1.0,0,0,5,980,6.8885724595653635,1911,1984,2014,5,5,35,51,0,415000.0
5.0,2.25,8.045908742270779,9.721545923560459,2.0,0,0,4,3120,0.0,1969,0,2014,5,5,43,3,0,1895000.0
3.0,1.5,7.1316985104669115,8.922791623969637,1.0,0,0,3,1250,0.0,1967,2011,2014,5,5,18,18,0,225000.0
3.0,2.25,7.307202314764738,9.169622538697624,1.0,0,0,4,1170,5.771441123130016,1987,0,2014,5,5,11,11,0,287000.0
6.0,3.0,7.969357742016346,7.771067086065406,2.5,0,0,3,2290,6.398594934535208,1906,2014,2014,5,5,35,46,0,799200.0
3.0,1.0,7.550135342488429,10.43084575693648,1.5,0,0,4,1900,0.0,1942,1982,2014,5,5,1,0,0,239950.0
3.0,1.75,7.427144133408616,7.783640596221253,1.0,0,0,5,870,6.698268054115413,1922,1956,2014,5,5,35,59,0,591000.0
3.0,2.5,7.616283561580385,9.035867930125628,2.0,0,0,4,2030,0.0,1975,0,2014,5,5,3,7,0,700000.0
4.0,2.5,8.227108234348146,9.071193240566025,1.0,0,0,3,2260,7.300472814267799,2004,2003,2014,5,5,32,36,0,475000.0
3.0,1.75,7.365812837209472,9.371693622333941,1.0,0,0,4,1180,5.993961427306569,1951,1999,2014,5,5,35,57,0,575000.0
3.0,2.25,7.484930283289661,8.71948076085107,1.5,0,0,4,1390,5.968707559985366,1927,0,2014,5,5,35,59,0,771000.0
2.0,1.0,6.814542897259958,8.73761303680885,1.0,0,0,3,910,0.0,1943,2002,2014,5,5,35,57,0,155000.0
7.0,4.0,8.14351740579748,8.999742789830492,2.0,0,0,3,3440,0.0,1970,2014,2014,5,5,35,47,0,550000.0
3.0,2.5,7.462214939768189,9.528866827722945,2.0,0,0,4,1740,0.0,1975,0,2014,5,5,3,7,0,645000.0
5.0,2.5,8.131824785007195,9.101752431559284,1.0,0,0,4,1700,7.438971592395862,1959,0,2014,5,5,36,62,0,464000.0
4.0,3.25,8.38958706681109,9.718723014091033,2.0,0,0,3,4400,0.0,2003,0,2014,5,5,33,43,0,1050000.0
3.0,2.5,7.606387389772652,9.567944883732848,2.0,0,0,3,2010,0.0,1977,2004,2014,5,5,41,40,0,350000.0
4.0,2.25,7.905072849498666,10.550093288660157,2.0,0,0,4,2710,0.0,1977,0,2014,5,5,42,44,0,591000.0
4.0,2.5,8.575650760987806,10.173972600159388,2.0,1,2,2,4570,6.594413459749778,1923,0,2014,5,5,35,48,0,2555000.0
3.0,1.5,7.1785454837637,8.263848131368906,1.0,0,0,3,1090,5.3981627015177525,1956,2001,2014,5,5,35,56,0,717000.0
4.0,1.5,7.576097340623111,9.438272440022189,1.5,0,0,3,1950,0.0,1939,1969,2014,5,5,34,72,0,225000.0
3.0,1.0,6.947937068614969,8.785080636539838,1.0,0,0,3,1040,0.0,1947,2012,2014,5,5,35,69,0,225000.0
3.0,1.75,6.994849985833071,8.881975184248867,1.0,0,0,3,1090,0.0,1968,1997,2014,5,5,19,22,0,345000.0
2.0,0.75,6.478509642208569,8.586905803827538,1.0,0,0,4,650,0.0,1931,0,2014,5,5,35,62,0,230000.0
3.0,2.0,7.300472814267799,8.79497643168877,1.0,0,2,3,740,6.608000625296087,1943,2002,2014,5,5,35,65,0,385000.0
2.0,1.0,6.673297967767654,7.878912912297133,1.0,0,0,3,790,0.0,1973,2013,2014,5,5,19,22,0,90000.0
4.0,2.5,8.177796683277778,9.316500567804573,1.0,0,2,3,2290,7.147559271189454,1986,0,2014,5,5,3,3,0,860000.0
4.0,2.5,8.006700845440367,8.621373010325902,2.0,0,0,3,3000,0.0,2006,0,2014,5,5,25,34,0,675000.0
4.0,2.5,8.157943507105037,8.921991410536698,2.0,0,3,3,3490,0.0,2000,0,2014,5,5,3,5,0,975000.0
3.0,1.75,7.75833346749091,9.25874951118387,1.0,0,0,4,2340,0.0,1967,0,2014,5,5,23,25,0,780000.0
3.0,1.75,7.409136443920128,9.018574356354229,1.0,0,0,5,1060,6.3818160174060985,1951,0,2014,5,5,36,67,0,370000.0
3.0,2.0,7.57095858316901,8.669227347271736,1.5,0,0,5,1150,6.673297967767654,1944,0,2014,5,5,35,50,0,665000.0
5.0,3.0,8.134760782418645,9.169622538697624,1.0,0,0,4,1870,7.340186835320115,1968,0,2014,5,5,31,31,0,675000.0
3.0,1.0,7.444833273892193,8.30671904320269,1.5,0,0,3,1710,0.0,1909,2004,2014,5,5,35,47,0,620000.0
4.0,1.5,7.916078096302786,8.294299608857235,2.0,0,0,5,1930,6.698268054115413,1905,0,2014,5,5,35,52,0,1105000.0
3.0,2.75,7.1316985104669115,6.794586580876499,2.0,0,0,3,1040,5.351858133476067,2010,0,2014,5,5,35,55,0,450000.0
3.0,2.25,7.804251383528112,10.649725161670181,1.0,0,0,4,2450,0.0,1978,2000,2014,5,5,9,26,0,450000.0
3.0,1.75,7.43307534889858,9.010791269515602,1.0,0,0,4,1690,0.0,1958,1972,2014,5,5,3,4,0,530000.0
4.0,1.75,7.576097340623111,9.497097016351463,1.0,0,0,4,1370,6.364750756851911,1969,0,2014,5,5,3,6,0,635000.0
5.0,2.0,7.736743682453495,8.871505346165781,1.0,0,0,3,1190,7.00397413672268,1964,2000,2014,5,5,3,7,0,580000.0
5.0,3.25,8.12296471523406,9.767610553984774,1.0,0,2,5,2000,7.223295679562314,1982,0,2014,5,5,23,25,0,1550000.0
3.0,1.0,6.994849985833071,9.0642735958414,1.0,0,0,4,1090,0.0,1973,0,2014,5,5,6,68,0,285000.0
3.0,1.0,7.0825485693553,9.157677719392877,1.0,0,0,4,1190,0.0,1953,1983,2014,5,5,26,68,0,375000.0
5.0,4.25,8.169336395928386,8.977777598745481,2.0,0,0,3,3530,0.0,2001,0,2014,5,5,23,25,0,1400000.0
3.0,1.0,7.273092595999522,8.517393171418904,2.0,0,0,3,1440,0.0,1910,2006,2014,5,5,35,47,0,560000.0
4.0,1.75,7.687538766201629,9.512664721164834,1.0,0,0,3,1090,6.994849985833071,1956,2001,2014,5,5,20,67,0,405000.0
4.0,1.0,7.252053951852814,8.699681400989514,1.0,0,0,3,810,6.398594934535208,1925,2002,2014,5,5,35,61,0,413000.0
3.0,2.5,7.576097340623111,9.018210874191142,2.0,0,0,3,1950,0.0,1990,2009,2014,5,5,1,0,0,287600.0
5.0,3.25,8.488999457045455,10.074242472958618,2.0,0,2,4,3820,6.947937068614969,1989,0,2014,5,5,23,25,0,1680000.0
3.0,1.0,7.415175109613295,8.88336291691676,1.0,0,0,3,1100,6.329720905522696,1963,2008,2014,5,5,1,0,0,225000.0
3.0,1.0,7.237778191923443,9.459073694289389,1.0,0,0,4,1390,0.0,1968,0,2014,5,5,42,44,0,319000.0
3.0,2.0,7.208600337960199,9.561067663645012,1.0,0,0,3,1350,0.0,1989,0,2014,5,5,11,11,0,322500.0
3.0,2.0,7.333676395657684,8.59452453435256,1.0,0,0,4,1530,0.0,1937,0,2014,5,5,35,54,0,570000.0
3.0,1.5,7.147559271189454,8.53954159508,1.0,0,0,3,1270,0.0,1950,2005,2014,5,5,35,54,0,465000.0
4.0,2.25,7.669028288589683,8.757154527656606,2.0,0,0,3,2140,0.0,2002,0,2014,5,5,38,38,0,435000.0
4.0,2.5,7.621195162809845,8.633552992532433,2.0,0,0,3,2040,0.0,2012,1912,2014,5,5,17,16,0,502000.0
3.0,3.5,7.964503363551548,8.534443544822764,2.0,0,0,3,2360,6.248042874508429,2007,0,2014,5,5,42,41,0,525000.0
3.0,2.5,7.365812837209472,7.057897937411856,2.0,0,0,3,1010,6.3473892096560105,2008,0,2014,5,5,35,53,0,525000.0
4.0,3.5,8.131824785007195,8.555836815008442,2.0,0,0,3,3400,0.0,2012,1912,2014,5,5,38,38,0,660000.0
4.0,2.5,8.166500319155052,8.820847033377717,2.5,0,0,3,2650,6.769641976852503,2006,0,2014,5,5,35,63,0,870000.0
4.0,2.5,7.701200180857446,8.48920515487607,2.0,0,0,3,2210,0.0,2013,1923,2014,5,5,35,56,0,650000.0
4.0,2.5,7.934155233536322,8.631057447565285,2.0,0,0,3,2790,0.0,2009,0,2014,5,5,32,37,0,505000.0
3.0,2.5,7.280008252884188,8.518991573357617,1.0,0,0,3,840,6.415096959171596,2007,0,2014,5,5,35,49,0,330000.0
4.0,1.75,7.390798521735676,8.513385953073284,1.0,0,0,4,860,6.634633357861686,1947,1988,2014,5,6,35,62,0,385000.0
3.0,1.5,7.107425474110705,6.99117688712121,3.0,0,0,3,1220,0.0,2007,0,2014,5,6,35,62,0,306000.0
3.0,1.75,7.601402334583733,8.517393171418904,1.0,0,0,4,1110,6.792344427470809,1921,0,2014,5,6,35,56,0,546000.0
4.0,2.5,7.692113339595466,8.902591637374087,2.5,0,0,5,2190,0.0,1958,0,2014,5,6,23,25,0,925000.0
4.0,1.75,7.550135342488429,9.018089684104343,1.0,0,0,4,950,6.85751406254539,1955,2009,2014,5,6,3,5,0,542000.0
3.0,1.0,7.438971592395862,8.38958706681109,1.5,0,0,4,1700,0.0,1906,1990,2014,5,6,35,59,0,800000.0
5.0,2.5,7.840312983320164,8.251403065380556,2.0,0,0,5,1760,6.660575149839686,1929,0,2014,5,6,35,56,0,620000.0
2.0,1.0,7.065613363597717,9.096723645189215,1.0,0,2,3,1170,0.0,1911,1979,2014,5,6,10,73,0,175000.0
3.0,2.25,7.659642954564682,9.616072111201778,2.0,0,0,3,2120,0.0,1984,0,2014,5,6,32,37,0,345000.0
3.0,1.75,7.682943169878292,10.183427229849748,1.0,0,0,3,1450,6.580639137284949,1986,0,2014,5,6,33,42,0,510000.0
4.0,2.75,7.804251383528112,9.616005460087013,1.0,0,0,5,2450,0.0,1974,0,2014,5,6,26,68,0,530000.0
2.0,1.0,6.55250788703459,8.556606193773073,1.0,0,0,5,700,0.0,1952,1998,2014,5,6,32,34,0,155000.0
3.0,2.5,7.484930283289661,8.88391747120797,1.0,0,0,4,1400,5.942799375126701,1986,0,2014,5,6,18,18,0,266000.0
3.0,2.0,7.523481312573497,9.018089684104343,1.0,0,0,4,1150,6.55250788703459,1952,0,2014,5,6,1,1,0,257200.0
3.0,2.0,7.359467638255621,8.649448770536708,1.0,0,0,3,1570,0.0,1998,2006,2014,5,6,1,45,0,265000.0
3.0,1.0,7.1631723908466425,8.612685172875459,1.0,0,0,3,980,5.739792912179234,1951,1994,2014,5,6,35,63,0,372220.0
5.0,2.0,7.438971592395862,8.897682313454224,1.0,0,0,3,1000,6.55250788703459,1956,2001,2014,5,6,35,51,0,337500.0
2.0,1.5,7.05617528410041,8.476579508530941,1.0,0,0,3,1159,0.0,1948,1994,2014,5,6,35,74,0,582500.0
3.0,2.75,7.523481312573497,9.169622538697624,1.5,0,0,5,1850,0.0,1965,0,2014,5,6,19,22,0,489200.0
2.0,1.0,6.734591659972948,8.167068178341237,1.0,0,0,3,840,0.0,1947,2012,2014,5,6,35,74,0,405100.0
3.0,2.5,7.43307534889858,7.389563953677635,2.0,0,0,3,1150,6.293419278846481,2014,0,2014,5,6,16,17,0,372977.0
3.0,1.0,6.957497370876951,9.197964100908127,1.0,0,0,3,1050,0.0,1953,0,2014,5,6,17,16,0,310000.0
3.0,1.75,7.244941546337007,8.249575150000199,1.5,0,0,4,1100,5.707110264748875,1904,0,2014,5,6,35,56,0,538000.0
3.0,2.5,7.844240718141811,8.881975184248867,2.0,0,2,3,2550,0.0,1981,2013,2014,5,6,35,64,0,1400000.0
3.0,2.5,7.518064181233078,8.51959031601596,2.0,0,0,3,1840,0.0,2012,1912,2014,5,6,21,23,0,317000.0
3.0,1.5,7.766840537085513,8.81744592104187,2.0,0,0,5,1930,6.066108090103747,1926,0,2014,5,6,35,47,0,702500.0
4.0,2.5,7.714677473800927,9.593423529191217,2.0,0,0,4,2240,0.0,1989,0,2014,5,6,25,37,0,565000.0
4.0,2.5,7.901377353792616,8.29529885950246,2.0,0,0,3,2700,0.0,2004,2003,2014,5,6,16,17,0,723000.0
3.0,2.5,8.016647877057803,10.309219291761723,1.5,0,0,4,3030,0.0,1992,0,2014,5,6,42,44,0,766950.0
3.0,1.75,7.5126175446745105,8.54110501146255,1.5,0,2,5,1830,0.0,1903,0,2014,5,6,35,59,0,682000.0
3.0,2.5,7.7057128238944275,8.707813551024888,2.0,0,0,4,2220,0.0,1990,0,2014,5,6,18,19,0,325000.0
3.0,2.5,7.645397699428633,8.941283763647567,1.0,0,0,3,1360,6.594413459749778,1962,2014,2014,5,6,36,62,0,543000.0
3.0,1.75,7.3783837129967145,8.71948076085107,1.5,0,0,3,1600,0.0,1924,2011,2014,5,6,35,54,0,525000.0
4.0,1.75,7.606387389772652,9.062536177207788,1.0,0,0,4,1340,6.508769136971682,1957,2001,2014,5,6,36,62,0,364000.0
2.0,1.0,6.7226297948554485,8.294299608857235,1.0,0,0,3,830,0.0,1955,2005,2014,5,6,35,56,0,394475.0
4.0,2.5,7.606387389772652,8.885579291282982,2.0,0,0,3,2010,0.0,1995,0,2014,5,6,1,45,0,316000.0
3.0,1.0,6.957497370876951,8.594709633844065,1.5,0,0,4,1050,0.0,1906,1990,2014,5,6,35,64,0,339950.0
4.0,2.5,7.67368812926773,10.582789326274021,1.0,0,0,3,1420,6.594413459749778,1978,0,2014,5,6,13,14,0,486000.0
3.0,1.0,6.7580945044277305,9.38437770918244,1.0,0,0,4,860,0.0,1963,0,2014,5,6,18,18,0,160000.0
3.0,2.5,8.03947991910045,9.930810848185018,1.0,0,0,3,3100,0.0,1954,2005,2014,5,6,36,70,0,930000.0
3.0,1.0,7.00397413672268,9.760482858119124,1.0,0,0,3,1100,0.0,1978,0,2014,5,6,1,0,0,139000.0
3.0,1.5,7.5126175446745105,8.987321812850125,1.0,0,0,4,1830,0.0,1957,2001,2014,5,6,3,7,0,562000.0
2.0,1.75,7.1316985104669115,10.445695557530787,1.0,0,0,4,1250,0.0,1950,1983,2014,5,6,14,2,0,299000.0
3.0,2.5,7.507141079727608,8.493719835230594,2.0,0,0,3,1820,0.0,2005,0,2014,5,6,17,16,0,511000.0
3.0,2.0,7.645397699428633,10.661719979752007,1.5,0,0,3,2090,0.0,1959,1998,2014,5,6,30,30,0,499000.0
3.0,3.5,7.650168700845001,9.42424134192346,2.0,0,0,3,2100,0.0,1980,0,2014,5,6,40,69,0,356000.0
4.0,2.5,7.745435610274381,9.54852542660107,2.0,0,0,3,2310,0.0,1991,0,2014,5,6,11,11,0,470000.0
4.0,2.25,7.630946580890459,8.639410824140487,1.0,0,0,5,1360,6.55250788703459,1941,0,2014,5,6,35,74,0,715000.0
4.0,2.25,8.405367376233981,11.008313827670705,2.0,0,0,3,4470,0.0,1988,2000,2014,5,6,42,41,0,1120000.0
3.0,1.0,7.415175109613295,8.922791623969637,1.0,0,0,4,1060,6.398594934535208,1940,2001,2014,5,6,35,60,0,458000.0
5.0,4.5,8.24564690087386,8.98969370086056,2.0,0,0,3,3810,0.0,2008,0,2014,5,6,33,43,0,966000.0
3.0,1.75,7.65491704784832,9.23024103368252,2.0,0,0,4,2110,0.0,1966,0,2014,5,6,32,37,0,305495.0
3.0,2.25,7.58629630715272,8.220672170297252,2.0,0,0,3,1970,0.0,1997,0,2014,5,6,32,34,0,340000.0
4.0,2.5,7.81237820598861,10.413492839918217,2.0,0,0,3,2470,0.0,1993,0,2014,5,6,31,32,0,633100.0
3.0,1.0,7.300472814267799,8.965845494750937,1.0,0,0,3,1480,0.0,1952,2008,2014,5,6,36,62,0,310000.0
5.0,3.0,7.722234744709607,9.222071294851881,1.0,0,0,3,1363,6.796823718274855,2005,0,2014,5,6,34,72,0,349950.0
2.0,1.0,6.55250788703459,8.699681400989514,1.0,0,0,4,700,0.0,1949,1985,2014,5,6,36,67,0,267800.0
4.0,2.0,7.396948602621014,9.106201332235038,1.0,0,0,4,1050,6.364750756851911,1975,0,2014,5,6,1,45,0,234000.0
4.0,2.5,8.14060704285845,9.22601685136119,2.0,0,0,3,3430,0.0,2000,0,2014,5,6,19,22,0,740000.0
5.0,1.75,7.7057128238944275,8.699681400989514,1.5,0,0,3,1420,6.68586094706836,1923,1998,2014,5,6,35,74,0,607500.0
3.0,1.75,7.201170883281678,8.91918561004543,1.0,0,0,4,1340,0.0,1973,0,2014,5,6,1,1,0,223000.0
2.0,1.0,6.8885724595653635,7.664346632098617,1.0,0,0,4,860,4.795790545596741,1918,1974,2014,5,6,35,56,0,400000.0
3.0,2.5,7.855932199718614,9.480138475329403,2.0,0,0,3,2580,0.0,1986,0,2014,5,6,31,31,0,802000.0
4.0,2.5,7.7102051944325325,8.421122722665503,2.0,0,0,3,2230,0.0,2006,0,2014,5,6,9,26,0,253000.0
4.0,2.0,7.736743682453495,9.318117964149614,1.0,0,0,4,2290,0.0,1955,2009,2014,5,6,3,3,0,1058000.0
3.0,1.0,7.13966033596492,9.0217190130337,1.0,0,0,3,1260,0.0,1946,0,2014,5,6,35,54,0,300000.0
4.0,2.75,7.427144133408616,9.321971188147367,1.0,0,0,4,1680,0.0,1966,0,2014,5,6,31,31,0,625000.0
4.0,3.25,8.071218539969863,8.86531163267185,2.0,0,0,3,3200,0.0,2004,2003,2014,5,6,33,43,0,707000.0
4.0,2.5,8.108021221376747,8.941807118363164,2.0,0,0,3,3320,0.0,1995,0,2014,5,6,3,5,0,950000.0
4.0,2.5,8.019941687677365,10.090962474570878,2.0,0,0,3,3040,0.0,1999,0,2014,5,6,1,45,0,420000.0
4.0,2.75,7.7279755421055585,8.90598676523643,1.0,0,0,4,1290,6.8885724595653635,1973,0,2014,5,6,19,22,0,498000.0
3.0,2.5,7.976251943745623,9.751093661983862,2.0,0,0,3,2910,0.0,1989,0,2014,5,6,14,2,0,450000.0
5.0,2.25,7.828436359157585,9.199077179697472,2.0,0,0,3,2510,0.0,1972,2002,2014,5,6,23,25,0,955000.0
2.0,1.0,7.123672785204607,8.881975184248867,1.0,0,0,3,1240,0.0,1967,2011,2014,5,6,40,69,0,215000.0
3.0,2.75,7.855932199718614,8.556606193773073,2.0,0,0,3,2580,0.0,2008,0,2014,5,6,32,37,0,437000.0
3.0,2.75,7.81237820598861,8.188966863648876,2.0,0,0,3,2470,0.0,2007,0,2014,5,6,16,17,0,773000.0
4.0,3.5,8.499232866039245,9.15324077993561,1.5,0,0,3,3110,7.496097345175956,2007,0,2014,5,6,33,42,0,1222500.0
3.0,2.5,7.43307534889858,8.522379718103538,2.0,0,0,3,1690,0.0,2003,0,2014,5,4,14,13,0,256883.0
4.0,2.5,7.714677473800927,9.395408154438163,1.0,0,0,3,2240,0.0,1983,2009,2014,5,4,33,42,0,592500.0
3.0,2.0,7.409136443920128,8.902863672196222,1.0,0,0,3,1160,6.19644412779452,1979,2014,2014,5,4,32,36,0,252350.0
4.0,2.5,7.905072849498666,8.679482094459956,2.0,0,0,3,2710,0.0,1998,2006,2014,5,4,1,45,0,370000.0
3.0,1.5,7.13966033596492,9.24483841238375,1.0,0,0,3,1260,0.0,1959,1989,2014,5,4,3,7,0,465750.0
3.0,1.0,7.048386408721883,8.999742789830492,1.0,0,0,3,1150,0.0,1932,0,2014,5,4,35,69,0,185000.0
4.0,2.75,7.844240718141811,8.940760134888384,1.0,0,0,3,1440,7.01301578963963,1986,0,2014,5,4,33,42,0,582800.0
3.0,1.75,7.307202314764738,8.843759381917984,1.0,0,0,4,1490,0.0,1990,0,2014,5,4,18,18,0,245000.0
4.0,1.75,7.611347717403621,8.970304952991755,1.0,0,0,4,1010,6.918695219020472,1963,0,2014,5,4,32,37,0,302000.0
2.0,1.0,7.186144304522325,8.416488487294606,1.0,0,1,3,1320,0.0,1912,1971,2014,5,4,35,55,0,451555.0
3.0,1.0,7.115582126184454,9.24483841238375,1.0,0,0,4,1230,0.0,1957,2001,2014,5,4,32,33,0,250000.0
4.0,2.5,7.635786861395585,8.962007209588313,2.0,0,0,3,2070,0.0,1989,0,2014,5,4,14,2,0,255000.0
4.0,1.75,7.983098940710892,9.355565624128962,1.0,0,3,3,1670,7.13966033596492,1947,2012,2014,5,4,35,56,0,840000.0
3.0,1.0,6.994849985833071,9.050288983827956,1.0,0,0,3,1090,0.0,1967,2011,2014,5,4,14,2,0,190000.0
3.0,1.0,7.244941546337007,8.863191340690854,1.0,0,0,3,1400,0.0,1957,2000,2014,5,4,35,60,0,349950.0
4.0,2.0,7.346655163176539,8.479698986988657,1.5,0,0,3,1550,0.0,1909,2004,2014,5,4,35,47,0,613000.0
3.0,1.0,7.107425474110705,9.472781556562168,1.0,0,0,4,1220,0.0,1955,2009,2014,5,4,36,62,0,300000.0
3.0,2.5,7.534228326274089,8.901775088607979,1.0,0,0,3,1470,5.993961427306569,1980,0,2014,5,4,19,22,0,455000.0
3.0,2.25,7.67368812926773,10.324727579759655,2.0,0,0,3,2150,0.0,1991,0,2014,5,4,40,72,0,335000.0
3.0,1.0,6.8885724595653635,8.036249942132116,1.5,0,0,3,980,0.0,1903,2005,2014,5,4,35,57,0,197500.0
3.0,1.5,7.307202314764738,9.04499391938819,1.0,0,0,4,1490,0.0,1963,0,2014,5,4,31,31,0,412500.0
3.0,1.5,7.02197642307216,8.853808274977197,1.0,0,0,3,1120,0.0,1955,2005,2014,5,4,3,6,0,395300.0
3.0,2.25,7.074116816197362,9.172742341560864,2.0,0,0,3,1180,0.0,1986,0,2014,5,4,17,16,0,342400.0
4.0,2.5,8.083637203141548,9.918474682344376,2.0,0,0,3,3240,0.0,1985,0,2014,5,4,31,31,0,749400.0
4.0,2.5,7.67368812926773,8.82585367025321,2.0,0,0,4,2150,0.0,1991,0,2014,5,4,18,19,0,316500.0
3.0,2.5,7.714677473800927,9.287394001418473,2.0,0,0,3,2240,0.0,1996,0,2014,5,4,17,16,0,390000.0
3.0,2.0,7.244941546337007,8.90720619496548,1.0,0,0,3,1150,5.5254529391317835,1979,2014,2014,5,4,32,36,0,225000.0
3.0,2.25,7.591357046698551,10.618591900448115,1.0,0,0,4,1980,0.0,1980,0,2014,5,4,31,32,0,550000.0
3.0,1.0,7.193685818395112,9.931248623321519,1.5,0,0,3,1330,0.0,1959,1989,2014,5,4,27,27,0,280000.0
4.0,2.5,8.071218539969863,8.927446816256198,2.0,0,0,3,3200,0.0,2006,0,2014,5,4,35,48,0,1255000.0
2.0,1.0,7.307202314764738,8.699681400989514,1.0,0,0,3,1090,5.993961427306569,1946,0,2014,5,4,35,53,0,575000.0
5.0,4.25,8.27410200229233,9.696401880595555,2.0,0,0,3,2900,6.928537818164665,1990,2009,2014,5,4,3,3,0,1000000.0
5.0,1.75,7.601402334583733,8.229777750081887,2.0,0,0,4,2000,0.0,1921,0,2014,5,4,35,47,0,585000.0
4.0,2.5,7.893945138235959,9.12543586488574,2.0,0,0,3,2680,0.0,1989,0,2014,5,4,16,17,0,620000.0
4.0,2.0,7.421177528595393,9.209139651399664,1.0,0,0,3,1670,0.0,1967,2011,2014,5,4,1,0,0,204700.0
4.0,3.0,8.055475141757274,9.11943049661634,2.0,0,0,3,3150,0.0,2001,0,2014,5,4,33,43,0,695000.0
4.0,3.25,7.916078096302786,8.891098830616636,2.0,0,0,3,2060,6.523562306149512,2003,0,2014,5,4,16,15,0,689900.0
4.0,1.75,7.544861068658458,8.987321812850125,1.0,0,0,4,1250,6.46302945692067,1960,2001,2014,5,4,36,62,0,375000.0
7.0,3.5,7.962415680121064,10.298902324790792,1.0,0,0,3,1520,7.208600337960199,1961,2004,2014,5,4,35,60,0,475000.0
3.0,1.0,7.057036981697891,9.248117736310213,1.0,0,0,4,1160,0.0,1969,0,2014,5,4,21,23,0,215000.0
4.0,1.75,8.174984532943087,9.8967650067753,2.0,0,0,3,3550,0.0,1962,2002,2014,5,4,22,24,0,2100000.0
3.0,1.75,7.490529402060711,8.718990524710849,1.0,0,2,3,1350,6.089044875446846,1940,1996,2014,5,4,35,74,0,790000.0
3.0,2.5,8.4252971767117,9.77696014606437,2.0,0,0,4,3800,6.634633357861686,1986,0,2014,5,4,33,42,0,695000.0
3.0,2.25,7.372118028337787,8.95531908176395,2.0,0,0,4,1590,0.0,1991,0,2014,5,4,14,2,0,263000.0
3.0,1.0,7.396948602621014,9.240384493324559,1.0,0,0,5,1630,0.0,1953,0,2014,5,4,36,67,0,400000.0
3.0,2.5,7.901377353792616,8.913953858894255,2.0,0,0,3,2700,0.0,1991,0,2014,5,4,42,41,0,525000.0
3.0,2.5,7.438971592395862,8.922258219503062,2.0,0,0,3,1700,0.0,1994,0,2014,5,4,32,33,0,349950.0
4.0,3.25,8.227108234348146,9.399389249519563,1.0,0,0,3,2000,7.462214939768189,1988,2000,2014,5,4,42,44,0,1085000.0
4.0,3.0,7.591357046698551,8.585412430393381,2.5,0,0,3,1980,0.0,1941,2005,2014,5,4,35,63,0,744000.0
2.0,1.0,6.78105762593618,8.75557997214314,1.0,0,0,3,880,0.0,1919,2001,2014,5,4,35,49,0,312500.0
3.0,2.0,7.244941546337007,8.732465848349879,1.0,0,0,3,700,6.55250788703459,1948,1994,2014,5,4,36,62,0,240000.0
4.0,2.0,7.62608275807238,8.294299608857235,1.5,0,0,5,1210,6.734591659972948,1941,0,2014,5,4,35,64,0,495000.0
3.0,2.5,7.766840537085513,8.442254104751743,2.0,0,3,3,2360,0.0,1996,0,2014,5,4,35,54,0,580050.0
4.0,2.0,7.848153086199526,8.961750799330497,1.0,0,0,4,1890,6.508769136971682,1947,1988,2014,5,4,35,54,0,640000.0
3.0,1.5,7.201170883281678,9.232590980911002,1.0,0,0,4,1340,0.0,1956,0,2014,5,4,3,5,0,417000.0
3.0,1.0,6.966967138613983,8.556606193773073,1.0,0,0,5,1060,0.0,1970,0,2014,5,4,9,26,0,174950.0
3.0,1.5,6.7464121285733745,7.824445930877619,1.0,0,0,3,850,0.0,1986,0,2014,5,4,35,49,0,295000.0
4.0,1.75,7.53955882930103,8.896177422274805,1.0,0,0,3,1010,6.769641976852503,1976,0,2014,5,4,19,22,0,423000.0
3.0,1.0,7.115582126184454,9.417842227300435,1.0,0,0,3,1230,0.0,1955,1990,2014,5,4,3,3,0,839000.0
4.0,1.75,7.736743682453495,9.239025005836092,1.0,0,0,3,1340,6.85751406254539,1960,2012,2014,5,4,35,65,0,343000.0
3.0,1.0,7.415175109613295,8.792245847467877,1.0,0,0,5,1000,6.493753839851686,1946,0,2014,5,4,35,62,0,467000.0
3.0,2.5,7.518064181233078,7.964155718840937,2.0,0,0,4,1840,0.0,1997,0,2014,5,4,35,55,0,512500.0
4.0,2.5,8.013343181386672,9.787571522938785,1.0,0,0,3,1600,7.259116128097101,1979,2014,2014,5,4,20,67,0,575000.0
3.0,1.75,7.252053951852814,8.837390855544697,1.0,0,0,3,1410,0.0,1924,2013,2014,5,4,35,62,0,465000.0
3.0,1.0,6.918695219020472,9.16062477973025,1.0,0,0,3,1010,0.0,1969,2010,2014,5,4,32,37,0,270000.0
3.0,1.75,7.581209826196346,9.004176840696656,1.0,0,0,3,980,6.8885724595653635,1948,1994,2014,5,4,35,49,0,340000.0
5.0,3.75,8.183397369998433,9.566335084610051,2.0,0,0,3,3190,5.968707559985366,1999,0,2014,5,4,16,15,0,765000.0
4.0,2.5,7.714677473800927,8.881975184248867,2.0,0,0,3,2240,0.0,1995,0,2014,5,4,35,57,0,497000.0
4.0,2.5,8.105005537547246,8.595079730073309,2.0,0,0,3,3310,0.0,2004,2003,2014,5,4,31,31,0,803100.0
3.0,2.5,7.117205503164344,7.030857476116121,3.0,0,0,3,1232,0.0,2007,0,2014,5,4,35,60,0,344000.0
4.0,3.5,8.27664912542186,8.644882552557126,2.0,0,1,3,2820,7.01301578963963,2013,1923,2014,5,4,16,15,0,828950.0
3.0,2.5,7.450660796211539,8.188966863648876,2.0,0,0,3,1720,0.0,2010,0,2014,5,4,31,32,0,386380.0
3.0,2.25,7.307202314764738,6.882437470997847,2.0,0,0,3,1220,5.602118820879701,2009,0,2014,5,4,35,49,0,312000.0
4.0,2.5,8.281723990411392,9.292565312231853,3.0,0,0,3,3950,0.0,2013,1923,2014,5,4,33,43,0,914500.0
5.0,2.75,8.016647877057803,9.243388226022383,2.0,0,0,3,3030,0.0,2013,1923,2014,5,4,25,34,0,819995.0
2.0,1.5,6.976348070447749,9.174091239301061,1.0,0,0,3,1070,0.0,1985,0,2014,5,0,18,18,0,252700.0
3.0,2.5,7.749753406274437,10.514556622060466,2.0,0,2,3,2320,0.0,1992,0,2014,5,0,27,27,0,437500.0
1.0,1.0,6.55250788703459,8.537191877922927,1.0,0,0,3,700,0.0,1942,1999,2014,5,0,35,54,0,350000.0
3.0,2.5,7.908754738783246,8.770283819098399,2.0,0,0,3,2720,0.0,2005,0,2014,5,0,38,38,0,619000.0
3.0,2.5,7.496097345175956,8.659039915644474,2.0,0,0,4,1800,0.0,1990,0,2014,5,0,35,49,0,408200.0
3.0,1.75,7.353081920515432,8.306472160100585,1.5,0,2,3,1000,6.329720905522696,1926,2003,2014,5,0,35,61,0,451000.0
3.0,2.0,7.473637108496206,9.34233308143468,1.0,0,0,5,1060,6.55250788703459,1977,0,2014,5,0,32,36,0,317000.0
4.0,3.25,8.045908742270779,8.517393171418904,2.0,0,0,3,2370,6.621405651764134,2005,0,2014,5,0,35,54,0,799000.0
2.0,1.0,7.611347717403621,8.881975184248867,1.0,0,3,4,1700,5.771441123130016,1947,1988,2014,5,0,35,65,0,720000.0
3.0,2.0,7.280008252884188,7.783640596221253,1.5,0,0,3,1450,0.0,1900,2003,2014,5,0,35,50,0,490000.0
4.0,2.25,7.528869256642251,8.853808274977197,1.0,0,0,3,1120,6.608000625296087,1979,2014,2014,5,0,14,13,0,239900.0
4.0,2.25,7.7279755421055585,8.962007209588313,1.0,0,0,3,1290,6.8885724595653635,1977,2004,2014,5,0,19,22,0,446000.0
3.0,2.5,7.300472814267799,9.657587014099303,2.0,0,0,3,1480,0.0,1987,2000,2014,5,0,27,27,0,275000.0
5.0,1.0,7.2868764117507,8.704999678440762,2.0,0,0,4,1460,0.0,1941,1998,2014,5,0,40,69,0,239950.0
4.0,3.5,7.523481312573497,8.782629654920699,2.0,0,0,3,1130,6.580639137284949,1986,0,2014,5,0,14,13,0,248000.0
3.0,2.5,7.682943169878292,8.517393171418904,2.0,0,0,3,2170,0.0,2003,0,2014,5,0,16,17,0,619500.0
3.0,1.75,7.074116816197362,9.263122557415151,1.0,0,0,4,940,5.484796933490655,1981,0,2014,5,0,33,42,0,385000.0
4.0,1.5,7.223295679562314,9.206131527202128,1.0,0,0,3,900,6.154858094016418,1972,2002,2014,5,0,19,22,0,370000.0
3.0,2.5,7.890208213109961,9.4894104675794,1.0,0,0,4,2670,0.0,1988,0,2014,5,0,18,26,0,425000.0
3.0,1.0,7.13966033596492,8.82864061741828,1.0,0,0,3,720,6.293419278846481,1944,0,2014,5,0,35,60,0,342000.0
4.0,1.0,7.591357046698551,8.98619632032839,1.5,0,0,3,1980,0.0,1962,2003,2014,5,0,32,36,0,345000.0
3.0,2.0,7.62608275807238,8.277411998949004,1.0,0,0,3,1180,6.769641976852503,1926,2001,2014,5,0,35,53,0,724800.0
5.0,2.75,7.9483852851118995,8.577535420422398,2.0,0,0,3,2830,0.0,2006,0,2014,5,0,31,31,0,725000.0
2.0,1.0,6.814542897259958,8.188966863648876,1.0,0,0,4,910,0.0,1909,1989,2014,5,0,35,58,0,605000.0
4.0,2.5,7.80016307039296,8.294299608857235,2.0,0,0,3,2440,0.0,2009,0,2014,5,0,21,23,0,350000.0
3.0,2.0,7.687538766201629,8.601718146485926,1.0,0,0,5,1100,6.985641817639208,1904,0,2014,5,0,35,47,0,785000.0
3.0,2.0,7.550135342488429,8.804024902413179,1.0,0,0,5,950,6.85751406254539,1966,0,2014,5,0,21,23,0,250000.0
3.0,2.25,7.327123292259293,7.108244139731541,3.0,0,0,3,1520,0.0,2013,1923,2014,5,0,35,50,0,565000.0
3.0,2.0,7.7057128238944275,8.801168401936692,1.0,0,2,4,1220,6.90875477931522,1947,1988,2014,5,0,35,74,0,875000.0
4.0,2.75,8.0959035329611,10.10401732897875,2.0,0,0,3,3280,0.0,1996,0,2014,5,0,42,44,0,862500.0
3.0,2.5,7.916078096302786,11.3290026268093,2.0,0,4,3,2740,0.0,1973,2013,2014,5,0,18,20,0,400000.0
2.0,1.0,6.7226297948554485,8.70251025718999,1.0,0,0,4,830,0.0,1954,1979,2014,5,0,36,62,0,282613.0
2.0,1.0,6.918695219020472,8.556606193773073,1.0,0,0,3,1010,0.0,1955,2005,2014,5,0,10,73,0,174500.0
3.0,2.25,7.630946580890459,10.555239657729688,1.0,0,0,4,1560,6.2166061010848646,1978,2000,2014,5,0,14,2,0,306500.0
3.0,2.25,7.596392304064196,8.901230352110781,2.0,0,0,3,1990,0.0,1984,0,2014,5,0,42,41,0,445000.0
4.0,2.5,7.732369222284388,8.931816237309167,2.0,0,0,4,2280,0.0,2001,0,2014,5,0,32,34,0,433000.0
3.0,2.5,7.534228326274089,8.67846133901236,2.0,0,0,3,1870,0.0,2005,0,2014,5,0,18,26,0,306000.0
3.0,2.25,7.450660796211539,8.294299608857235,1.5,0,0,4,1450,5.602118820879701,1921,0,2014,5,0,35,48,0,620000.0
2.0,1.0,6.769641976852503,8.724369949208368,1.0,0,0,3,870,0.0,1941,1994,2014,5,0,35,49,0,245000.0
3.0,2.0,6.928537818164665,7.094234845924755,2.0,0,0,3,720,5.707110264748875,2004,2003,2014,5,0,35,61,0,238000.0
3.0,1.5,7.13966033596492,8.0507033814703,1.5,0,0,3,1260,0.0,1931,0,2014,5,0,35,55,0,523000.0
3.0,2.5,7.771067086065406,8.971575439759016,2.0,0,0,3,2370,0.0,2003,0,2014,5,0,38,38,0,522500.0
3.0,1.0,6.90875477931522,9.826282481627157,1.0,0,0,3,1000,0.0,1940,1996,2014,5,0,35,65,0,180000.0
3.0,1.5,7.00397413672268,7.468513271496337,2.0,0,0,3,940,5.081404364984463,2007,0,2014,5,0,35,64,0,375000.0
3.0,2.25,7.273092595999522,8.945593270806897,1.0,0,0,3,940,6.2166061010848646,1982,0,2014,5,0,18,19,0,249000.0
4.0,2.5,8.045908742270779,9.568084743872936,2.0,0,0,3,3120,0.0,2003,0,2014,5,0,16,15,0,730100.0
2.0,2.0,7.72356247227797,9.170039075202657,1.0,0,0,3,2260,0.0,1990,2009,2014,5,0,5,9,0,551000.0
4.0,2.5,7.934155233536322,8.981807323377534,2.0,0,0,3,2790,0.0,2005,0,2014,5,0,10,73,0,375000.0
1.0,1.0,7.039660349862076,8.81001204797317,1.5,0,0,3,1140,0.0,1920,1979,2014,5,0,35,47,0,540000.0
3.0,2.25,7.1631723908466425,7.824445930877619,2.0,0,0,4,1290,0.0,1987,0,2014,5,0,35,53,0,605000.0
5.0,1.75,7.456454555176209,8.556606193773073,1.0,0,0,4,1050,6.523562306149512,1978,2000,2014,5,0,9,26,0,205000.0
4.0,2.5,8.058643712215618,9.33970057728189,2.0,0,0,3,3160,0.0,1983,2009,2014,5,0,33,42,0,645000.0
4.0,2.5,7.75833346749091,9.103979355984773,2.0,0,0,3,2340,0.0,2003,0,2014,5,0,21,23,0,314000.0
3.0,1.5,7.065613363597717,8.507344855361422,1.0,0,0,4,1170,0.0,1960,2001,2014,5,0,3,6,0,330000.0
2.0,1.0,7.057036981697891,8.517393171418904,1.0,0,0,4,1160,0.0,1937,0,2014,5,0,35,56,0,490000.0
3.0,3.0,7.58629630715272,10.099013216813665,1.0,0,0,3,1970,0.0,2010,0,2014,5,0,17,16,0,445000.0
5.0,4.25,8.778171881033469,9.293117798433752,2.0,0,3,4,3940,7.844240718141811,1991,0,2014,5,0,23,25,0,2000000.0
3.0,2.25,7.252053951852814,7.228388451573604,2.0,0,0,3,1290,4.795790545596741,2005,0,2014,5,0,16,15,0,377500.0
4.0,2.5,7.796057974316123,8.517393171418904,2.0,0,0,3,2430,0.0,2009,0,2014,5,0,38,38,0,480000.0
5.0,1.5,8.119993827725105,8.594709633844065,2.0,0,0,3,3360,0.0,2014,0,2014,5,0,33,42,0,804995.0
3.0,2.5,7.300472814267799,7.416979621381154,2.0,0,0,3,1180,5.707110264748875,2012,1912,2014,5,0,35,61,0,341000.0
5.0,2.5,8.071218539969863,8.772765209949785,2.0,0,0,3,3200,0.0,2009,0,2014,5,0,38,38,0,675000.0
3.0,2.5,7.666221925662725,7.59337419312129,2.5,0,0,3,2134,0.0,2008,0,2014,5,0,16,17,0,611000.0
3.0,3.25,7.528869256642251,7.488852955733459,3.0,0,0,3,1860,0.0,2007,0,2014,5,0,36,67,0,379950.0
4.0,3.0,8.616314282284044,9.025696119812583,2.0,0,3,3,3570,7.576097340623111,2008,0,2014,5,0,3,5,0,1270000.0
2.0,2.5,7.1785454837637,7.313886831633462,2.0,0,0,3,1160,5.017279836814924,2006,0,2014,5,0,35,59,0,500000.0
3.0,2.0,7.438971592395862,8.35490952835879,1.0,0,0,3,890,6.698268054115413,1944,0,2014,5,2,35,74,0,410000.0
3.0,2.5,7.816416983691801,9.029178142902074,2.0,0,0,3,2480,0.0,1986,0,2014,5,3,32,36,0,415000.0
5.0,2.5,7.58629630715272,9.060214913398545,2.0,0,0,4,1970,0.0,1994,0,2014,5,3,12,12,0,297000.0
4.0,2.5,7.630946580890459,8.919453168575453,1.0,0,0,3,1440,6.431331081933479,1985,0,2014,5,3,31,31,0,575550.0
3.0,2.5,7.664346632098617,8.160803920954665,1.0,0,0,4,1210,6.825460036255307,1994,0,2014,5,3,42,41,0,534640.0
3.0,2.25,7.252053951852814,9.55470991405776,1.0,0,2,3,1170,5.484796933490655,1987,2000,2014,5,3,38,38,0,352500.0
2.0,2.0,7.215975002651466,8.452974619089586,1.0,0,0,3,780,6.364750756851911,1944,0,2014,5,3,35,54,0,488000.0
3.0,2.0,7.57095858316901,10.928758241978418,1.0,0,0,5,1940,0.0,1954,0,2014,5,3,3,6,0,732000.0
2.0,2.25,7.384610383176974,7.621195162809845,2.0,0,0,4,1610,0.0,1979,0,2014,5,1,32,34,0,215000.0
2.0,2.0,7.259116128097101,9.126088819528592,1.5,0,2,5,1420,0.0,1928,1970,2014,5,1,35,54,0,592500.0
4.0,2.5,7.438971592395862,8.893023494394711,2.0,0,0,4,1700,0.0,1988,0,2014,5,1,18,19,0,290000.0
2.0,1.0,7.307202314764738,8.249575150000199,1.0,0,0,3,860,6.447305862541213,1929,0,2014,5,1,35,56,0,475000.0
3.0,2.5,7.893945138235959,8.956479847999912,2.0,0,0,3,2680,0.0,1990,2009,2014,5,1,14,13,0,320000.0
4.0,2.5,8.068089626278244,9.069352678675205,1.0,0,3,5,1680,7.32052696227274,1967,0,2014,5,1,3,5,0,1216000.0
5.0,1.5,7.659642954564682,8.94910546953925,1.5,0,0,5,2120,0.0,1962,0,2014,5,1,32,36,0,290000.0
4.0,2.0,7.43307534889858,8.086717920303906,1.5,0,0,3,1550,4.948759890378168,1901,0,2014,5,1,35,47,0,487250.0
4.0,2.5,7.5126175446745105,9.059750013343681,2.0,0,0,3,1830,0.0,2003,0,2014,5,1,21,23,0,339000.0
2.0,1.5,6.918695219020472,7.585281078639126,1.5,0,0,5,1010,0.0,1906,0,2014,5,1,35,50,0,440000.0
4.0,2.75,7.635786861395585,9.137877200242468,1.0,0,0,5,1120,6.85751406254539,1945,0,2014,5,1,36,67,0,366500.0
3.0,1.5,7.444833273892193,8.412054873292933,1.5,0,0,3,1410,5.707110264748875,1928,1954,2014,5,1,35,57,0,462000.0
4.0,1.0,7.415175109613295,8.453401058328458,1.5,0,0,3,1260,5.993961427306569,1945,2010,2014,5,1,35,56,0,560000.0
4.0,1.75,7.640603826393634,9.520028524690579,1.0,0,0,4,1040,6.947937068614969,1955,2009,2014,5,1,35,71,0,285000.0
3.0,2.5,7.147559271189454,9.177403871729918,2.0,0,0,3,1270,0.0,1993,0,2014,5,1,27,27,0,280000.0
3.0,1.0,6.985641817639208,9.954370762850697,1.0,0,0,3,1080,0.0,1942,1999,2014,5,1,35,49,0,210000.0
3.0,2.0,7.384610383176974,8.537191877922927,1.5,0,0,5,1610,0.0,1940,0,2014,5,1,35,54,0,690000.0
2.0,1.0,7.02197642307216,9.201602306032898,1.0,0,0,4,1120,0.0,1980,0,2014,5,1,41,40,0,256500.0
4.0,2.75,7.824445930877619,8.567506005289827,2.0,0,0,3,2500,0.0,1966,1963,2014,5,1,35,57,0,411000.0
3.0,1.0,6.878326468291325,8.892336539638013,1.0,0,0,4,970,0.0,1970,0,2014,5,1,18,19,0,215000.0
5.0,2.0,8.12296471523406,8.517393171418904,1.5,0,0,4,2140,7.115582126184454,1907,0,2014,5,1,35,52,0,762000.0
4.0,3.5,8.134760782418645,9.284519770150434,2.0,0,0,3,3410,0.0,2008,0,2014,5,1,3,3,0,1405000.0
4.0,2.5,7.820439515262181,9.022925868116218,2.0,0,0,3,2490,0.0,1999,0,2014,5,1,1,45,0,390000.0
2.0,1.0,6.647688373563329,8.294299608857235,1.0,0,0,5,770,0.0,1924,1956,2014,5,1,35,56,0,413500.0
1.0,1.5,6.698268054115413,8.074649075066652,2.0,0,0,4,810,0.0,1982,2011,2014,5,1,19,21,0,285000.0
4.0,2.5,8.026496938945412,9.214730720277476,1.0,0,0,4,1700,7.215975002651466,1968,0,2014,5,1,36,62,0,475000.0
3.0,2.5,7.43307534889858,7.3864708488298945,2.0,0,0,3,1150,6.293419278846481,2014,0,2014,5,1,16,17,0,386591.0
3.0,1.75,7.544861068658458,8.249575150000199,1.0,0,0,3,1290,6.398594934535208,1974,0,2014,5,1,35,56,0,524950.0
2.0,2.0,7.293697720601438,8.048468743668883,2.0,0,0,3,1470,0.0,2005,0,2014,5,1,21,23,0,241000.0
2.0,1.0,6.966967138613983,8.881002624255569,1.0,0,0,3,1060,0.0,1926,2003,2014,5,1,35,62,0,461000.0
4.0,2.5,8.15507488781144,10.989402908557974,2.0,0,0,3,3480,0.0,1988,2000,2014,5,1,42,41,0,810000.0
4.0,2.75,7.912423121473705,8.177796683277778,1.5,0,0,3,1550,7.074116816197362,1921,2007,2014,5,1,35,54,0,885000.0
3.0,2.25,7.365812837209472,8.979920411691197,2.0,0,0,4,1580,0.0,1986,0,2014,5,1,14,13,0,247000.0
3.0,2.75,7.682943169878292,8.974744612722734,1.0,0,0,4,1380,6.673297967767654,1978,2000,2014,5,1,18,20,0,296500.0
2.0,1.0,6.836259277277067,8.464635940677562,1.0,0,0,4,930,0.0,1942,1982,2014,5,1,32,34,0,141800.0
4.0,2.0,7.365812837209472,8.962007209588313,2.0,0,0,2,1580,0.0,1906,0,2014,5,1,35,64,0,333000.0
5.0,1.75,8.098946748943339,9.38437770918244,1.5,0,0,3,3290,0.0,1973,2013,2014,5,1,31,31,0,602000.0
4.0,2.25,7.65491704784832,9.277905558138606,2.0,0,0,4,2110,0.0,1979,0,2014,5,1,16,15,0,565000.0
3.0,2.5,7.421177528595393,8.179199798423086,2.0,0,0,3,1670,0.0,1999,0,2014,5,1,42,41,0,373000.0
3.0,2.25,7.616283561580385,8.902591637374087,1.0,0,0,4,1190,6.734591659972948,1977,0,2014,5,1,31,31,0,588000.0
3.0,1.0,7.313886831633462,8.31898612539206,1.5,0,0,3,1370,4.875197323201151,1926,2003,2014,5,1,35,50,0,485000.0
3.0,2.25,7.280008252884188,7.27655640271871,2.0,0,0,3,980,6.154858094016418,2005,0,2014,5,1,35,59,0,482500.0
4.0,1.5,7.1785454837637,9.018089684104343,1.0,0,0,3,1060,5.5254529391317835,1953,0,2014,5,1,10,66,0,251200.0
5.0,3.25,8.338305731356565,10.804116272920615,2.0,0,0,4,2880,7.170888478512505,1979,0,2014,5,1,16,15,0,869000.0
3.0,1.75,7.396948602621014,10.261196961231647,1.0,0,0,3,1630,0.0,1967,2011,2014,5,1,42,41,0,464000.0
4.0,2.5,7.886457270977689,9.254644297532707,2.0,0,0,3,2660,0.0,1993,0,2014,5,1,31,31,0,755000.0
3.0,2.5,7.450660796211539,7.558516743045645,2.0,0,0,3,1720,0.0,2005,0,2014,5,1,32,34,0,280000.0
2.0,2.25,7.13966033596492,7.123672785204607,3.0,0,0,3,1260,0.0,2004,2003,2014,5,1,35,47,0,485000.0
3.0,1.75,7.384610383176974,9.41311793733752,1.0,0,0,3,1610,0.0,1981,2013,2014,5,1,32,36,0,305000.0
2.0,1.0,6.523562306149512,8.99528899055931,1.0,0,0,3,680,0.0,1941,1994,2014,5,1,34,72,0,110700.0
4.0,3.5,7.878912912297133,8.682877107057168,2.0,0,2,3,2640,0.0,1937,1998,2014,5,1,35,63,0,850000.0
3.0,2.25,7.403061091090091,8.881975184248867,2.0,0,0,4,1640,0.0,1985,0,2014,5,1,3,6,0,350000.0
4.0,1.75,7.745435610274381,8.992930352509733,1.0,0,0,4,1650,6.493753839851686,1976,1992,2014,5,1,32,36,0,319950.0
3.0,1.75,7.606387389772652,8.498214224818435,1.0,0,0,5,1230,6.660575149839686,1912,0,2014,5,1,35,59,0,700000.0
2.0,1.5,7.415175109613295,8.45126704130007,1.0,0,0,5,830,6.7226297948554485,1908,0,2014,5,1,35,65,0,368000.0
3.0,2.5,7.696667081526462,8.119993827725105,2.0,0,0,3,2200,0.0,2009,0,2014,5,1,35,57,0,433500.0
4.0,2.5,7.8083230503910555,8.343077871169383,2.0,0,0,3,2460,0.0,1998,2006,2014,5,1,31,42,0,611000.0
2.0,1.75,7.796057974316123,10.060534035475412,1.0,0,4,3,2430,0.0,1951,1994,2014,5,1,36,70,0,1000000.0
3.0,1.0,7.223295679562314,8.922791623969637,1.0,0,0,3,1370,0.0,1960,2012,2014,5,1,7,10,0,307000.0
3.0,1.75,7.496097345175956,9.23024103368252,1.0,0,0,3,1800,0.0,1967,2011,2014,5,1,32,36,0,442500.0
3.0,1.75,7.696667081526462,8.949884285777994,2.0,0,2,3,2200,0.0,1908,1988,2014,5,1,10,73,0,485000.0
2.0,1.0,6.55250788703459,7.755767170102998,1.0,0,0,3,700,0.0,1945,2010,2014,5,1,35,56,0,367000.0
3.0,2.5,7.560601162768557,9.624104282899042,2.0,0,0,3,1920,0.0,1995,0,2014,5,1,27,27,0,429000.0
5.0,2.75,7.692113339595466,9.448411943874628,1.0,0,0,5,1370,6.710523109452428,1978,0,2014,5,1,17,16,0,446000.0
3.0,2.25,7.616283561580385,9.189321004752108,1.0,0,0,4,1500,6.274762021241939,1984,0,2014,5,1,25,37,0,572500.0
3.0,2.5,7.208600337960199,7.627544390488503,3.0,0,0,3,1350,0.0,2005,0,2014,5,1,35,56,0,477000.0
3.0,2.5,7.427144133408616,7.64826303090192,2.0,0,0,3,1380,5.707110264748875,2008,0,2014,5,1,35,56,0,518000.0
5.0,1.75,7.1316985104669115,9.262078567380597,1.0,0,0,4,1250,0.0,1966,0,2014,5,1,3,6,0,462000.0
4.0,3.0,7.714677473800927,8.699681400989514,1.5,0,0,4,1270,6.878326468291325,1914,1945,2014,5,1,35,52,0,1190000.0
3.0,1.0,6.85751406254539,8.938662873666118,1.0,0,0,3,950,0.0,1954,2005,2014,5,1,35,49,0,137000.0
3.0,3.5,7.749753406274437,8.063062911326792,2.0,0,0,3,2060,5.564520407322694,1997,0,2014,5,1,19,21,0,530000.0
2.0,2.5,7.7752758464868625,9.14580185083861,1.0,0,2,3,2380,0.0,2011,0,2014,5,1,31,32,0,818000.0
2.0,2.25,7.340186835320115,6.8658910748834385,3.0,0,0,3,1540,0.0,2007,0,2014,5,1,35,59,0,640000.0
5.0,3.0,7.650168700845001,9.185330208972015,1.0,0,0,3,1200,6.803505257608338,2007,0,2014,5,1,14,2,0,298450.0
4.0,2.5,7.824445930877619,8.506334448081361,2.0,0,0,3,2500,0.0,2013,1923,2014,5,1,38,38,0,575000.0
4.0,2.5,8.080546965824498,8.900003608959596,2.0,0,0,3,3230,0.0,2004,2003,2014,5,5,33,43,0,730000.0
3.0,2.5,7.9483852851118995,8.666130304190608,2.0,0,0,3,2830,0.0,2001,0,2014,5,5,17,16,0,551000.0
2.0,1.0,6.769641976852503,8.58316818033977,1.5,0,0,2,870,0.0,1906,0,2014,5,5,35,64,0,271310.0
4.0,3.0,7.897668150726906,10.250652418696085,1.0,0,0,3,2690,0.0,1954,1999,2014,5,5,26,68,0,675000.0
3.0,2.5,7.13966033596492,6.7912214627261855,3.0,0,0,3,1260,0.0,2008,0,2014,5,5,35,52,0,479000.0
4.0,3.5,7.893945138235959,9.210440366976517,2.0,0,0,3,2040,6.46302945692067,1942,2014,2014,5,5,35,60,0,520000.0
3.0,2.5,7.886457270977689,8.512381634419015,2.0,0,0,3,2660,0.0,2014,0,2014,5,5,35,57,0,599950.0
2.0,1.75,7.300472814267799,8.54110501146255,1.0,0,0,4,840,6.46302945692067,1951,1999,2014,5,5,35,55,0,483945.0
4.0,2.25,7.479299637782834,10.408285043563778,1.0,0,0,4,1190,6.364750756851911,1965,0,2014,5,5,32,36,0,390000.0
2.0,1.0,6.85751406254539,8.948066103458935,1.0,0,0,3,950,0.0,1926,2003,2014,5,5,35,69,0,192500.0
2.0,1.0,6.7580945044277305,9.02509454366498,1.0,0,0,4,860,0.0,1948,0,2014,5,5,35,65,0,330000.0
4.0,2.0,7.581209826196346,8.93075873555827,1.0,0,0,5,1160,6.68586094706836,1978,0,2014,5,5,18,19,0,250000.0
2.0,1.0,7.479299637782834,8.616676469901188,1.5,0,0,4,960,6.698268054115413,1943,0,2014,5,5,35,71,0,243000.0
4.0,1.75,7.155396301896734,8.709630081951286,1.0,0,0,3,860,6.042632833682381,1926,2003,2014,5,5,35,56,0,575000.0
4.0,2.5,7.67368812926773,9.395075679994072,2.0,0,0,4,2150,0.0,1982,2011,2014,5,5,31,31,0,639000.0
2.0,1.0,7.490529402060711,8.294299608857235,1.0,0,0,4,1040,6.621405651764134,1923,0,2014,5,5,35,53,0,710000.0
3.0,2.25,7.596392304064196,9.236105579862208,2.0,0,0,4,1990,0.0,1987,0,2014,5,5,31,31,0,675000.0
5.0,2.5,7.796057974316123,8.47261414801827,2.0,0,0,3,2430,0.0,2001,0,2014,5,5,32,36,0,405000.0
4.0,2.75,7.944846711001996,9.487517459782817,1.0,0,0,3,1860,6.8679744089702925,1965,1993,2014,5,5,3,5,0,615000.0
3.0,1.0,7.555381944240273,9.010791269515602,1.0,0,0,4,1010,6.803505257608338,1946,1989,2014,5,5,35,56,0,490000.0
3.0,2.25,7.147559271189454,7.101675971619444,2.0,0,0,3,1040,5.442417710521793,2005,0,2014,5,5,35,50,0,467000.0
4.0,2.75,7.62608275807238,8.284251797621916,1.0,0,0,4,1180,6.769641976852503,1986,0,2014,5,5,35,55,0,480000.0
6.0,2.0,7.67368812926773,8.41316512099219,1.0,0,0,3,1270,6.78105762593618,1952,2008,2014,5,5,35,58,0,755000.0
4.0,1.75,7.804251383528112,9.495594499353297,1.0,0,2,4,1630,6.710523109452428,1987,0,2014,5,5,3,5,0,760000.0
2.0,2.25,7.115582126184454,7.155396301896734,2.0,0,0,3,960,5.602118820879701,2012,1912,2014,5,5,35,64,0,387000.0
4.0,2.25,7.72356247227797,10.645067690617664,1.0,0,0,4,2260,0.0,1967,0,2014,5,5,19,21,0,925000.0
2.0,1.0,6.957497370876951,11.003998038487318,1.0,0,0,4,1050,0.0,1943,0,2014,5,5,1,0,0,415000.0
3.0,1.75,7.359467638255621,8.958797346140274,2.0,0,0,3,1570,0.0,1982,0,2014,5,5,18,19,0,263000.0
4.0,2.0,7.507141079727608,9.143238568435446,1.0,0,0,4,1820,0.0,1967,0,2014,5,5,31,31,0,519900.0
2.0,1.75,7.340186835320115,8.300528606199737,1.0,0,0,4,1190,5.860786223465865,1908,0,2014,5,5,35,55,0,570000.0
3.0,1.5,7.630946580890459,10.711457836917562,1.0,0,0,3,2060,0.0,1953,0,2014,5,5,42,44,0,450000.0
4.0,3.5,8.385032287813898,11.212536332042088,1.0,0,0,3,4380,0.0,2001,0,2014,5,5,31,32,0,1300000.0
3.0,1.0,6.994849985833071,9.200391041122515,1.0,0,0,4,1090,0.0,1955,2009,2014,5,5,31,31,0,300000.0
3.0,1.75,7.300472814267799,8.885440911707585,1.0,0,0,4,1480,0.0,1965,0,2014,5,5,32,34,0,320000.0
4.0,1.0,7.186144304522325,8.398634855292102,1.5,0,0,3,1320,0.0,1929,0,2014,5,5,35,59,0,387500.0
1.0,2.25,7.669028288589683,9.24483841238375,1.0,0,0,3,1470,6.508769136971682,1976,0,2014,5,5,42,41,0,458000.0
4.0,3.5,8.4252971767117,9.719805070102831,1.0,0,3,3,2230,7.754052639035757,1995,0,2014,5,5,3,5,0,1212500.0
4.0,3.0,7.937731775260109,9.186559843310778,2.0,0,0,3,2800,0.0,2002,0,2014,5,5,21,23,0,380000.0
3.0,1.0,6.957497370876951,8.517393171418904,1.0,0,0,4,1050,0.0,1967,0,2014,5,5,32,34,0,200000.0
3.0,1.5,7.307202314764738,9.172742341560864,1.0,0,0,4,1490,0.0,1959,0,2014,5,5,17,16,0,385000.0
2.0,1.0,7.456454555176209,8.760296220470051,2.0,0,0,4,1730,0.0,1945,0,2014,5,5,35,61,0,396675.0
4.0,1.0,7.099201743553092,8.232440158470336,1.5,0,0,3,1210,0.0,1900,2005,2014,5,5,35,47,0,452000.0
4.0,2.5,7.937731775260109,9.047233034106032,2.0,0,0,3,2800,0.0,2004,2003,2014,5,5,21,23,0,426000.0
3.0,1.5,7.359467638255621,6.957497370876951,2.0,0,0,3,1570,0.0,1915,0,2014,5,5,35,52,0,792000.0
3.0,2.25,7.244941546337007,10.361766465136906,1.0,0,0,2,1140,5.564520407322694,1987,0,2014,5,5,1,45,0,315000.0
4.0,2.0,7.955425088912672,8.969796305981806,1.0,0,4,4,1450,7.244941546337007,1970,0,2014,5,5,35,56,0,1275000.0
6.0,3.0,7.53955882930103,8.881975184248867,1.0,0,0,4,1880,0.0,1966,0,2014,5,5,32,34,0,326000.0
2.0,1.0,6.673297967767654,9.038958755220563,1.0,0,0,4,790,0.0,1953,1983,2014,5,5,36,62,0,268500.0
2.0,1.75,7.170888478512505,8.294299608857235,2.0,0,0,3,1300,0.0,1948,1994,2014,5,5,35,48,0,440000.0
3.0,1.0,7.659642954564682,8.95364003713313,1.0,0,0,4,1060,6.966967138613983,1967,0,2014,5,5,32,37,0,300000.0
3.0,1.5,7.340186835320115,8.470939806898775,2.0,0,0,3,1540,0.0,1941,2009,2014,5,5,35,61,0,525000.0
4.0,2.75,7.8713112033234065,9.530828396153142,1.5,0,2,4,1720,6.803505257608338,1926,1993,2014,5,5,35,64,0,978000.0
6.0,3.0,7.9658927350845286,8.068716192714781,2.0,0,0,4,2180,6.55250788703459,1919,1985,2014,5,5,35,47,0,1125000.0
4.0,1.0,7.427144133408616,8.299534570332597,1.5,0,0,3,1680,0.0,1921,2000,2014,5,5,35,47,0,700000.0
2.0,1.0,6.673297967767654,8.84937050375457,1.0,0,0,3,790,0.0,1955,1984,2014,5,5,31,31,0,315000.0
3.0,1.0,6.996681488176539,8.922791623969637,1.5,0,0,3,1092,0.0,1918,0,2014,5,5,35,49,0,309000.0
3.0,1.5,7.409136443920128,9.204020443231363,1.0,0,0,3,1090,6.329720905522696,1967,2011,2014,5,5,14,2,0,219950.0
3.0,2.5,7.645397699428633,8.45553053102413,2.0,0,0,3,2090,0.0,2002,0,2014,5,5,9,26,0,289000.0
4.0,1.75,7.687538766201629,10.265035603577836,1.0,0,0,3,1180,6.90875477931522,1950,2005,2014,5,5,34,73,0,210000.0
4.0,2.5,7.596392304064196,8.805674944038582,2.0,0,0,3,1990,0.0,1989,0,2014,5,5,14,13,0,260000.0
4.0,2.5,7.8826922062890254,8.980423936374544,2.0,0,0,3,2650,0.0,2006,0,2014,5,5,35,60,0,699000.0
4.0,3.5,8.403128235128264,9.73825907316835,1.0,0,0,3,2550,7.555381944240273,1962,1994,2014,5,5,22,24,0,1800000.0
3.0,1.0,6.814542897259958,8.987321812850125,1.0,0,0,4,740,5.14166355650266,1950,1983,2014,5,5,36,70,0,299950.0
3.0,2.5,7.9269635448629785,9.28489110324048,2.0,0,2,3,2770,0.0,1992,0,2014,5,5,3,7,0,749950.0
3.0,2.0,7.779466967458324,8.837681215593197,2.0,0,1,5,2390,0.0,1939,0,2014,5,5,35,54,0,1100000.0
3.0,2.5,7.438971592395862,8.294299608857235,2.0,0,0,3,1700,0.0,2003,0,2014,5,5,38,38,0,384000.0
5.0,3.5,8.071218539969863,10.681917533624532,2.0,0,0,3,3200,0.0,1989,0,2014,5,5,32,37,0,499950.0
3.0,1.75,7.0909098220799835,8.412054873292933,1.0,0,0,5,1200,0.0,1906,0,2014,5,5,35,51,0,430000.0
4.0,2.25,7.7057128238944275,8.847072312567807,2.0,0,0,4,2220,0.0,1999,0,2014,5,5,21,23,0,350000.0
3.0,2.5,7.816416983691801,9.109635667854551,2.0,0,0,3,2480,0.0,2004,2003,2014,5,5,31,32,0,620000.0
4.0,2.25,7.848153086199526,9.401043372798053,1.0,0,0,4,1760,6.68586094706836,1976,1992,2014,5,5,31,31,0,765000.0
4.0,1.5,7.824445930877619,8.748463629942055,1.0,0,0,4,1500,6.90875477931522,1961,2001,2014,5,5,18,20,0,250000.0
2.0,1.0,7.048386408721883,8.294299608857235,1.0,0,0,3,1150,0.0,1947,2012,2014,5,5,35,74,0,376000.0
4.0,1.75,7.409136443920128,8.958797346140274,1.0,0,0,4,1150,6.2166061010848646,1950,1983,2014,5,5,35,62,0,475000.0
3.0,1.75,7.039660349862076,9.172534657240284,1.0,0,0,4,1140,0.0,1969,0,2014,5,5,14,13,0,120750.0
3.0,1.75,8.131824785007195,9.101194924715385,1.0,0,2,5,1820,7.365812837209472,1957,0,2014,5,5,35,48,0,1690000.0
3.0,1.0,7.074116816197362,10.67185815433366,1.0,0,0,4,1180,0.0,1959,0,2014,5,5,16,15,0,330000.0
3.0,2.5,7.438971592395862,8.32020459757888,2.0,0,0,3,1700,0.0,1992,0,2014,5,5,35,59,0,619500.0
3.0,1.5,7.123672785204607,9.32375833901174,1.0,0,0,4,1240,0.0,1954,1979,2014,5,5,3,5,0,345000.0
5.0,2.25,7.969357742016346,9.431802510507854,2.0,0,0,3,2890,0.0,1977,2004,2014,5,5,33,42,0,598000.0
3.0,1.0,6.966967138613983,9.21542741102474,1.0,0,0,4,1060,0.0,1967,0,2014,5,5,17,16,0,335000.0
4.0,1.75,7.372118028337787,9.261413642160184,2.0,0,0,4,1590,0.0,1922,0,2014,5,5,36,62,0,372500.0
1.0,1.0,6.710523109452428,6.966967138613983,1.0,0,0,3,760,4.110873864173311,2007,0,2014,5,5,35,61,0,194000.0
3.0,2.0,7.611347717403621,9.001962272862446,1.0,0,0,3,1020,6.90875477931522,1963,2008,2014,5,5,3,7,0,507500.0
4.0,2.25,7.534228326274089,9.177920480720072,1.0,0,0,4,1170,6.55250788703459,1959,0,2014,5,5,19,22,0,325000.0
3.0,2.5,7.682943169878292,8.498214224818435,2.0,0,0,3,2170,0.0,2004,2003,2014,5,5,21,23,0,329900.0
4.0,2.5,7.3783837129967145,8.819665349340653,1.0,0,0,3,830,6.647688373563329,1947,2011,2014,5,5,35,49,0,329000.0
4.0,1.75,7.645397699428633,8.366602832783736,1.5,0,0,4,1250,6.734591659972948,1925,1968,2014,5,5,35,63,0,494000.0
4.0,2.0,7.438971592395862,8.703838719690246,1.0,0,0,3,1700,0.0,1978,0,2014,5,5,1,1,0,206000.0
4.0,1.75,7.57095858316901,8.840724916761715,1.0,0,0,4,970,6.878326468291325,1941,1998,2014,5,5,35,62,0,423000.0
3.0,1.0,7.186144304522325,9.062536177207788,1.0,0,0,4,1320,0.0,1957,2001,2014,5,5,32,34,0,259000.0
4.0,2.25,8.160803920954665,9.53791600808964,1.0,0,4,4,1830,7.421177528595393,1938,0,2014,5,5,35,65,0,879950.0
5.0,3.5,7.937731775260109,8.54110501146255,2.5,0,0,3,2800,0.0,1903,2005,2014,5,5,35,59,0,345600.0
3.0,1.5,6.985641817639208,7.9865049385539955,1.5,0,0,4,1080,0.0,1920,0,2014,5,5,35,54,0,395000.0
4.0,2.5,8.174984532943087,8.993303139093733,2.0,0,0,3,3550,0.0,2007,0,2014,5,5,38,38,0,625000.0
3.0,1.75,7.43307534889858,7.292337176173877,2.0,0,0,3,1380,5.739792912179234,2008,0,2014,5,5,35,51,0,380000.0
3.0,1.5,7.147559271189454,7.275172319452771,3.0,0,0,3,1270,0.0,2007,0,2014,5,5,35,54,0,440000.0
3.0,2.25,7.58629630715272,7.774015077250727,2.0,0,0,3,1680,5.673323267171493,2008,0,2014,5,5,35,51,0,415000.0
4.0,2.75,8.058643712215618,8.999372396592106,2.0,0,0,3,3160,0.0,2014,0,2014,5,5,19,21,0,860000.0
3.0,2.5,7.099201743553092,7.0909098220799835,3.0,0,0,3,1210,0.0,2008,0,2014,5,5,35,47,0,500000.0
4.0,3.5,8.045908742270779,8.534443544822764,2.0,0,0,3,2480,6.46302945692067,2008,0,2014,5,5,35,54,0,953007.0
4.0,2.5,7.890208213109961,9.078635880978755,2.0,0,0,3,2670,0.0,2006,0,2014,5,5,32,37,0,515000.0
3.0,2.25,7.403061091090091,7.094234845924755,3.0,0,0,3,1640,0.0,2014,0,2014,5,5,35,53,0,772000.0
4.0,2.5,7.742402021815782,8.210939733379021,2.0,0,0,3,2303,0.0,2013,1923,2014,5,5,1,0,0,329995.0
3.0,2.5,7.496097345175956,8.06117135969092,2.0,0,0,3,1800,0.0,2014,0,2014,5,5,38,38,0,409316.0
5.0,3.5,8.403128235128264,7.998335395952982,3.0,0,2,3,3280,7.074116816197362,2013,1923,2014,5,5,35,58,0,490000.0
2.0,2.5,7.372118028337787,7.884952945759814,2.0,0,0,3,1220,5.916202062607435,2009,0,2014,5,5,35,49,0,305000.0
4.0,3.5,8.029758520440822,8.452121194672523,2.0,0,0,3,2190,6.78105762593618,2009,0,2014,5,5,16,15,0,785000.0
2.0,1.75,7.193685818395112,8.881975184248867,1.0,0,0,3,1330,0.0,1993,0,2014,5,6,34,72,0,240000.0
3.0,1.0,6.898714534329988,8.81744592104187,1.0,0,0,4,990,0.0,1947,1988,2014,5,6,35,62,0,325000.0
4.0,2.5,7.550135342488429,8.66406026722579,2.0,0,0,3,1900,0.0,1994,0,2014,5,6,16,17,0,535800.0
3.0,2.5,7.611347717403621,7.05617528410041,3.0,0,3,3,2020,0.0,2000,0,2014,5,6,35,47,0,720000.0
3.0,1.75,7.601402334583733,9.150271845510064,1.0,0,0,4,2000,0.0,1961,2001,2014,5,6,19,21,0,374000.0
2.0,1.75,7.00397413672268,8.936035096566041,1.0,0,0,3,1100,0.0,1980,0,2014,5,6,10,73,0,189650.0
1.0,1.0,6.8679744089702925,10.620033826524304,1.0,0,0,5,960,0.0,1945,0,2014,5,6,7,10,0,420850.0
4.0,2.75,8.157370441186774,9.17107965802288,2.0,0,0,3,3488,0.0,1998,2006,2014,5,6,31,42,0,815000.0
2.0,1.75,7.544861068658458,9.15556734612889,2.0,0,0,3,1890,0.0,1987,2000,2014,5,6,3,3,0,1065000.0
4.0,2.0,7.616283561580385,9.002208578282412,2.0,0,0,3,2030,0.0,1950,2005,2014,5,6,35,71,0,199000.0
3.0,1.75,7.2305631534092925,8.902591637374087,1.0,0,0,3,990,5.968707559985366,1981,2013,2014,5,6,9,26,0,195000.0
4.0,3.25,8.205491613120236,8.665785595466064,2.5,0,0,3,3360,5.707110264748875,1909,1995,2014,5,6,35,53,0,1506000.0
3.0,2.25,7.534228326274089,8.080546965824498,2.0,0,0,3,1870,0.0,1997,0,2014,5,6,32,34,0,288400.0
4.0,2.25,7.640603826393634,9.393328373313297,1.0,0,0,4,1220,6.7580945044277305,1979,0,2014,5,6,33,42,0,442000.0
4.0,2.75,7.804251383528112,9.602652693506046,2.0,0,0,4,2450,0.0,1988,0,2014,5,6,25,37,0,619420.0
4.0,2.25,7.919719760924575,8.729235349659273,1.0,0,0,4,1500,7.1316985104669115,1948,0,2014,5,6,35,57,0,635000.0
3.0,1.0,7.123672785204607,8.48528964240323,1.0,0,0,4,1240,0.0,1916,0,2014,5,6,35,57,0,210000.0
3.0,2.5,7.550135342488429,8.936561204693394,2.0,0,0,3,1900,0.0,1990,2009,2014,5,6,19,21,0,512500.0
3.0,2.5,7.840312983320164,8.715059959545654,2.0,0,0,3,2540,0.0,1999,0,2014,5,6,19,22,0,567000.0
3.0,2.75,7.650168700845001,9.245997049184217,2.0,0,0,3,1510,6.3818160174060985,1998,2006,2014,5,6,39,39,0,525000.0
4.0,2.0,7.490529402060711,7.719129840906732,1.0,0,2,4,840,6.85751406254539,1909,1989,2014,5,6,35,47,0,475000.0
3.0,2.0,7.065613363597717,8.889997357284841,1.0,0,0,3,1170,0.0,1984,0,2014,5,6,1,0,0,250000.0
3.0,1.0,6.966967138613983,9.118992332516877,1.0,0,2,5,1060,0.0,1956,0,2014,5,6,12,12,0,220000.0
5.0,2.0,7.565793282428515,8.71948076085107,1.5,0,0,3,1930,0.0,1941,1969,2014,5,6,35,65,0,230000.0
3.0,2.0,7.340186835320115,8.980675603671708,1.0,0,0,3,1120,6.042632833682381,1961,2004,2014,5,6,5,9,0,385500.0
5.0,3.0,7.964503363551548,9.541656481448024,1.0,0,2,4,1970,6.810142450115136,1973,0,2014,5,6,23,25,0,895000.0
3.0,2.5,7.67368812926773,8.920656296853728,2.0,0,0,3,2150,0.0,1988,2000,2014,5,6,33,42,0,368250.0
2.0,1.0,7.039660349862076,8.612685172875459,1.0,0,0,3,1140,0.0,1947,2012,2014,5,6,35,49,0,249900.0
3.0,1.5,6.8885724595653635,8.960724500330858,1.0,0,0,5,980,0.0,1969,0,2014,5,6,19,22,0,350000.0
3.0,1.75,7.115582126184454,9.477079667408038,1.0,0,0,4,1230,0.0,1962,0,2014,5,6,1,0,0,175000.0
3.0,1.75,7.237778191923443,9.297068375486006,1.0,0,0,3,860,6.274762021241939,1957,2000,2014,5,6,35,49,0,270000.0
3.0,3.5,7.7752758464868625,8.740496729931813,2.0,0,3,3,1670,6.566672429803241,1997,0,2014,5,6,35,57,0,495000.0
3.0,3.25,8.213652703029998,8.881975184248867,2.0,0,0,3,3690,0.0,2007,0,2014,5,6,19,21,0,1580000.0
3.0,1.0,7.1316985104669115,9.118992332516877,1.0,0,0,3,1250,0.0,1969,2010,2014,5,6,42,44,0,330000.0
4.0,2.75,7.736743682453495,8.71948076085107,2.0,0,0,4,2170,4.795790545596741,1926,1993,2014,5,6,35,54,0,1003000.0
2.0,1.0,6.673297967767654,8.564267598802166,1.0,0,0,4,790,0.0,1925,1968,2014,5,6,35,57,0,299800.0
3.0,2.5,7.908754738783246,8.70201162840878,2.0,0,0,3,2720,0.0,2002,0,2014,5,6,1,45,0,299900.0
4.0,2.75,7.844240718141811,9.063347348235522,1.0,0,0,3,1700,6.7464121285733745,1972,2002,2014,5,6,19,21,0,691000.0
2.0,1.0,6.985641817639208,8.268731832117737,1.0,0,0,4,1080,0.0,1972,0,2014,5,6,10,73,0,195000.0
3.0,1.75,7.81237820598861,9.171703488361265,1.0,0,1,4,1570,6.803505257608338,1962,0,2014,5,6,10,73,0,405000.0
2.0,0.75,6.7464121285733745,8.95040315983296,1.0,0,2,5,550,5.707110264748875,1909,1988,2014,5,6,35,51,0,360000.0
3.0,2.5,7.596392304064196,9.104090572133472,1.0,0,0,3,1570,6.042632833682381,1969,2010,2014,5,6,18,26,0,256750.0
3.0,2.25,7.496097345175956,9.259225769705994,2.0,0,0,3,1800,0.0,1995,0,2014,5,6,21,23,0,332500.0
5.0,4.0,8.486940148245216,10.503724171902725,2.0,0,0,3,4850,0.0,1977,2004,2014,5,6,3,4,0,975000.0
3.0,1.0,6.928537818164665,8.971448463693834,1.0,0,0,3,1020,0.0,1956,2001,2014,5,6,35,49,0,218000.0
3.0,2.5,7.791935956938058,10.818357275254836,2.0,0,0,3,1860,6.329720905522696,1985,0,2014,5,6,16,15,0,429000.0
4.0,2.5,7.976251943745623,8.661639795781266,2.0,0,2,3,2910,0.0,1998,2006,2014,5,6,38,38,0,589000.0
3.0,1.5,6.966967138613983,9.109414453386222,1.0,0,0,3,1060,0.0,1973,2013,2014,5,6,32,36,0,255000.0
4.0,2.5,7.75833346749091,8.76732914779405,1.0,0,2,3,1590,6.621405651764134,1964,2000,2014,5,6,36,70,0,668750.0
4.0,2.75,7.496097345175956,8.604104563405533,1.0,0,0,3,1050,6.621405651764134,2002,0,2014,5,6,32,33,0,344500.0
4.0,2.0,7.415175109613295,8.724369949208368,1.0,0,0,3,850,6.698268054115413,1945,2010,2014,5,6,35,61,0,452000.0
3.0,1.75,7.170888478512505,11.039572232060571,1.0,0,0,3,1300,0.0,1983,2009,2014,5,6,31,32,0,540000.0
3.0,1.5,7.484930283289661,10.07828084290929,1.0,0,0,3,1780,0.0,1953,0,2014,5,6,35,69,0,246000.0
2.0,1.0,6.93828448401696,8.485083137498004,1.0,0,0,3,920,4.709530201312334,1939,1969,2014,5,6,35,47,0,535000.0
4.0,3.25,7.934155233536322,8.598035579260339,1.0,0,3,3,1130,7.415175109613295,1963,2013,2014,5,6,36,70,0,970000.0
3.0,1.0,7.048386408721883,8.006700845440367,1.0,0,0,5,1150,0.0,1906,0,2014,5,6,35,47,0,430000.0
4.0,2.5,8.098946748943339,9.345482965918476,2.0,0,0,3,3290,0.0,1992,0,2014,5,6,17,16,0,520000.0
2.0,1.0,7.0909098220799835,8.294299608857235,1.0,0,0,3,1070,4.875197323201151,1940,1996,2014,5,6,35,61,0,450000.0
4.0,2.5,7.6783263565068856,8.987946539552519,2.0,0,0,3,2160,0.0,1993,0,2014,5,6,28,28,0,220000.0
3.0,1.0,7.280008252884188,8.294299608857235,1.0,0,1,4,950,6.2166061010848646,1948,0,2014,5,6,35,57,0,525000.0
4.0,2.5,8.083637203141548,8.188966863648876,2.0,0,0,3,2060,7.074116816197362,2008,0,2014,5,6,35,52,0,1220000.0
3.0,2.0,7.293697720601438,7.433666540166168,2.0,0,0,3,1000,6.154858094016418,2007,0,2014,5,6,35,54,0,540000.0
4.0,2.5,7.766840537085513,8.561592778712923,2.0,0,0,3,2360,0.0,2001,0,2014,5,6,19,22,0,600000.0
3.0,2.25,7.7102051944325325,9.110961927995904,2.0,0,0,4,2230,0.0,1987,0,2014,5,6,3,6,0,600000.0
4.0,2.5,7.875119281040293,10.793578035907808,2.0,0,0,3,2630,0.0,1986,0,2014,5,6,42,41,0,625000.0
3.0,1.0,6.918695219020472,10.12667110305036,1.0,0,0,3,1010,0.0,1966,1963,2014,5,6,7,10,0,150000.0
3.0,2.25,7.27655640271871,7.294377299288821,2.0,0,0,3,1300,4.983606621708336,2003,0,2014,5,6,16,15,0,389999.0
3.0,1.75,7.7752758464868625,8.699681400989514,1.5,0,0,3,1320,6.966967138613983,1935,1974,2014,5,6,35,71,0,285000.0
4.0,2.75,7.9483852851118995,9.477309402830421,2.0,0,0,3,2830,0.0,1998,2006,2014,5,6,33,43,0,744000.0
4.0,2.5,8.010027528481734,10.74017214809227,2.0,0,0,3,3010,0.0,1996,0,2014,5,6,31,32,0,700000.0
4.0,2.25,7.601402334583733,9.105090961257085,1.0,0,0,4,2000,0.0,1978,2000,2014,5,6,14,13,0,318989.0
3.0,2.25,7.611347717403621,8.188966863648876,2.0,0,0,3,2020,0.0,1998,2006,2014,5,6,19,21,0,556000.0
3.0,2.5,7.616283561580385,8.752581469146884,2.0,0,0,3,2030,0.0,1993,0,2014,5,6,21,23,0,275000.0
3.0,2.75,7.844240718141811,9.320180837655714,2.0,0,0,3,2550,0.0,1994,0,2014,5,6,36,67,0,430000.0
2.0,1.0,6.878326468291325,9.525224101853109,1.0,0,0,3,970,0.0,1949,1998,2014,5,6,35,49,0,300000.0
3.0,1.75,7.340186835320115,9.429234909000977,1.0,0,0,5,1540,0.0,1967,0,2014,5,6,16,15,0,396450.0
2.0,1.0,7.242082359256962,11.625807622026901,1.0,0,0,3,1396,0.0,1940,1997,2014,5,6,31,32,0,225000.0
4.0,3.25,7.930565854233965,8.971575439759016,2.0,0,0,3,2780,0.0,2006,0,2014,5,6,35,62,0,700000.0
6.0,2.0,7.7057128238944275,9.082279701908664,1.0,0,0,3,2220,0.0,1977,2004,2014,5,6,1,1,0,260000.0
4.0,3.5,7.762596048540069,9.503233841478497,2.0,0,3,3,1670,6.523562306149512,1994,0,2014,5,6,19,21,0,655000.0
3.0,2.25,7.923348211930154,10.620033826524304,2.0,0,0,5,2760,0.0,1978,0,2014,5,6,3,4,0,1185000.0
3.0,2.5,8.403128235128264,10.166928160614875,2.0,0,0,3,4460,0.0,1992,0,2014,5,6,19,21,0,1550000.0
3.0,2.0,7.273092595999522,8.394347361417392,1.0,0,0,3,1440,0.0,2007,0,2014,5,6,31,32,0,413800.0
5.0,3.75,8.581294116822761,8.699681400989514,2.0,0,2,3,3570,7.473637108496206,2006,0,2014,5,6,16,15,0,950000.0
4.0,2.5,7.7057128238944275,8.34972083747249,2.0,0,0,3,2220,0.0,2014,0,2014,5,6,35,65,0,334990.0
5.0,4.75,8.576593534697684,9.036225051729327,2.0,0,2,3,3745,7.353081920515432,2005,0,2014,5,6,19,21,0,2700000.0
3.0,4.0,8.263848131368906,9.48006211905097,2.0,0,3,3,3700,5.198497031265826,2009,0,2014,5,6,19,22,0,1030000.0
4.0,3.25,8.24564690087386,9.050171619823361,1.0,0,1,3,2680,7.030857476116121,2007,0,2014,5,6,19,21,0,1130000.0
3.0,3.0,7.581209826196346,7.063903961472068,2.0,0,0,3,1600,5.8888779583328805,2007,0,2014,5,6,16,17,0,556000.0
3.0,2.5,7.333676395657684,7.0317412587631285,3.0,0,0,3,1530,0.0,2009,0,2014,5,6,35,47,0,360000.0
4.0,2.25,8.086717920303906,10.442725690738797,2.0,0,0,4,3250,0.0,1983,0,2014,5,4,18,26,0,480000.0
3.0,2.5,7.467942332285852,8.883085524404578,2.0,0,0,3,1750,0.0,1994,0,2014,5,4,32,33,0,324000.0
4.0,3.25,8.14351740579748,10.463731714431846,2.0,0,0,3,3440,0.0,1983,2009,2014,5,4,19,21,0,1050000.0
1.0,0.75,7.065613363597717,9.557469903071384,1.0,0,0,5,880,5.673323267171493,1962,0,2014,5,4,12,12,0,275000.0
3.0,1.0,6.769641976852503,8.581294116822761,1.0,0,0,3,870,0.0,1969,2014,2014,5,4,9,26,0,180000.0
4.0,2.5,7.983098940710892,9.809176873064887,2.0,0,0,3,2930,0.0,1998,2006,2014,5,4,33,43,0,749000.0
3.0,2.5,8.058643712215618,9.45915167003897,1.0,0,2,4,1820,7.201170883281678,1966,0,2014,5,4,3,3,0,1600000.0
2.0,1.0,6.68586094706836,8.11102783819368,1.0,0,0,3,800,0.0,1918,0,2014,5,4,35,50,0,373500.0
4.0,2.5,7.762596048540069,8.98744678941718,2.0,0,0,4,2350,0.0,1987,0,2014,5,4,3,5,0,770000.0
2.0,1.75,6.966967138613983,9.709356537782675,1.0,0,0,3,1060,0.0,1977,2004,2014,5,4,42,41,0,356000.0
3.0,1.75,7.630946580890459,9.438192819018127,1.0,0,0,4,1350,6.566672429803241,1984,0,2014,5,4,31,31,0,625000.0
2.0,1.75,7.353081920515432,7.467942332285852,1.0,0,0,4,780,6.660575149839686,1904,0,2014,5,4,35,52,0,494400.0
4.0,1.75,8.006700845440367,10.650199196425806,1.0,0,3,3,1500,7.313886831633462,1950,2005,2014,5,4,32,34,0,585000.0
3.0,1.5,7.415175109613295,8.476579508530941,2.0,0,0,3,1660,0.0,1907,1983,2014,5,4,35,58,0,926300.0
3.0,1.75,7.409136443920128,8.537191877922927,1.0,0,0,5,1040,6.415096959171596,1908,0,2014,5,4,35,54,0,600000.0
4.0,3.0,8.0774471493312,9.097955241381392,2.0,0,0,3,2450,6.647688373563329,1990,2009,2014,5,4,18,19,0,430000.0
3.0,1.5,7.749753406274437,8.922791623969637,1.0,0,0,3,2320,0.0,1976,0,2014,5,4,11,11,0,307000.0
4.0,2.75,7.919719760924575,9.614671504043145,1.0,0,3,3,1720,6.93828448401696,1981,2013,2014,5,4,10,73,0,604700.0
3.0,1.0,6.814542897259958,8.699681400989514,1.0,0,0,2,910,0.0,1956,0,2014,5,4,35,65,0,219900.0
2.0,1.5,6.734591659972948,6.7661917146603505,2.0,0,0,3,840,0.0,2005,0,2014,5,4,35,54,0,270000.0
3.0,2.25,7.293697720601438,7.364547014255642,2.0,0,0,3,1090,5.942799375126701,2007,0,2014,5,4,35,63,0,432000.0
6.0,2.0,7.621195162809845,9.288504392945537,1.0,0,0,4,2040,0.0,1943,0,2014,5,4,32,34,0,300000.0
3.0,1.0,7.00397413672268,8.305731144875866,1.5,0,4,4,1100,0.0,1922,0,2014,5,4,10,73,0,361000.0
2.0,1.0,6.846943139585379,9.051696278536586,1.0,0,0,4,940,0.0,1959,0,2014,5,4,6,68,0,249950.0
3.0,2.0,7.01301578963963,9.259225769705994,1.0,0,0,5,1110,0.0,1978,0,2014,5,4,27,27,0,320000.0
4.0,1.75,7.696667081526462,8.999742789830492,1.5,0,0,5,1400,6.68586094706836,1942,0,2014,5,4,35,69,0,305000.0
2.0,1.75,7.95892649305011,10.995628950073925,1.0,1,4,3,1510,7.208600337960199,1948,2003,2014,5,4,14,13,0,503000.0
2.0,1.0,6.608000625296087,9.328212292571072,1.0,0,0,2,740,0.0,1938,0,2014,5,4,35,65,0,235750.0
4.0,1.75,7.916078096302786,9.050288983827956,1.0,0,2,3,1370,7.223295679562314,1954,2005,2014,5,4,35,57,0,657000.0
3.0,1.0,7.1316985104669115,8.895766604056085,1.0,0,0,4,1250,0.0,1956,0,2014,5,4,3,7,0,385000.0
4.0,2.5,8.052296499538647,8.9947928972836,2.0,0,0,3,3140,0.0,1991,0,2014,5,4,14,13,0,389950.0
2.0,1.0,6.710523109452428,9.237079669165805,1.0,0,0,3,820,0.0,1954,2005,2014,5,4,35,69,0,150000.0
4.0,2.75,7.852050207265889,8.890823576004383,2.0,0,0,3,1720,6.7464121285733745,1998,2006,2014,5,4,1,45,0,254500.0
4.0,2.25,7.762596048540069,9.004668301573977,1.0,0,0,4,1430,6.825460036255307,1977,0,2014,5,4,3,5,0,555000.0
4.0,3.0,8.188966863648876,9.127067452782361,1.0,0,4,4,2100,7.313886831633462,1976,1992,2014,5,4,3,7,0,1075000.0
4.0,2.0,7.365812837209472,8.987321812850125,1.0,0,0,3,1040,6.293419278846481,1967,2011,2014,5,4,14,2,0,245000.0
2.0,1.0,6.976348070447749,8.669914278433902,1.0,0,2,5,1070,0.0,1949,0,2014,5,4,35,71,0,319950.0
3.0,1.0,6.976348070447749,8.71768205216564,1.0,0,0,5,1070,0.0,1951,0,2014,5,4,35,60,0,337000.0
4.0,2.0,7.403061091090091,8.517393171418904,2.0,0,0,3,1640,0.0,1907,1983,2014,5,4,35,50,0,492000.0
3.0,2.75,7.969357742016346,9.40351943877092,2.0,0,3,4,2830,4.110873864173311,1987,0,2014,5,4,19,21,0,1170000.0
3.0,1.0,7.107425474110705,8.971702399703325,1.0,0,0,3,1220,0.0,1966,1963,2014,5,4,19,22,0,348580.0
2.0,1.0,7.244941546337007,8.412054873292933,1.0,0,0,3,900,6.2166061010848646,1922,2008,2014,5,4,32,35,0,180000.0
3.0,1.0,6.947937068614969,8.740496729931813,1.0,0,0,3,1040,0.0,1942,1999,2014,5,4,35,63,0,400000.0
4.0,2.0,6.8885724595653635,9.272469743441732,1.0,0,0,5,980,0.0,1978,0,2014,5,4,27,27,0,295000.0
4.0,3.25,8.114025442356757,9.295692039075686,1.5,0,0,3,2240,7.00397413672268,1963,2000,2014,5,4,31,31,0,910000.0
3.0,3.5,7.550135342488429,7.385851078125209,2.0,0,0,3,1430,6.154858094016418,2008,0,2014,5,4,35,63,0,431500.0
4.0,1.5,7.462214939768189,8.894670262984233,1.0,0,0,3,1020,6.580639137284949,1962,2003,2014,5,4,34,69,0,180000.0
3.0,2.0,7.601402334583733,8.073402968986406,1.0,0,0,4,1100,6.803505257608338,1916,0,2014,5,4,35,47,0,677000.0
3.0,1.75,7.384610383176974,8.881975184248867,1.0,0,0,3,1090,6.255750041753367,1973,2013,2014,5,4,35,53,0,1180500.0
4.0,2.5,8.083637203141548,9.545311482471128,1.0,0,0,3,1860,7.2305631534092925,1977,2004,2014,5,4,33,42,0,635700.0
5.0,2.25,7.7102051944325325,9.169622538697624,1.0,0,0,3,1320,6.814542897259958,1978,0,2014,5,4,42,44,0,482000.0
2.0,2.5,7.057036981697891,7.684783943522785,2.0,0,0,3,1160,0.0,1998,2006,2014,5,4,35,49,0,168000.0
4.0,2.75,7.787796878181171,8.699681400989514,1.0,0,0,5,1410,6.90875477931522,1950,0,2014,5,4,35,50,0,805000.0
2.0,1.0,6.3818160174060985,9.300729371703863,1.5,0,0,3,590,0.0,1983,2009,2014,5,4,4,8,0,398000.0
4.0,2.5,7.8636512654486515,9.76359310138207,2.0,0,0,3,2600,0.0,1996,0,2014,5,4,25,37,0,665000.0
4.0,3.0,7.682943169878292,9.016876974763383,1.0,0,0,4,1370,6.68586094706836,1968,0,2014,5,4,31,31,0,592500.0
4.0,2.75,7.640603826393634,8.294299608857235,1.5,0,0,3,2080,0.0,1912,2000,2014,5,4,35,50,0,940000.0
4.0,2.5,7.95892649305011,9.42504844446929,2.0,0,0,3,2860,0.0,1999,0,2014,5,4,33,43,0,655000.0
4.0,2.5,8.000014093678072,9.000606507571892,2.0,0,0,3,2980,0.0,2000,0,2014,5,4,38,38,0,622500.0
2.0,2.5,7.115582126184454,6.895682697747868,2.0,0,0,3,1060,5.14166355650266,2011,0,2014,5,4,35,64,0,380000.0
4.0,1.75,7.72356247227797,8.854522203757432,1.0,0,1,4,1130,7.030857476116121,1947,1988,2014,5,4,19,21,0,648360.0
3.0,2.75,7.696667081526462,9.610859937691332,1.0,0,0,3,1100,7.00397413672268,1982,0,2014,5,4,31,32,0,432000.0
4.0,2.5,8.016647877057803,9.4407375520017,1.5,0,0,4,3030,0.0,1988,0,2014,5,4,3,3,0,1050000.0
2.0,1.0,6.966967138613983,7.3783837129967145,2.0,0,0,3,1060,0.0,1979,2014,2014,5,4,35,64,0,353250.0
4.0,3.0,8.357259153499912,9.835636885627954,2.0,0,0,3,4260,0.0,1996,0,2014,5,4,33,43,0,1000000.0
3.0,2.25,6.906754778648554,6.739336627357174,2.0,0,0,3,798,5.303304908059076,2007,0,2014,5,4,35,56,0,320000.0
4.0,2.5,7.627057417018934,8.222553638396958,2.0,0,0,3,2052,0.0,2014,0,2014,5,4,14,2,0,349900.0
4.0,3.5,8.055475141757274,8.732788324973118,2.0,0,0,3,3150,0.0,2005,0,2014,5,4,18,26,0,330000.0
3.0,2.25,7.576097340623111,8.884887201837403,1.0,0,0,4,1950,0.0,2006,0,2014,5,4,34,72,0,408000.0
3.0,2.25,7.206377291472252,7.164720378771857,3.0,0,0,3,1347,0.0,2010,0,2014,5,4,35,60,0,321000.0
4.0,3.75,8.258681496264236,8.607947554684701,2.5,0,0,3,3860,0.0,2007,0,2014,5,4,16,17,0,1051000.0
3.0,1.5,7.215975002651466,6.786716950605081,3.0,0,0,3,1360,0.0,2008,0,2014,5,4,35,47,0,359000.0
5.0,2.5,7.923348211930154,8.699681400989514,2.0,0,0,3,2760,0.0,2006,0,2014,5,4,35,51,0,300000.0
5.0,3.5,7.791935956938058,8.449128460502108,2.0,0,0,3,2420,0.0,2013,1923,2014,5,4,35,57,0,380000.0
3.0,2.5,7.804251383528112,8.374015421739909,2.0,0,0,3,2450,0.0,2010,0,2014,5,4,31,32,0,660000.0
3.0,2.25,7.155396301896734,6.866933284461882,3.0,0,0,3,1280,0.0,2005,0,2014,5,4,35,47,0,355000.0
3.0,2.5,7.346655163176539,8.180320874773685,2.0,0,0,3,1550,0.0,2011,0,2014,5,4,1,1,0,259000.0
1.0,1.0,6.311734809152915,7.154615356913663,2.0,0,0,3,550,0.0,2008,0,2014,5,4,35,59,0,353000.0
2.0,2.5,7.327123292259293,7.370860166536716,2.0,0,0,3,1240,5.638354669333745,2007,0,2014,5,4,35,64,0,430000.0
3.0,1.0,7.421177528595393,8.295548516225763,1.5,0,0,4,1170,6.2166061010848646,1939,1989,2014,5,0,35,56,0,460000.0
1.0,0.75,6.066108090103747,8.527341522468053,1.0,0,0,2,430,0.0,1912,0,2014,5,0,7,10,0,80000.0
4.0,2.5,7.7752758464868625,9.17107965802288,2.0,0,0,4,2380,0.0,1991,0,2014,5,0,3,5,0,782000.0
3.0,1.0,6.8679744089702925,9.173053787190167,1.0,0,0,5,960,0.0,1982,0,2014,5,0,12,12,0,218000.0
3.0,1.0,7.560601162768557,8.833899942908635,1.0,0,2,3,1120,6.68586094706836,1952,2008,2014,5,0,35,57,0,325000.0
4.0,3.0,8.210939733379021,8.675051276031818,1.0,0,3,3,2060,7.390798521735676,1967,2011,2014,5,0,35,74,0,980000.0
4.0,2.25,7.836369760545124,9.127067452782361,1.0,0,0,5,1570,6.8679744089702925,1976,0,2014,5,0,3,5,0,902000.0
5.0,2.5,8.253488028345904,9.735423867488873,2.0,0,0,3,3840,0.0,1991,0,2014,5,0,14,13,0,556000.0
3.0,1.75,7.123672785204607,8.188966863648876,1.5,0,0,5,1240,0.0,1926,0,2014,5,0,35,55,0,662990.0
2.0,1.0,7.170888478512505,9.381600981410713,1.5,0,0,4,1300,0.0,1975,0,2014,5,0,30,30,0,225000.0
4.0,2.5,7.7752758464868625,9.398312600278953,2.0,0,0,3,2380,0.0,2002,0,2014,5,0,32,37,0,439950.0
2.0,1.0,7.170888478512505,10.701715209546581,1.0,0,0,5,1300,0.0,1958,0,2014,5,0,1,0,0,175000.0
2.0,1.0,6.660575149839686,9.510519035757246,1.0,0,0,4,780,0.0,1946,1989,2014,5,0,42,44,0,306000.0
4.0,2.5,7.501634457883413,10.587593988443924,1.0,0,0,3,1230,6.364750756851911,1970,2014,2014,5,0,18,26,0,235000.0
3.0,1.75,7.791935956938058,9.447544606938727,2.0,0,0,3,2420,0.0,1911,1986,2014,5,0,27,27,0,399500.0
3.0,1.0,7.155396301896734,7.855932199718614,1.5,0,0,3,1280,0.0,1910,2014,2014,5,0,35,54,0,478000.0
2.0,1.0,7.427144133408616,8.77971129020447,1.0,0,0,4,1140,6.293419278846481,1941,1998,2014,5,0,35,63,0,515000.0
3.0,2.5,7.828436359157585,8.594339400592892,2.0,0,0,3,2510,0.0,1992,0,2014,5,0,32,34,0,550000.0
3.0,1.0,7.438971592395862,9.064852065227576,1.0,0,0,3,1700,0.0,1955,2005,2014,5,0,35,65,0,149000.0
3.0,1.75,7.427144133408616,8.137688184977605,1.0,0,0,3,960,6.580639137284949,1992,0,2014,5,0,35,54,0,526000.0
1.0,0.75,6.710523109452428,10.996718722251758,1.0,0,0,3,820,0.0,1999,0,2014,5,0,38,38,0,527550.0
3.0,4.0,8.385032287813898,10.663592201220954,2.0,0,0,5,4380,0.0,1983,0,2014,5,0,31,31,0,1050000.0
3.0,2.5,7.8636512654486515,9.219597393238859,1.0,0,0,3,2600,0.0,1984,0,2014,5,0,33,42,0,625000.0
5.0,3.25,8.131824785007195,8.916371914881694,2.0,0,0,3,3400,0.0,1999,0,2014,5,0,3,6,0,950000.0
5.0,1.75,7.659642954564682,9.035986984831405,1.0,0,0,4,1320,6.68586094706836,1942,1982,2014,5,0,36,62,0,377691.0
4.0,2.75,7.719129840906732,8.648396877031582,1.0,0,0,3,1200,6.957497370876951,1951,1994,2014,5,0,35,52,0,648475.0
3.0,1.0,7.496097345175956,8.6328406149422,1.0,0,0,4,1200,6.398594934535208,1942,1982,2014,5,0,35,61,0,383000.0
3.0,2.5,7.701200180857446,8.938662873666118,2.0,0,0,3,2210,0.0,1994,0,2014,5,0,31,31,0,535000.0
3.0,2.0,7.353081920515432,8.314097335405807,2.0,0,0,3,1560,0.0,1923,1982,2014,5,0,35,54,0,449950.0
4.0,2.75,7.796057974316123,9.938902957757083,1.0,0,0,3,2430,0.0,1967,2011,2014,5,0,42,41,0,465425.0
4.0,2.5,7.848153086199526,10.507858162705228,2.0,0,0,4,2560,0.0,1987,0,2014,5,0,33,43,0,675000.0
3.0,2.75,7.581209826196346,7.824445930877619,1.5,0,0,5,1410,6.311734809152915,1926,0,2014,5,0,35,47,0,599000.0
3.0,1.5,7.01301578963963,9.186355009225672,1.0,0,0,4,1110,0.0,1963,0,2014,5,0,31,31,0,416000.0
2.0,1.5,6.93828448401696,8.412054873292933,1.0,0,0,3,830,5.303304908059076,1924,2011,2014,5,0,35,52,0,595000.0
4.0,1.0,7.208600337960199,9.35079772467144,1.0,0,0,3,1350,0.0,1966,1963,2014,5,0,32,33,0,200000.0
3.0,2.0,7.340186835320115,7.510977752014095,2.0,0,0,3,1540,0.0,2005,0,2014,5,0,16,17,0,402000.0
4.0,1.75,7.5126175446745105,9.169622538697624,1.0,0,0,4,1010,6.710523109452428,1966,0,2014,5,0,3,5,0,433000.0
4.0,1.5,7.565793282428515,9.650657690851558,2.0,0,0,3,1930,0.0,1979,2014,2014,5,0,14,2,0,275000.0
3.0,2.0,7.409136443920128,9.173883834965567,1.5,0,0,3,1650,0.0,1983,2009,2014,5,0,19,22,0,410000.0
4.0,2.0,8.163656176168432,9.465447598495786,1.0,0,2,3,2210,7.170888478512505,1965,1982,2014,5,0,6,68,0,554820.0
4.0,3.0,8.12296471523406,8.97727273946428,1.0,0,3,3,1860,7.32052696227274,1988,2000,2014,5,0,35,56,0,1325000.0
3.0,2.5,7.779466967458324,9.12238309321704,2.0,0,0,3,2390,0.0,1984,0,2014,5,0,31,31,0,735000.0
3.0,1.0,7.115582126184454,9.00146947994869,1.0,0,0,4,1230,0.0,1951,1999,2014,5,0,3,3,0,607000.0
3.0,1.75,7.390798521735676,8.928110078202646,1.0,0,0,3,1310,5.739792912179234,1988,2000,2014,5,0,21,23,0,258000.0
4.0,4.0,7.736743682453495,8.740496729931813,1.5,0,0,5,1690,6.398594934535208,1940,0,2014,5,0,35,55,0,661254.0
4.0,2.0,7.951911381854188,9.50061907027523,1.0,0,0,3,1420,7.259116128097101,1952,2008,2014,5,0,8,3,0,945000.0
3.0,1.0,6.985641817639208,9.259225769705994,1.0,0,0,3,1080,0.0,1967,2011,2014,5,0,1,0,0,132500.0
3.0,1.75,7.390798521735676,9.064852065227576,1.0,0,0,3,1190,6.066108090103747,1973,2013,2014,5,0,31,31,0,467100.0
4.0,3.5,8.387312270561717,9.358846580275406,2.0,0,3,3,3060,7.193685818395112,1990,2009,2014,5,0,23,25,0,1610000.0
3.0,1.75,7.390798521735676,8.288031567776464,1.0,0,0,5,940,6.523562306149512,1926,0,2014,5,0,35,56,0,641000.0
3.0,1.0,6.918695219020472,9.327678864393416,1.0,0,0,4,1010,0.0,1947,1988,2014,5,0,36,67,0,350000.0
4.0,2.5,7.467942332285852,9.045111892608405,1.0,0,0,4,1240,6.236369590203704,1983,0,2014,5,0,32,36,0,335000.0
4.0,2.5,7.848153086199526,9.249657234353133,1.0,0,0,4,1280,7.155396301896734,1965,0,2014,5,0,16,15,0,440000.0
3.0,1.75,7.02197642307216,8.612685172875459,1.5,0,0,4,1120,0.0,1925,1968,2014,5,0,35,63,0,464600.0
2.0,1.0,7.201170883281678,8.960467760919949,1.0,0,2,3,1340,0.0,1947,2012,2014,5,0,35,71,0,300000.0
4.0,2.0,7.372118028337787,8.81744592104187,1.0,0,0,3,1590,0.0,1951,1994,2014,5,0,35,46,0,670500.0
3.0,1.0,7.266128779556451,8.517393171418904,1.0,0,0,4,1080,5.860786223465865,1919,1985,2014,5,0,35,54,0,552000.0
4.0,1.0,7.280008252884188,9.10063710688422,1.0,0,0,3,1450,0.0,1943,2002,2014,5,0,35,65,0,244000.0
4.0,2.75,8.160803920954665,8.881975184248867,2.0,0,0,3,3500,0.0,2005,0,2014,5,0,31,32,0,788600.0
3.0,2.0,7.396948602621014,9.071423072789514,1.0,0,0,3,1630,0.0,1987,2000,2014,5,0,32,34,0,445000.0
4.0,1.75,7.503840746698951,8.517393171418904,1.0,0,0,4,944,6.769641976852503,1951,1999,2014,5,0,35,54,0,530000.0
2.0,1.0,6.364750756851911,8.922791623969637,1.0,0,0,3,580,0.0,1943,2002,2014,5,0,35,71,0,90000.0
3.0,2.0,7.421177528595393,8.427924723658055,1.5,0,0,3,1670,0.0,1931,0,2014,5,0,35,56,0,585000.0
2.0,2.0,7.039660349862076,9.021960500598263,1.0,0,0,3,1140,0.0,1924,2009,2014,5,0,19,21,0,498000.0
2.0,1.0,6.68586094706836,8.761080103868347,1.0,0,2,3,800,0.0,1940,1996,2014,5,0,35,54,0,379000.0
3.0,1.75,7.170888478512505,7.855932199718614,1.0,0,0,5,820,6.175867270105761,1919,1934,2014,5,0,35,54,0,462000.0
4.0,2.5,7.80016307039296,8.87570644462861,2.0,0,0,3,2440,0.0,1993,0,2014,5,0,32,36,0,388000.0
3.0,2.0,7.307202314764738,9.03264808356589,1.5,0,0,3,1490,0.0,1984,0,2014,5,0,18,19,0,255000.0
3.0,2.75,7.496097345175956,9.164401140034737,1.0,0,0,4,1320,6.175867270105761,1966,0,2014,5,0,3,5,0,665000.0
3.0,2.0,7.5126175446745105,9.121836973384779,1.0,0,0,5,1830,0.0,1959,0,2014,5,0,3,5,0,550000.0
3.0,1.0,7.313886831633462,8.27410200229233,1.0,0,0,3,1000,6.2166061010848646,1947,2012,2014,5,0,35,50,0,606000.0
4.0,2.5,7.701200180857446,8.71292443512011,1.0,0,2,4,1410,6.68586094706836,1965,0,2014,5,0,35,71,0,334000.0
3.0,2.0,7.147559271189454,7.188412736496954,3.0,0,0,3,1270,0.0,2006,0,2014,5,0,35,47,0,360000.0
2.0,1.0,7.039660349862076,7.456454555176209,1.5,0,0,3,1010,4.875197323201151,2007,0,2014,5,0,35,61,0,235000.0
3.0,2.5,7.390798521735676,7.068172000388042,3.0,0,4,3,1470,5.017279836814924,2008,0,2014,5,0,35,47,0,580000.0
3.0,2.0,7.107425474110705,7.079184394609668,3.0,0,0,3,1220,0.0,2007,0,2014,5,0,35,47,0,355000.0
2.0,2.5,6.621405651764134,7.266128779556451,2.0,0,0,3,750,0.0,2006,0,2014,5,0,35,59,0,375000.0
4.0,1.75,7.581209826196346,9.137877200242468,1.0,0,0,5,1340,6.431331081933479,1979,0,2014,5,2,27,27,0,372000.0
3.0,1.0,7.223295679562314,8.006700845440367,1.5,0,0,3,1370,0.0,1924,2011,2014,5,2,35,47,0,479000.0
5.0,4.0,8.429672593886743,8.39931015075952,3.0,1,4,3,4580,0.0,2004,2003,2014,5,2,33,43,0,2000000.0
2.0,1.0,6.918695219020472,8.371242135931933,1.0,0,0,5,1010,0.0,1924,1956,2014,5,2,35,54,0,501000.0
3.0,1.75,7.13966033596492,8.840580188488795,1.0,0,0,3,1260,0.0,1994,0,2014,5,2,21,23,0,245000.0
3.0,2.5,7.462214939768189,8.662677858158219,2.0,0,0,4,1740,0.0,1989,0,2014,5,2,16,17,0,496700.0
4.0,1.5,7.890208213109961,9.213036733523925,2.0,0,0,3,2670,0.0,1996,0,2014,5,2,1,45,0,347000.0
2.0,1.0,6.580639137284949,8.881975184248867,1.0,0,0,5,720,0.0,1943,0,2014,5,2,32,36,0,199000.0
3.0,2.5,7.8083230503910555,8.389359819906353,2.0,0,0,3,2460,0.0,2007,0,2014,5,2,38,38,0,440500.0
4.0,2.5,8.208219383496834,8.853808274977197,2.0,0,0,3,3670,0.0,2005,0,2014,5,2,33,43,0,820000.0
4.0,3.5,7.875119281040293,8.142063283104147,1.5,0,3,3,1640,6.898714534329988,1984,0,2014,5,3,34,72,0,325000.0
3.0,1.75,7.359467638255621,9.04310445260027,1.0,0,0,3,1570,0.0,1991,0,2014,5,3,12,12,0,195000.0
3.0,3.0,8.000014093678072,10.239995502805316,1.0,0,0,3,1820,7.057036981697891,1981,2013,2014,5,3,31,31,0,675000.0
3.0,2.5,7.353081920515432,8.343077871169383,2.0,0,0,3,1560,0.0,2003,0,2014,5,3,21,23,0,295000.0
3.0,2.5,7.390798521735676,8.910720661951359,1.0,0,0,5,1620,0.0,1955,0,2014,5,3,36,62,0,355300.0
3.0,1.0,7.039660349862076,8.517393171418904,1.0,0,0,3,1140,0.0,1960,2012,2014,5,1,35,49,0,276000.0
2.0,1.5,7.912423121473705,9.89736887152795,1.0,0,0,4,1570,7.057036981697891,1976,1992,2014,5,1,11,11,0,460000.0
3.0,2.0,7.664346632098617,10.467948725468029,1.0,0,0,4,2130,0.0,1989,0,2014,5,1,42,41,0,880000.0
3.0,2.5,7.484930283289661,8.30671904320269,2.0,0,0,3,1780,0.0,2001,0,2014,5,1,36,67,0,370000.0
4.0,2.5,7.650168700845001,8.27308133366583,2.0,0,0,3,2100,0.0,2009,0,2014,5,1,32,36,0,346000.0
3.0,1.0,7.039660349862076,9.082620630373812,1.0,0,0,3,1140,0.0,1972,2002,2014,5,1,1,0,0,172500.0
3.0,1.5,7.43307534889858,9.120962560824966,1.0,0,0,4,1140,6.311734809152915,1956,0,2014,5,1,17,16,0,379950.0
2.0,1.0,7.057036981697891,8.699681400989514,1.0,0,0,4,860,5.707110264748875,1942,1982,2014,5,5,35,54,0,468000.0
4.0,2.75,7.450660796211539,8.74369111054302,2.0,0,0,3,1720,0.0,1978,0,2014,5,5,35,57,0,477000.0
3.0,1.0,7.099201743553092,8.110427237575024,1.5,0,0,4,1210,0.0,1924,0,2014,5,5,35,50,0,529000.0
3.0,1.5,7.135687347028144,7.226209010100671,3.0,0,0,3,1255,0.0,2004,2003,2014,5,5,35,60,0,312000.0
2.0,1.0,6.78105762593618,8.946895523888447,1.0,0,0,3,880,0.0,1942,1999,2014,5,5,35,70,0,326100.0
3.0,1.0,6.957497370876951,9.127719343287845,1.5,0,0,3,1050,0.0,1954,2005,2014,5,5,35,60,0,360000.0
3.0,1.75,7.409136443920128,9.46815584482167,1.0,0,0,4,1650,0.0,1961,2001,2014,5,5,17,16,0,438000.0
3.0,1.0,7.359467638255621,9.155672970633875,1.0,0,0,3,1570,0.0,1954,2005,2014,5,5,36,70,0,360000.0
4.0,2.5,7.979681302387741,8.881975184248867,1.0,0,3,3,1470,7.280008252884188,1921,2006,2014,5,5,35,64,0,1050000.0
4.0,3.0,8.006700845440367,8.294299608857235,1.5,0,3,3,1970,6.93828448401696,1913,2014,2014,5,5,35,64,0,688000.0
3.0,1.75,7.523481312573497,8.95364003713313,1.0,0,0,4,1850,0.0,1983,0,2014,5,5,16,15,0,585000.0
3.0,2.5,7.273092595999522,8.954415331137593,1.0,0,0,4,1000,6.089044875446846,1983,0,2014,5,5,18,19,0,265000.0
3.0,1.75,7.273092595999522,9.079776001955066,1.0,0,0,3,1440,0.0,1973,2013,2014,5,5,19,22,0,375000.0
3.0,1.0,7.501634457883413,9.423514392252901,2.0,0,0,3,1810,0.0,1970,2014,2014,5,5,42,41,0,326500.0
2.0,1.0,7.074116816197362,9.143238568435446,1.0,0,0,3,1180,0.0,1918,0,2014,5,5,35,71,0,160000.0
4.0,3.75,8.029758520440822,8.674367865788236,2.0,0,0,5,2400,6.508769136971682,1927,0,2014,5,5,35,53,0,1570000.0
5.0,2.75,8.128880142125638,8.558718938244736,2.0,0,0,3,3390,0.0,2004,2003,2014,5,5,33,43,0,735000.0
2.0,1.0,7.293697720601438,8.71948076085107,1.0,0,0,2,1470,0.0,1940,0,2014,5,5,35,54,0,400000.0
4.0,2.5,7.893945138235959,8.881975184248867,1.0,0,0,3,1380,7.170888478512505,1952,2013,2014,5,5,19,21,0,800000.0
4.0,2.25,7.736743682453495,9.276876895776427,2.0,0,0,3,2290,0.0,1978,0,2014,5,5,3,3,0,949880.0
3.0,1.75,7.591357046698551,8.999742789830492,1.0,0,0,4,1310,6.508769136971682,1949,1985,2014,5,5,36,62,0,405000.0
4.0,2.5,7.962415680121064,9.13701670755734,2.0,0,0,3,2540,5.802118375377063,1979,2014,2014,5,5,32,36,0,399000.0
3.0,2.0,7.518064181233078,8.46611040118692,1.0,0,0,5,1010,6.7226297948554485,1951,0,2014,5,5,35,56,0,730001.0
4.0,3.25,8.309184527686298,9.472781556562168,2.0,0,3,3,4060,0.0,2000,0,2014,5,5,23,25,0,1795000.0
3.0,2.0,7.396948602621014,8.989569004807029,1.0,0,0,3,1630,0.0,2003,0,2014,5,5,28,28,0,260000.0
2.0,2.0,7.53955882930103,8.594339400592892,1.5,0,0,3,1880,0.0,1902,0,2014,5,5,35,53,0,751750.0
3.0,1.75,7.484930283289661,9.48006211905097,1.0,0,0,4,1780,0.0,1983,0,2014,5,5,18,26,0,325000.0
4.0,2.0,7.754052639035757,8.740496729931813,1.0,0,0,4,1400,6.836259277277067,1941,1998,2014,5,5,18,18,0,344950.0
3.0,1.75,7.518064181233078,8.301769763117166,1.0,0,0,5,1050,6.673297967767654,1925,0,2014,5,5,35,51,0,457500.0
5.0,2.0,7.754052639035757,9.282754052485227,1.0,0,0,4,1190,7.039660349862076,1962,0,2014,5,5,17,16,0,389000.0
4.0,2.5,8.071218539969863,8.775549434486189,2.0,0,0,3,3200,0.0,2005,0,2014,5,5,32,37,0,515000.0
3.0,2.5,7.754052639035757,7.59488438721652,2.0,0,4,3,1410,6.825460036255307,2004,2003,2014,5,5,35,50,0,732000.0
3.0,2.25,7.576097340623111,9.090317329376452,1.0,0,0,3,1350,6.398594934535208,1964,2000,2014,5,5,36,67,0,415000.0
4.0,3.5,8.033009498596668,8.479698986988657,2.0,0,3,3,2300,6.660575149839686,1937,2009,2014,5,5,35,74,0,1655000.0
2.0,1.0,6.947937068614969,8.617581365447506,1.0,0,0,3,1040,0.0,1951,1994,2014,5,5,35,54,0,535000.0
4.0,4.25,7.581209826196346,8.179199798423086,2.0,0,0,3,1960,0.0,1940,2003,2014,5,5,35,55,0,540000.0
5.0,3.0,7.919719760924575,8.24301946898925,1.5,0,0,5,1750,6.90875477931522,1926,0,2014,5,5,35,54,0,525000.0
3.0,1.75,7.565793282428515,10.497118219058828,1.0,0,0,3,1930,0.0,1977,2004,2014,5,5,42,41,0,570000.0
5.0,4.5,8.486940148245216,10.618958688974192,2.0,0,0,3,4850,0.0,2001,0,2014,5,5,14,13,0,569950.0
4.0,2.5,7.592366128519796,8.765146421639022,2.0,0,0,3,1982,0.0,2004,2003,2014,5,5,18,18,0,283200.0
3.0,2.75,7.878912912297133,8.30671904320269,1.5,0,0,5,1750,6.792344427470809,1926,0,2014,5,5,35,53,0,1100000.0
4.0,2.5,7.523481312573497,10.83295114012053,1.0,0,0,3,1430,6.042632833682381,1978,0,2014,5,5,31,31,0,830000.0
4.0,2.25,7.57095858316901,9.120962560824966,1.0,0,0,4,1430,6.236369590203704,1956,0,2014,5,5,3,6,0,495000.0
5.0,3.0,7.951911381854188,8.881836305004146,1.0,0,0,3,1710,7.030857476116121,2003,0,2014,5,5,40,71,0,292050.0
5.0,1.5,7.550135342488429,9.232786560806012,1.0,0,0,3,1130,6.647688373563329,1961,2004,2014,5,5,19,22,0,415000.0
5.0,1.0,7.252053951852814,8.764209507142004,1.0,0,0,5,960,6.111467339502679,1955,0,2014,5,5,10,73,0,295832.0
4.0,2.5,7.83241092718792,9.049702026013371,2.0,0,0,3,2520,0.0,1999,0,2014,5,5,11,11,0,450000.0
4.0,3.75,8.058643712215618,9.161780181360806,2.5,0,0,3,3160,0.0,1997,0,2014,5,5,23,25,0,1381000.0
4.0,3.0,8.221747728346623,10.276567200500137,2.0,0,0,3,3720,0.0,1991,0,2014,5,5,19,21,0,857000.0
3.0,3.5,7.507141079727608,7.31455283232408,2.0,0,0,3,1430,5.968707559985366,2014,0,2014,5,5,35,64,0,499950.0
3.0,2.0,7.353081920515432,9.0642735958414,1.0,0,0,5,1560,0.0,1967,0,2014,5,5,19,22,0,465000.0
3.0,1.0,7.3783837129967145,8.69165057315339,1.0,0,0,4,1150,6.111467339502679,1964,0,2014,5,5,35,49,0,329000.0
3.0,2.0,7.115582126184454,9.35036314989601,1.0,0,0,4,1230,0.0,1984,0,2014,5,5,31,31,0,475000.0
3.0,1.0,6.8679744089702925,8.999742789830492,1.0,0,0,3,960,0.0,1955,2005,2014,5,5,36,67,0,255000.0
3.0,1.0,7.147559271189454,8.294299608857235,1.5,0,2,3,1270,0.0,1928,1954,2014,5,5,35,61,0,435000.0
3.0,2.5,7.941295570906532,8.94910546953925,2.0,0,0,3,2810,0.0,2001,0,2014,5,5,3,5,0,685000.0
2.0,2.5,7.6783263565068856,8.627302414096267,1.0,0,0,3,2160,0.0,2002,0,2014,5,5,31,32,0,715000.0
3.0,3.0,7.83241092718792,7.674617497364363,1.5,0,0,3,1560,6.8679744089702925,1925,2006,2014,5,5,35,58,0,780000.0
2.0,1.5,7.074116816197362,6.739336627357174,2.0,0,0,3,990,5.25227342804663,2005,0,2014,5,5,35,64,0,345000.0
4.0,2.25,7.501634457883413,8.511376306094673,2.0,0,0,3,1810,0.0,2003,0,2014,5,5,32,37,0,355000.0
3.0,2.5,7.427144133408616,9.662180030594246,1.0,0,0,3,1240,6.089044875446846,1994,0,2014,5,5,18,19,0,282000.0
3.0,1.0,6.814542897259958,8.566173813637858,1.0,0,0,4,910,0.0,1971,0,2014,5,5,6,68,0,244000.0
3.0,3.75,8.086717920303906,8.6652683094816,2.0,0,2,4,2370,6.78105762593618,1951,1999,2014,5,5,35,74,0,967500.0
3.0,1.5,7.601402334583733,8.894944460956886,1.0,0,0,3,1520,6.175867270105761,1965,1993,2014,5,5,35,57,0,375000.0
3.0,3.25,8.240385115516334,9.852246888342531,2.0,0,4,3,3790,0.0,1985,0,2014,5,5,35,70,0,1600000.0
3.0,1.75,7.745435610274381,11.275239178839687,1.0,0,0,3,1760,6.311734809152915,1977,2004,2014,5,5,16,15,0,527500.0
3.0,2.25,7.828436359157585,8.754634047431272,1.5,0,2,5,1810,6.55250788703459,1932,2002,2014,5,5,35,74,0,994000.0
3.0,1.75,7.186144304522325,8.733271845008325,1.0,0,0,5,1320,0.0,1948,1985,2014,5,5,36,62,0,313000.0
3.0,1.0,6.803505257608338,8.922791623969637,1.0,0,0,4,900,0.0,1972,0,2014,5,5,19,22,0,304000.0
3.0,2.5,7.840312983320164,8.946505025998682,2.0,0,1,4,2540,0.0,1940,2001,2014,5,5,35,70,0,675000.0
4.0,1.0,7.650168700845001,9.136586183387521,1.0,0,0,4,1050,6.957497370876951,1968,0,2014,5,5,32,36,0,305000.0
3.0,1.0,7.0909098220799835,8.740496729931813,1.0,0,0,3,920,5.638354669333745,1943,2002,2014,5,5,35,69,0,280000.0
5.0,4.0,8.221747728346623,9.62911649414402,2.0,0,0,3,3720,0.0,2005,0,2014,5,5,33,43,0,960000.0
3.0,2.25,7.473637108496206,8.420682291035394,2.0,0,0,3,1760,0.0,1988,2000,2014,5,5,16,17,0,500000.0
3.0,1.75,7.421177528595393,8.91139510724569,1.0,0,0,3,1320,5.860786223465865,1987,2000,2014,5,5,9,26,0,274950.0
3.0,2.5,7.791935956938058,9.018332049592685,2.0,0,0,3,2420,0.0,1998,2006,2014,5,5,38,38,0,455600.0
5.0,3.0,8.15507488781144,9.62812922977318,2.0,0,0,4,3480,0.0,1964,0,2014,5,5,23,25,0,970000.0
4.0,2.5,7.396948602621014,8.406038142050075,2.0,0,0,3,1630,0.0,2003,0,2014,5,5,21,23,0,312900.0
4.0,2.5,7.75833346749091,8.630700432209832,2.0,0,0,3,2340,0.0,1921,2013,2014,5,5,35,65,0,535000.0
2.0,1.0,6.825460036255307,8.237743803890933,1.0,0,0,3,920,0.0,1910,2006,2014,5,5,35,47,0,427000.0
2.0,1.0,6.814542897259958,8.778171881033469,1.0,0,0,3,910,0.0,1942,1999,2014,5,5,35,54,0,405000.0
3.0,1.0,7.048386408721883,8.506334448081361,1.0,0,2,3,1150,0.0,1943,2002,2014,5,5,35,61,0,480000.0
3.0,1.5,7.824445930877619,8.471149252914831,1.5,0,2,3,1450,6.957497370876951,1940,1996,2014,5,5,35,50,0,725000.0
4.0,2.0,7.565793282428515,8.79497643168877,1.0,0,0,4,1030,6.803505257608338,1967,0,2014,5,5,6,69,0,268000.0
3.0,2.5,7.372118028337787,7.844240718141811,3.0,0,0,3,1590,0.0,1985,0,2014,5,5,35,56,0,488000.0
4.0,2.5,8.11102783819368,8.909235279192261,2.0,0,0,3,3330,0.0,2009,0,2014,5,5,31,31,0,760000.0
5.0,4.5,8.431853144249223,9.594649938011555,2.0,0,0,3,4590,0.0,2009,0,2014,5,5,19,21,0,1710000.0
3.0,2.5,7.8674885686991285,8.889721799278137,2.0,0,0,3,2610,0.0,2014,0,2014,5,5,19,21,0,754950.0
3.0,2.5,7.413970290190444,7.901377353792616,2.0,0,0,3,1658,0.0,2014,0,2014,5,5,10,73,0,263900.0
3.0,3.5,7.3783837129967145,7.266827347520591,2.0,0,0,3,1240,5.8888779583328805,2006,0,2014,5,5,35,56,0,460000.0
3.0,3.0,7.167809184316444,6.9584483932976555,3.0,0,0,3,1296,0.0,2009,0,2014,5,5,35,60,0,399950.0
2.0,2.25,7.155396301896734,6.728628613084702,2.0,0,0,3,1080,5.303304908059076,2009,0,2014,5,5,35,57,0,370000.0
4.0,3.0,8.689632748355741,9.353054474175359,2.0,0,4,3,4950,6.898714534329988,2004,2003,2014,5,5,38,38,0,1149000.0
4.0,3.25,7.828436359157585,8.57772369115627,2.0,0,0,3,2510,0.0,2009,0,2014,5,5,32,34,0,450800.0
3.0,3.5,7.905072849498666,8.153637486385282,2.0,0,0,3,1650,6.966967138613983,2005,0,2014,5,5,16,15,0,627000.0
3.0,2.5,7.467942332285852,7.3453648404168685,3.0,0,0,3,1750,0.0,2013,1923,2014,5,5,35,57,0,495000.0
3.0,1.0,7.266128779556451,9.898575508175107,1.5,0,0,4,1430,0.0,1927,0,2014,5,6,17,16,0,310000.0
4.0,1.0,7.415175109613295,10.458779721372386,1.0,0,0,1,930,6.594413459749778,1933,0,2014,5,6,31,31,0,550000.0
2.0,1.0,7.186144304522325,9.089979015305,1.0,0,0,4,1320,0.0,1943,0,2014,5,6,6,69,0,215000.0
4.0,2.5,7.916078096302786,10.671324678727517,2.0,0,0,3,2740,0.0,1993,0,2014,5,6,42,44,0,630000.0
3.0,2.5,7.822444729489319,8.38958706681109,2.0,0,0,3,2495,0.0,2007,0,2014,5,6,14,0,0,267000.0
6.0,2.75,7.741099090035366,10.117549995114146,1.5,0,0,4,2300,0.0,1950,1985,2014,5,6,23,25,0,900000.0
3.0,1.5,7.170888478512505,9.412546252075513,1.0,0,0,3,1300,0.0,1963,2008,2014,5,6,17,16,0,365000.0
4.0,2.5,7.7102051944325325,9.251002353695073,1.0,0,0,5,1450,6.660575149839686,1974,0,2014,5,6,16,43,0,544500.0
4.0,2.75,7.611347717403621,7.919719760924575,1.0,0,0,3,1010,6.918695219020472,1917,2014,2014,5,6,35,59,0,599000.0
4.0,2.25,7.601402334583733,8.24301946898925,2.0,0,0,3,2000,0.0,2001,0,2014,5,6,35,54,0,815000.0
2.0,1.0,6.966967138613983,9.01042494678118,1.0,0,0,4,1060,0.0,1952,0,2014,5,6,36,62,0,254000.0
2.0,1.75,7.640603826393634,8.476579508530941,1.0,0,0,5,1080,6.90875477931522,1923,0,2014,5,6,35,56,0,740000.0
3.0,2.0,7.616283561580385,10.119807878502213,1.0,0,0,4,1220,6.698268054115413,1979,0,2014,5,6,1,0,0,225000.0
3.0,2.5,7.897668150726906,8.853808274977197,2.0,0,0,5,1840,6.7464121285733745,1943,0,2014,5,6,35,54,0,925000.0
4.0,2.5,8.083637203141548,9.287394001418473,1.0,0,0,3,2260,6.8885724595653635,1946,0,2014,5,6,35,48,0,1285000.0
3.0,2.5,7.346655163176539,9.46660917372222,2.0,0,0,5,1550,0.0,1999,0,2014,5,6,19,21,0,537000.0
4.0,2.0,7.300472814267799,8.049746290952191,1.0,0,0,5,740,6.608000625296087,1910,0,2014,5,6,35,51,0,335000.0
4.0,2.75,8.019941687677365,7.937731775260109,2.0,0,0,3,2100,6.846943139585379,1906,2014,2014,5,6,35,46,0,840000.0
3.0,1.5,7.353081920515432,8.895766604056085,1.0,0,0,4,1040,6.255750041753367,1964,0,2014,5,6,1,0,0,224000.0
3.0,2.5,7.719129840906732,8.231642179973411,2.0,0,0,3,2250,0.0,2006,0,2014,5,6,32,37,0,395000.0
3.0,1.0,7.00397413672268,8.434028950155469,1.0,0,0,3,1100,0.0,1917,2009,2014,5,6,35,55,0,450000.0
3.0,1.0,7.438971592395862,8.757311846936409,1.5,0,0,3,1700,0.0,1907,1983,2014,5,6,35,57,0,681000.0
5.0,1.5,7.893945138235959,10.240495359999384,1.0,0,0,4,1450,7.115582126184454,1963,0,2014,5,6,3,3,0,898000.0
3.0,1.0,6.68586094706836,7.739359202689098,1.0,0,0,4,800,0.0,1908,0,2014,5,6,35,47,0,370000.0
2.0,1.75,7.208600337960199,8.750841375375533,1.0,0,0,3,1350,0.0,2005,0,2014,5,6,31,32,0,429000.0
3.0,1.0,6.710523109452428,8.946505025998682,1.5,0,0,3,820,0.0,1910,2006,2014,5,6,35,49,0,150000.0
3.0,2.5,8.058643712215618,8.359603270841466,2.0,0,0,3,2650,6.236369590203704,2006,0,2014,5,6,5,9,0,555000.0
3.0,2.75,7.450660796211539,10.239995502805316,1.0,0,0,4,1720,0.0,1958,1972,2014,5,6,32,36,0,326000.0
3.0,2.5,7.427144133408616,8.81818627792769,2.0,0,0,3,1680,0.0,1994,0,2014,5,6,1,45,0,225000.0
3.0,1.75,7.170888478512505,8.98205864280585,1.0,0,0,3,1300,0.0,1996,0,2014,5,6,1,45,0,245100.0
3.0,2.5,7.692113339595466,9.246768728589734,2.0,0,0,3,2190,0.0,1987,2000,2014,5,6,33,42,0,665000.0
3.0,2.5,7.450660796211539,8.295798110636145,2.0,0,0,3,1720,0.0,1994,0,2014,5,6,16,17,0,535000.0
3.0,1.0,7.057036981697891,9.373903755841548,1.0,0,0,3,1160,0.0,1968,1997,2014,5,6,42,44,0,305000.0
7.0,4.0,8.055475141757274,10.458263073829322,1.0,0,0,3,3150,0.0,1957,2005,2014,5,6,3,6,0,999000.0
3.0,1.75,7.099201743553092,8.996651979432729,1.0,0,0,4,1210,0.0,1983,0,2014,5,6,28,28,0,215000.0
3.0,1.75,7.591357046698551,8.537191877922927,1.0,0,0,3,1270,6.566672429803241,1965,1993,2014,5,6,35,47,0,432500.0
4.0,2.5,8.003363058629947,8.642944396721798,2.0,0,0,3,2990,0.0,2003,0,2014,5,6,33,42,0,655000.0
3.0,1.5,7.266128779556451,9.169622538697624,1.0,0,0,4,1430,0.0,1966,0,2014,5,6,32,37,0,266200.0
3.0,2.5,7.630946580890459,8.301769763117166,2.0,0,0,3,2060,0.0,1999,0,2014,5,6,18,20,0,244615.0
4.0,3.0,7.7102051944325325,10.877745260164815,2.0,0,0,3,2230,0.0,1991,0,2014,5,6,18,18,0,460000.0
4.0,2.5,8.036249942132116,9.833386924856638,2.0,0,0,3,3090,0.0,1995,0,2014,5,6,14,13,0,370000.0
6.0,3.25,8.35490952835879,10.057366766948556,1.0,0,3,3,2150,7.650168700845001,1967,2011,2014,5,6,14,2,0,465000.0
3.0,2.5,7.58629630715272,10.051088256601693,1.0,1,4,3,1100,6.769641976852503,1937,1998,2014,5,6,35,63,0,1175000.0
2.0,2.0,7.438971592395862,8.06211758275474,1.0,0,0,5,850,6.7464121285733745,1927,0,2014,5,6,1,1,0,189000.0
3.0,2.5,7.828436359157585,8.61323037961318,2.0,0,2,3,2510,0.0,1995,0,2014,5,6,35,63,0,820000.0
6.0,2.75,8.191740021277457,9.774574052442789,1.0,0,4,5,2070,7.340186835320115,1959,0,2014,5,6,33,43,0,968000.0
4.0,3.25,8.000014093678072,8.853808274977197,2.0,0,3,3,2140,6.734591659972948,1900,2014,2014,5,6,35,64,0,1400000.0
3.0,1.75,7.384610383176974,8.776630098427717,1.0,0,0,4,1610,0.0,1947,1988,2014,5,6,35,60,0,438750.0
4.0,2.75,8.202756381655638,8.851233902846035,2.0,0,2,4,2530,7.02197642307216,1951,2003,2014,5,6,35,54,0,1210000.0
4.0,2.0,7.828436359157585,10.549071316164463,1.0,0,0,3,2510,0.0,1960,2012,2014,5,6,19,22,0,600000.0
3.0,1.0,7.01301578963963,8.699681400989514,1.5,0,0,5,1110,0.0,1932,2002,2014,5,6,35,74,0,589000.0
3.0,2.0,7.409136443920128,8.724369949208368,2.0,0,0,4,1650,0.0,1926,1993,2014,5,6,35,55,0,590000.0
3.0,2.0,7.591357046698551,9.405166749908611,1.0,0,0,3,1980,0.0,1994,0,2014,5,6,18,26,0,479900.0
2.0,1.5,6.78105762593618,7.05444965813294,2.0,0,0,3,880,0.0,2007,0,2014,5,6,35,61,0,210000.0
3.0,1.75,7.307202314764738,9.19023970026918,1.0,0,0,4,1140,5.860786223465865,1947,1988,2014,5,6,2,3,0,745000.0
3.0,2.0,7.83241092718792,8.594339400592892,1.5,0,0,4,1410,7.01301578963963,1906,1990,2014,5,6,35,58,0,840500.0
3.0,1.75,7.507141079727608,10.013283218359012,1.0,0,0,3,1250,6.3473892096560105,1977,2004,2014,5,6,31,32,0,420000.0
7.0,4.5,8.328692583545568,9.112396727646056,1.0,0,0,3,2070,7.635786861395585,1978,0,2014,5,6,35,60,0,565000.0
4.0,2.5,8.137688184977605,9.036701015565063,2.0,0,0,3,3420,0.0,2000,0,2014,5,6,33,42,0,840000.0
4.0,2.5,8.055475141757274,8.892611378172106,2.0,0,0,3,3150,0.0,2006,0,2014,5,6,32,34,0,681716.0
3.0,1.75,7.365812837209472,8.911529941736559,1.0,0,0,3,1150,6.066108090103747,1967,2011,2014,5,6,3,4,0,600000.0
3.0,2.0,7.415175109613295,9.021839764105513,1.0,0,0,3,1660,0.0,1949,1998,2014,5,6,35,63,0,380000.0
3.0,1.0,7.00397413672268,9.222861652529854,1.0,0,0,3,1100,0.0,1969,2010,2014,5,6,9,26,0,168500.0
2.0,1.0,7.147559271189454,8.071218539969863,1.0,0,0,4,960,5.739792912179234,1920,0,2014,5,6,35,47,0,355000.0
4.0,1.0,7.280008252884188,8.740496729931813,1.0,0,0,3,990,6.133398042996649,1964,2000,2014,5,6,35,65,0,277000.0
4.0,2.25,7.5126175446745105,9.157572306437528,1.0,0,0,4,1200,6.447305862541213,1989,0,2014,5,6,14,13,0,236000.0
3.0,1.75,7.170888478512505,8.325548307161398,1.0,0,0,4,650,6.478509642208569,1918,1953,2014,5,6,35,49,0,270000.0
2.0,1.75,7.749753406274437,8.612685172875459,1.5,0,2,3,1720,6.398594934535208,1925,2000,2014,5,6,35,64,0,700000.0
4.0,2.75,7.427144133408616,9.163877497565842,1.0,0,0,4,1080,6.398594934535208,1979,0,2014,5,6,17,16,0,425000.0
3.0,2.5,7.741099090035366,8.612685172875459,1.5,0,0,4,2000,5.707110264748875,1921,0,2014,5,6,35,64,0,635000.0
3.0,1.75,7.244941546337007,8.294299608857235,1.0,0,0,3,870,6.274762021241939,1951,1994,2014,5,6,35,56,0,510250.0
4.0,2.25,7.787796878181171,8.4252971767117,2.0,0,2,5,1800,6.415096959171596,1929,0,2014,5,6,35,56,0,960000.0
3.0,2.0,7.300472814267799,8.920121751872404,1.0,0,0,4,1480,0.0,1992,0,2014,5,6,21,23,0,254000.0
3.0,1.0,7.237778191923443,9.172119159155985,1.5,0,0,4,1390,0.0,1954,1979,2014,5,6,36,67,0,299000.0
2.0,1.0,6.7226297948554485,7.90100705199242,1.0,0,0,3,830,0.0,1996,0,2014,5,6,21,23,0,175000.0
2.0,1.0,6.608000625296087,9.105424202026622,1.0,0,0,3,740,0.0,1949,1998,2014,5,6,18,19,0,157500.0
5.0,2.0,7.57095858316901,8.699681400989514,1.0,0,0,5,970,6.878326468291325,1945,0,2014,5,6,35,54,0,580000.0
3.0,1.0,7.201170883281678,9.65509029374725,1.0,0,0,4,1340,0.0,1978,2000,2014,5,6,18,26,0,124740.0
8.0,3.5,8.398634855292102,8.776630098427717,2.0,0,3,5,3140,7.170888478512505,1959,0,2014,5,6,35,53,0,1970000.0
2.0,1.0,6.68586094706836,8.738895704934043,1.0,0,0,3,800,0.0,1954,2005,2014,5,6,35,60,0,285000.0
3.0,1.75,7.1785454837637,9.174298600628918,1.0,0,0,3,1310,0.0,1979,2014,2014,5,6,34,73,0,242000.0
4.0,1.75,7.754052639035757,8.294299608857235,2.0,0,0,5,1300,6.93828448401696,1924,1956,2014,5,6,35,48,0,840000.0
2.0,3.25,7.244941546337007,7.126087273299125,3.0,0,0,3,1400,0.0,2000,0,2014,5,6,35,47,0,474800.0
4.0,2.5,7.766840537085513,8.38206051742474,2.0,0,0,3,2360,0.0,2003,0,2014,5,6,42,41,0,490000.0
3.0,2.25,7.518064181233078,8.657476736863293,2.0,0,0,3,1840,0.0,2003,0,2014,5,6,19,22,0,465000.0
4.0,2.5,7.893945138235959,8.878915376576483,2.0,0,0,3,2680,0.0,2004,2003,2014,5,6,38,38,0,515000.0
3.0,3.75,8.266421472984554,8.87360810154911,1.0,0,2,3,2390,7.313886831633462,1943,2007,2014,5,6,35,71,0,430000.0
3.0,2.0,7.244941546337007,9.0642735958414,1.0,0,0,5,1400,0.0,1968,0,2014,5,6,14,2,0,253400.0
3.0,2.5,7.783640596221253,9.180087328805161,1.0,0,0,3,2400,0.0,1990,2009,2014,5,6,14,13,0,355000.0
4.0,2.25,7.979681302387741,10.744106012454282,2.0,0,0,4,2920,0.0,1998,0,2014,5,6,13,14,0,740000.0
2.0,2.0,7.237778191923443,7.172424577124845,2.0,0,0,3,1390,0.0,1986,0,2014,5,6,14,2,0,186950.0
3.0,2.5,7.427144133408616,9.323133199451306,2.0,0,0,3,1680,0.0,1984,0,2014,5,6,32,36,0,306000.0
4.0,1.5,7.621195162809845,9.082620630373812,1.0,0,0,4,1020,6.928537818164665,1961,2001,2014,5,6,3,6,0,510000.0
2.0,1.0,6.985641817639208,8.294299608857235,1.0,0,0,3,1080,0.0,1940,1996,2014,5,6,35,56,0,345000.0
3.0,2.75,7.732369222284388,8.361941906144946,1.0,0,0,5,1280,6.90875477931522,1917,0,2014,5,6,35,47,0,875000.0
4.0,3.5,8.409830673087738,8.536995818712418,2.0,0,0,3,3390,7.00397413672268,2006,0,2014,5,6,38,38,0,700000.0
4.0,3.25,8.45553053102413,9.122710622015209,1.0,0,4,3,2520,7.687538766201629,2005,0,2014,5,6,35,55,0,1400000.0
4.0,2.5,7.937017489515454,8.406038142050075,2.0,0,0,3,2798,0.0,2012,1912,2014,5,6,32,33,0,499950.0
3.0,2.5,7.941295570906532,8.594339400592892,2.0,0,0,3,2810,0.0,2005,0,2014,5,6,31,31,0,739000.0
4.0,2.5,8.230577217146454,8.882530508433623,2.0,0,0,3,3336,6.035481432524756,2008,0,2014,5,6,14,13,0,363000.0
4.0,3.5,8.271548374755515,8.999125391527247,2.0,0,0,3,3130,6.660575149839686,2007,0,2014,5,6,16,17,0,782000.0
2.0,2.5,6.957497370876951,7.383989457978509,2.0,0,0,3,1050,0.0,2005,0,2014,5,6,35,64,0,325000.0
4.0,1.0,7.3783837129967145,8.366602832783736,1.5,0,0,4,1600,0.0,1916,0,2014,5,4,35,47,0,485000.0
4.0,2.25,7.85979918056211,9.21064032698518,1.0,0,0,4,1340,7.1316985104669115,1968,0,2014,5,4,17,16,0,452000.0
4.0,2.25,7.450660796211539,9.185432736269998,1.0,0,0,4,1120,6.398594934535208,1978,2000,2014,5,4,14,13,0,264950.0
6.0,2.5,8.39185670010494,9.549309488795982,1.0,0,2,4,2350,7.630946580890459,1965,0,2014,5,4,14,2,0,472000.0
3.0,1.75,7.372118028337787,9.385553389532843,1.0,0,2,3,1090,6.2166061010848646,1957,2000,2014,5,4,34,72,0,267500.0
4.0,2.5,7.80016307039296,10.02548392184538,2.0,0,0,3,2440,0.0,1996,0,2014,5,4,31,32,0,565000.0
3.0,2.5,7.215975002651466,6.92461239604856,3.0,0,0,3,1310,3.9318256327243257,2003,0,2014,5,4,35,54,0,535000.0
2.0,1.0,6.814542897259958,8.853808274977197,1.0,0,0,3,910,0.0,1952,2008,2014,5,4,35,54,0,389000.0
4.0,1.5,7.237778191923443,8.881975184248867,1.0,0,0,3,1140,5.5254529391317835,1965,1993,2014,5,4,35,62,0,400000.0
3.0,1.5,7.293697720601438,9.603867842511304,1.0,0,0,4,1470,0.0,1958,1972,2014,5,4,18,26,0,264000.0
4.0,2.5,7.979681302387741,9.20079495913265,2.0,0,0,4,2920,0.0,1990,0,2014,5,4,16,17,0,690000.0
3.0,1.75,7.576097340623111,10.863929132145572,1.0,0,0,4,1950,0.0,1985,0,2014,5,4,18,26,0,412000.0
3.0,2.5,7.779466967458324,8.424200324567073,2.0,0,0,3,2390,0.0,2006,0,2014,5,4,33,42,0,695000.0
3.0,1.5,7.147559271189454,9.358846580275406,1.0,0,0,4,1270,0.0,1964,0,2014,5,4,18,19,0,246500.0
2.0,1.0,6.85751406254539,8.93075873555827,1.0,0,0,3,950,0.0,1958,2004,2014,5,4,32,36,0,230000.0
4.0,2.25,7.732369222284388,8.804024902413179,1.5,0,2,3,1960,5.771441123130016,1940,1984,2014,5,4,35,58,0,820000.0
3.0,1.0,6.918695219020472,8.610865667278873,1.0,0,0,3,1010,0.0,1954,2005,2014,5,4,34,69,0,145000.0
2.0,1.0,7.13966033596492,8.517393171418904,1.0,0,0,3,1040,5.3981627015177525,1951,1994,2014,5,4,35,56,0,436500.0
4.0,3.5,8.461891875631148,9.516868732224324,1.5,0,0,5,4270,6.133398042996649,1935,0,2014,5,4,35,53,0,2453500.0
3.0,2.5,7.8713112033234065,9.979892883738533,2.0,0,0,3,2620,0.0,1992,0,2014,5,4,31,32,0,672000.0
3.0,2.25,7.754052639035757,8.294299608857235,1.5,0,2,5,1520,6.698268054115413,1927,0,2014,5,4,35,54,0,680000.0
5.0,3.0,7.682943169878292,7.80016307039296,1.5,0,0,4,1450,6.580639137284949,1911,1966,2014,5,4,35,48,0,750500.0
5.0,2.0,7.804251383528112,9.15788851197376,1.0,0,0,4,1240,7.099201743553092,1900,1955,2014,5,4,35,62,0,550000.0
4.0,1.75,7.53955882930103,8.94023623179847,1.0,0,0,4,1180,6.55250788703459,1978,2000,2014,5,4,14,13,0,266500.0
4.0,2.0,7.741099090035366,8.131824785007195,1.5,0,0,5,1550,6.621405651764134,1915,0,2014,5,4,35,56,0,619000.0
3.0,2.0,7.123672785204607,9.575330647518628,1.0,0,0,3,1240,0.0,1988,2000,2014,5,4,31,32,0,405000.0
2.0,1.0,6.710523109452428,8.254528881939745,1.0,0,0,4,820,0.0,1916,0,2014,5,4,35,62,0,300000.0
4.0,2.0,7.333676395657684,8.760296220470051,2.0,0,0,3,1530,0.0,1942,1983,2014,5,4,32,36,0,231000.0
5.0,3.25,7.972810784121404,9.405989388981,1.0,0,0,4,1890,6.918695219020472,1967,0,2014,5,4,3,4,0,790000.0
4.0,2.75,7.123672785204607,8.260492856573185,1.0,0,0,3,800,6.089044875446846,1987,2000,2014,5,4,35,60,0,400000.0
4.0,3.5,8.328692583545568,9.502487461387123,2.0,0,0,3,4140,0.0,2000,0,2014,5,4,25,37,0,950000.0
4.0,2.0,7.714677473800927,8.952346543226227,1.0,0,0,5,1120,7.02197642307216,1956,0,2014,5,4,35,49,0,450000.0
3.0,2.0,7.300472814267799,8.517393171418904,1.0,0,0,4,750,6.594413459749778,1928,0,2014,5,4,35,56,0,595000.0
3.0,2.25,7.7279755421055585,9.09121894106832,1.0,0,0,3,1380,6.792344427470809,1977,2004,2014,5,4,32,36,0,332000.0
3.0,1.0,7.1316985104669115,8.740496729931813,1.0,0,0,2,1030,5.3981627015177525,1949,0,2014,5,4,35,51,0,155000.0
5.0,2.0,7.565793282428515,9.184817414745098,1.0,0,0,4,1020,6.814542897259958,1962,0,2014,5,4,17,16,0,400000.0
4.0,1.75,7.438971592395862,8.962007209588313,1.0,0,0,5,1120,6.364750756851911,1981,0,2014,5,4,32,37,0,349000.0
3.0,1.0,7.372118028337787,8.76732914779405,1.0,0,0,3,1590,0.0,1944,0,2014,5,4,35,63,0,529000.0
5.0,1.75,7.53955882930103,9.210440366976517,1.0,0,0,3,960,6.825460036255307,1963,2008,2014,5,4,19,22,0,405000.0
4.0,1.75,7.403061091090091,8.352554369474591,1.0,0,0,5,920,6.580639137284949,1921,0,2014,5,4,35,56,0,635200.0
3.0,1.5,7.8636512654486515,8.534246945982066,1.0,0,0,4,1400,7.0909098220799835,1940,2001,2014,5,4,35,61,0,540000.0
2.0,1.0,6.566672429803241,7.068172000388042,2.0,0,0,4,710,0.0,1943,0,2014,5,4,35,46,0,402000.0
6.0,4.25,8.850947451970402,9.660332602134424,3.0,0,4,4,5330,7.409136443920128,1999,0,2014,5,4,23,25,0,3100000.0
3.0,1.5,7.2868764117507,8.525359754082631,1.0,0,0,3,1100,5.8888779583328805,1971,0,2014,5,4,35,62,0,329932.0
3.0,2.5,7.640603826393634,9.19299073364107,2.0,0,0,3,2080,0.0,1989,0,2014,5,4,14,13,0,300000.0
5.0,2.5,7.875119281040293,9.128804883993665,2.0,0,0,3,2630,0.0,2003,0,2014,5,4,11,11,0,525000.0
4.0,3.25,8.39638057119949,9.952325334619427,2.0,0,0,3,4430,0.0,1952,2007,2014,5,4,22,24,0,2750000.0
4.0,2.5,7.923348211930154,8.832149906002899,2.0,0,0,3,2760,0.0,1999,0,2014,5,4,25,34,0,602500.0
4.0,2.0,7.421177528595393,9.397400683117311,1.0,0,0,3,1670,0.0,1955,2005,2014,5,4,17,16,0,400000.0
4.0,1.75,7.596392304064196,8.460834457746854,1.5,0,0,4,1190,6.68586094706836,1944,0,2014,5,4,35,61,0,445000.0
3.0,3.0,7.8636512654486515,8.56388591940822,1.5,0,3,3,1890,6.566672429803241,1989,0,2014,5,4,10,73,0,525000.0
2.0,1.0,7.186144304522325,7.509335266016592,1.5,0,0,4,1320,0.0,1909,1989,2014,5,4,35,64,0,395000.0
3.0,1.5,7.714677473800927,8.24301946898925,2.0,0,0,3,1370,6.769641976852503,1929,0,2014,5,4,35,54,0,510000.0
4.0,2.25,7.581209826196346,9.068892008391808,1.0,0,0,4,1290,6.508769136971682,1959,0,2014,5,4,3,3,0,723000.0
3.0,2.0,7.85979918056211,11.598194491615347,2.0,0,0,3,1980,6.415096959171596,1988,2000,2014,5,4,21,23,0,503000.0
4.0,2.75,7.8713112033234065,8.8110561229431,2.0,0,0,3,2620,0.0,2000,0,2014,5,4,33,43,0,672500.0
3.0,2.5,7.9269635448629785,9.120087382998621,2.0,0,0,3,2770,0.0,1991,0,2014,5,4,3,5,0,860000.0
3.0,1.0,7.65491704784832,9.21094019204815,1.0,0,0,5,1110,6.90875477931522,1924,1956,2014,5,4,19,21,0,475300.0
4.0,2.5,7.736743682453495,8.420682291035394,2.0,0,0,3,2290,0.0,2001,0,2014,5,4,32,36,0,295000.0
4.0,4.25,8.509362612301048,8.699681400989514,2.5,0,0,3,3680,7.155396301896734,1909,2003,2014,5,4,35,52,0,1425000.0
2.0,1.0,7.01301578963963,10.167849819666293,1.0,0,0,3,1110,0.0,1951,1994,2014,5,4,34,69,0,250000.0
4.0,2.75,8.105005537547246,8.726967774991493,2.0,0,0,3,3310,0.0,2008,0,2014,5,4,38,38,0,658000.0
2.0,1.0,6.803505257608338,9.057305735807121,1.0,0,0,3,900,0.0,1918,0,2014,5,4,40,69,0,83000.0
3.0,1.75,7.57095858316901,8.897545598709327,1.0,0,1,4,1440,6.2166061010848646,1960,2001,2014,5,4,35,63,0,685000.0
3.0,1.75,7.372118028337787,8.938269147038548,2.0,0,0,3,1590,0.0,1986,0,2014,5,4,10,73,0,210000.0
3.0,2.5,7.983098940710892,8.707978826622321,2.0,0,0,3,2930,0.0,2008,0,2014,5,4,38,38,0,650880.0
4.0,2.5,7.621195162809845,10.02809171576066,2.0,0,0,3,2040,0.0,2011,0,2014,5,4,35,69,0,350000.0
2.0,2.25,6.90875477931522,6.80903930604298,3.0,0,0,3,1000,0.0,2006,0,2014,5,4,35,56,0,305000.0
3.0,3.25,7.456454555176209,7.114769448366463,2.0,0,2,3,1320,6.018593214496234,2008,0,2014,5,4,35,58,0,645000.0
3.0,1.0,7.107425474110705,8.476579508530941,1.0,0,0,3,1220,0.0,1901,0,2014,5,0,35,59,0,385000.0
3.0,2.25,8.026496938945412,9.400630098419315,2.0,0,0,3,3060,0.0,1983,2009,2014,5,0,3,5,0,860000.0
4.0,2.5,7.976251943745623,8.517393171418904,2.0,0,0,3,2910,0.0,2002,0,2014,5,0,9,26,0,395000.0
3.0,1.75,6.957497370876951,8.674367865788236,1.0,0,0,3,1050,0.0,1980,0,2014,5,0,6,68,0,260000.0
3.0,2.0,7.353081920515432,8.902863672196222,1.0,0,0,3,1560,0.0,1992,0,2014,5,0,0,0,0,196440.0
3.0,1.75,7.427144133408616,8.006700845440367,1.0,0,2,4,840,6.734591659972948,1900,1971,2014,5,0,35,47,0,425000.0
4.0,3.25,8.328692583545568,9.939578372680481,1.0,0,1,3,3300,6.734591659972948,1977,2005,2014,5,0,8,3,0,2400000.0
3.0,2.0,7.346655163176539,9.04899722156742,1.0,0,0,3,1150,5.993961427306569,1959,1989,2014,5,0,35,49,0,369000.0
6.0,2.75,8.648396877031582,9.90353755128617,1.0,0,4,4,2850,7.955425088912672,1977,0,2014,5,0,3,5,0,1385000.0
3.0,2.5,7.696667081526462,8.892748769118258,2.0,0,0,3,2200,0.0,1990,2009,2014,5,0,32,36,0,349900.0
2.0,2.5,7.462214939768189,7.824445930877619,2.0,0,2,3,1210,6.274762021241939,1994,0,2014,5,0,35,53,0,650000.0
3.0,1.0,7.099201743553092,9.161780181360806,1.0,0,0,3,1210,0.0,1955,2005,2014,5,0,35,49,0,299950.0
4.0,3.25,8.352554369474591,10.151908911034607,2.0,0,3,3,3550,6.53813982376767,1989,0,2014,5,0,14,13,0,625000.0
3.0,2.25,7.372118028337787,9.371268036082466,1.0,0,0,3,1090,6.2166061010848646,1978,0,2014,5,0,1,0,0,190000.0
4.0,1.75,8.137688184977605,8.881975184248867,1.0,0,3,5,1770,7.409136443920128,1947,0,2014,5,0,35,60,0,715000.0
4.0,2.5,8.068089626278244,9.339261152043022,1.0,0,0,5,2210,6.8885724595653635,1946,0,2014,5,0,35,60,0,659000.0
3.0,1.75,7.560601162768557,8.595264726836392,1.0,0,2,4,960,6.8679744089702925,1947,1988,2014,5,0,35,61,0,490000.0
2.0,1.75,7.201170883281678,8.447843113281444,1.0,0,0,3,1340,0.0,2004,2003,2014,5,0,31,32,0,415000.0
3.0,1.75,7.438971592395862,9.036106025364846,1.0,0,0,3,1460,5.484796933490655,1947,2012,2014,5,0,35,74,0,750000.0
4.0,2.5,7.745435610274381,8.18060094759445,1.5,0,0,3,1490,6.710523109452428,1927,2014,2014,5,0,35,47,0,700000.0
3.0,1.75,7.32052696227274,10.691967639914864,1.0,0,0,3,1240,5.602118820879701,1989,0,2014,5,0,27,27,0,425000.0
3.0,2.5,7.890208213109961,9.218606116393214,1.0,0,0,3,2670,0.0,1987,2000,2014,5,0,33,42,0,642000.0
4.0,2.25,7.630946580890459,9.044403844431551,1.0,0,0,3,1440,6.431331081933479,1983,2009,2014,5,0,3,5,0,655000.0
3.0,2.5,7.645397699428633,8.699681400989514,1.5,0,0,4,2090,0.0,1928,0,2014,5,0,35,48,0,1365000.0
5.0,2.5,8.036249942132116,10.054748346376712,1.0,0,0,3,2990,4.61512051684126,1957,2000,2014,5,0,5,9,0,458000.0
2.0,2.5,7.123672785204607,7.344072850573066,2.0,0,0,3,1240,0.0,2007,0,2014,5,0,35,51,0,330000.0
3.0,2.5,7.528869256642251,8.213652703029998,2.0,0,0,3,1860,0.0,2000,0,2014,5,0,17,16,0,384950.0
3.0,1.5,7.601402334583733,8.902591637374087,1.0,0,0,3,2000,0.0,1953,0,2014,5,0,35,70,0,560000.0
4.0,1.75,7.824445930877619,11.433319328652216,1.0,0,0,4,1500,6.90875477931522,1970,0,2014,5,0,23,25,0,950000.0
4.0,2.25,7.507141079727608,9.920836190870741,1.0,0,0,5,1340,6.175867270105761,1977,0,2014,5,0,42,41,0,465000.0
3.0,2.25,7.507141079727608,8.994544758324512,1.0,0,0,3,1260,6.329720905522696,1974,0,2014,5,0,19,22,0,425000.0
3.0,2.0,6.966967138613983,8.657129031713755,1.0,0,0,3,1060,0.0,1981,2013,2014,5,0,35,61,0,315000.0
3.0,2.5,7.576097340623111,9.20099685697303,2.0,0,0,3,1950,0.0,1988,2000,2014,5,0,33,42,0,530000.0
2.0,1.0,6.846943139585379,8.476579508530941,1.0,0,0,4,940,0.0,1911,1955,2014,5,0,35,55,0,399000.0
2.0,1.5,7.107425474110705,8.18004072349016,1.5,0,0,4,1220,0.0,1976,1992,2014,5,0,10,73,0,168000.0
5.0,3.5,8.338305731356565,9.79456514531194,2.0,0,0,3,4180,0.0,2004,2003,2014,5,0,3,3,0,1886700.0
3.0,1.0,7.0909098220799835,9.19023970026918,1.0,0,0,4,1200,0.0,1971,0,2014,5,0,42,41,0,374000.0
5.0,3.75,8.291797105048733,9.846811375342572,2.0,0,0,3,3090,6.803505257608338,1937,2010,2014,5,0,35,60,0,740000.0
2.0,1.0,7.53955882930103,8.93075873555827,1.0,0,0,3,940,6.846943139585379,1919,2001,2014,5,0,35,61,0,280000.0
4.0,2.5,7.732369222284388,8.881975184248867,2.0,0,0,3,2280,0.0,1994,0,2014,5,0,18,18,0,322000.0
3.0,1.75,7.855932199718614,9.305741456739435,1.0,0,0,4,1290,7.1631723908466425,1951,1999,2014,5,0,3,5,0,459900.0
4.0,2.75,7.8636512654486515,8.449984441722787,1.0,0,0,3,1560,6.947937068614969,1976,0,2014,5,0,35,54,0,750000.0
4.0,2.5,8.055475141757274,9.525224101853109,2.0,0,0,4,3150,0.0,1966,0,2014,5,0,23,25,0,1256500.0
4.0,3.5,8.621733370690162,10.242777244969993,2.0,0,2,4,3350,7.696667081526462,2000,0,2014,5,0,22,24,0,3710000.0
5.0,2.75,7.7057128238944275,8.294299608857235,1.0,0,0,3,1230,6.898714534329988,1973,2013,2014,5,0,35,64,0,427000.0
2.0,2.25,7.456454555176209,10.357488824304358,2.0,1,2,4,1730,0.0,1947,1988,2014,5,0,41,40,0,800000.0
4.0,3.0,7.951911381854188,8.323851131338817,1.5,0,0,4,2060,6.660575149839686,1931,0,2014,5,0,35,57,0,735000.0
4.0,2.5,7.848153086199526,9.080345575359996,2.0,0,0,3,2560,0.0,1992,0,2014,5,0,16,17,0,642000.0
3.0,2.0,7.193685818395112,8.699681400989514,1.0,0,0,4,630,6.55250788703459,1900,1971,2014,5,0,35,51,0,240000.0
2.0,1.0,7.544861068658458,8.556990661290303,1.5,0,0,4,1890,0.0,1909,1989,2014,5,0,35,56,0,645500.0
7.0,4.5,8.364275084991524,10.534972072703967,1.5,0,0,5,4290,0.0,1982,0,2014,5,0,16,15,0,840000.0
2.0,2.0,7.340186835320115,10.905056493665374,2.0,0,0,3,1540,0.0,1983,2009,2014,5,0,31,32,0,475000.0
4.0,2.0,7.75833346749091,10.824447367258546,1.0,0,0,4,1170,7.065613363597717,1966,0,2014,5,0,33,43,0,568000.0
3.0,1.75,7.687538766201629,9.23317760587894,1.0,0,0,4,1090,6.994849985833071,1961,2001,2014,5,0,35,57,0,325000.0
3.0,2.5,7.930565854233965,9.389741000342473,2.0,0,0,3,2780,0.0,2009,0,2014,5,0,19,22,0,825500.0
4.0,2.75,7.8713112033234065,8.702842538302868,2.0,0,0,3,2620,0.0,2013,1923,2014,5,0,27,27,0,499431.0
4.0,3.5,8.232440158470336,8.517393171418904,2.0,0,0,3,2860,6.803505257608338,2014,0,2014,5,0,35,56,0,919204.0
4.0,2.5,7.908754738783246,8.463581421967588,2.0,0,0,3,2720,0.0,2012,1912,2014,5,0,38,38,0,545000.0
3.0,2.25,7.892078421248119,10.619154254525943,2.0,0,0,3,2675,0.0,1984,0,2014,5,2,33,43,0,660000.0
5.0,2.75,7.640603826393634,9.48721424571136,2.0,0,0,3,2080,0.0,1987,2000,2014,5,2,33,42,0,538888.0
3.0,2.5,7.8083230503910555,9.395075679994072,2.0,0,0,3,2460,0.0,1996,0,2014,5,2,31,31,0,693000.0
3.0,2.5,7.581209826196346,8.15507488781144,2.0,0,0,3,1960,0.0,2004,2003,2014,5,2,32,34,0,289950.0
4.0,2.5,7.844240718141811,8.741456115998364,2.0,0,0,3,2550,0.0,1992,0,2014,5,2,42,41,0,587000.0
3.0,2.25,7.473637108496206,7.044905117129371,3.0,0,0,3,1760,0.0,2014,0,2014,5,2,35,59,0,615000.0
3.0,1.75,7.390798521735676,8.899867211223587,1.0,0,0,4,1090,6.274762021241939,1974,0,2014,6,3,19,22,0,459000.0
3.0,1.75,7.490529402060711,9.392745258631441,1.0,0,0,3,1040,6.621405651764134,1960,2012,2014,6,3,10,73,0,243000.0
4.0,3.5,8.15507488781144,8.886409166849282,2.0,0,0,3,2580,6.803505257608338,1926,2010,2014,6,3,35,64,0,1505000.0
4.0,1.75,7.930565854233965,9.200391041122515,2.0,0,0,4,2780,0.0,1978,2000,2014,6,3,33,42,0,660000.0
5.0,3.0,8.200013648175434,9.016755622903517,2.0,0,3,3,2540,7.00397413672268,1982,0,2014,6,3,3,7,0,1595000.0
1.0,1.0,6.621405651764134,8.294299608857235,1.0,0,0,3,750,0.0,1918,0,2014,6,3,35,63,0,250000.0
3.0,1.0,6.8679744089702925,8.800113946766308,1.0,0,0,3,960,0.0,1952,2008,2014,6,1,35,60,0,315000.0
3.0,1.5,7.616283561580385,9.091669442258505,1.0,0,0,3,1330,6.55250788703459,1963,2008,2014,6,1,35,51,0,404000.0
3.0,2.75,7.983098940710892,8.62515033292133,1.0,0,0,3,1860,6.976348070447749,2004,2003,2014,6,1,42,41,0,559900.0
2.0,2.5,7.2305631534092925,6.97914527506881,2.0,0,0,3,1140,5.484796933490655,2011,0,2014,6,1,35,61,0,285000.0
3.0,2.0,7.450660796211539,8.617219505483362,1.0,0,2,5,960,6.634633357861686,1941,0,2014,6,1,35,51,0,500000.0
2.0,1.0,7.099201743553092,8.476579508530941,1.0,0,0,3,1060,5.017279836814924,1950,2005,2014,6,1,35,51,0,380000.0
3.0,1.0,6.85751406254539,8.35490952835879,1.5,0,0,5,950,0.0,1948,1985,2014,6,1,35,59,0,469000.0
2.0,1.75,7.444833273892193,8.351138607086154,2.0,0,0,3,1330,5.942799375126701,1920,1979,2014,6,1,35,63,0,405000.0
2.0,2.0,7.252053951852814,9.415971471539095,1.5,0,0,5,1410,0.0,1909,1988,2014,6,1,29,29,0,439900.0
4.0,2.5,7.976251943745623,8.940105213128122,2.0,0,2,3,2910,0.0,2006,0,2014,6,1,21,23,0,525000.0
4.0,2.5,7.7057128238944275,8.862908295118627,2.0,0,0,3,2220,0.0,1988,2000,2014,6,1,16,17,0,580000.0
5.0,3.25,8.058643712215618,9.490922297937656,2.0,0,0,5,3160,0.0,1972,0,2014,6,1,23,25,0,1250000.0
3.0,2.0,7.2305631534092925,8.412054873292933,1.0,0,0,3,1380,0.0,2008,0,2014,6,1,21,23,0,275000.0
3.0,2.0,7.473637108496206,8.517393171418904,1.0,0,0,5,960,6.68586094706836,1920,0,2014,6,1,35,74,0,629000.0
1.0,1.0,6.594413459749778,8.006700845440367,1.0,0,0,3,730,0.0,1911,1979,2014,6,1,35,50,0,395000.0
4.0,2.5,7.8083230503910555,8.517393171418904,2.0,0,0,5,1620,6.734591659972948,1938,0,2014,6,1,35,53,0,965000.0
3.0,1.75,7.6783263565068856,8.744009988096744,1.0,0,0,4,1390,6.647688373563329,1960,2001,2014,6,1,35,54,0,820000.0
4.0,2.25,7.596392304064196,8.434028950155469,1.5,0,2,4,1420,6.3473892096560105,1932,1958,2014,6,1,35,61,0,661000.0
3.0,3.0,8.227108234348146,10.587619215169118,2.0,0,2,3,3740,0.0,1991,0,2014,6,1,41,40,0,789000.0
4.0,2.5,7.905072849498666,8.612685172875459,2.0,0,0,3,2710,0.0,1999,0,2014,6,1,33,42,0,668500.0
3.0,2.5,7.893945138235959,8.966611387052865,2.0,0,0,3,2680,0.0,1990,2009,2014,6,1,1,45,0,350000.0
4.0,2.0,7.523481312573497,8.93075873555827,1.0,0,0,4,1540,5.739792912179234,1978,2000,2014,6,1,18,20,0,250000.0
4.0,2.5,8.068089626278244,8.970813341411448,2.0,0,2,3,3190,0.0,2001,0,2014,6,1,38,38,0,725995.0
3.0,2.5,7.912423121473705,8.671286726753637,2.0,0,0,3,2730,0.0,1998,2006,2014,6,1,3,4,0,1000000.0
3.0,1.5,7.518064181233078,9.209439966733019,2.0,0,0,5,1840,0.0,1961,0,2014,6,1,35,70,0,686000.0
4.0,2.5,7.908754738783246,9.210440366976517,2.0,0,0,3,2720,0.0,1987,2000,2014,6,1,33,42,0,665000.0
4.0,3.5,8.382747094863314,9.049114723476961,2.0,0,1,3,3610,6.634633357861686,2003,0,2014,6,1,3,3,0,1965221.0
3.0,2.5,7.736743682453495,8.153637486385282,2.0,0,0,3,2290,0.0,2006,0,2014,6,1,16,17,0,653000.0
2.0,1.0,6.898714534329988,8.476996001664824,1.0,0,0,3,990,0.0,1947,2012,2014,6,1,35,56,0,430000.0
2.0,1.5,7.039660349862076,8.000014093678072,2.0,0,0,3,1140,0.0,1988,2000,2014,6,1,16,17,0,305000.0
4.0,1.5,7.518064181233078,8.37516869138682,2.0,0,0,4,1840,0.0,1917,0,2014,6,1,35,53,0,809000.0
2.0,1.0,7.01301578963963,8.824824939175638,1.0,0,0,5,1000,4.709530201312334,1947,0,2014,6,1,35,62,0,440150.0
4.0,2.5,7.67368812926773,9.112837790614945,2.0,0,0,4,2150,0.0,1985,0,2014,6,1,31,31,0,615000.0
3.0,2.5,7.7102051944325325,8.657129031713755,2.0,0,0,3,2230,0.0,2003,0,2014,6,1,19,21,0,1035000.0
2.0,1.0,7.065613363597717,8.699681400989514,1.0,0,0,4,970,5.303304908059076,1941,1998,2014,6,1,35,47,0,455000.0
3.0,2.5,7.581209826196346,8.881975184248867,1.0,0,0,4,980,6.8885724595653635,1940,2001,2014,6,1,35,57,0,635000.0
3.0,2.25,7.8674885686991285,9.105313134108476,2.0,0,0,3,2610,0.0,1988,2000,2014,6,1,31,31,0,675000.0
3.0,2.25,7.664346632098617,9.073603848402712,1.0,0,0,3,1570,6.329720905522696,1987,2000,2014,6,1,18,19,0,316000.0
3.0,2.25,8.013343181386672,10.681917533624532,2.0,0,0,3,2720,5.707110264748875,1969,2010,2014,6,1,3,4,0,955000.0
3.0,1.75,7.421177528595393,8.594339400592892,2.0,0,0,5,1670,0.0,1912,0,2014,6,1,35,53,0,985000.0
3.0,1.75,7.544861068658458,8.854379458771108,1.0,0,0,3,1290,6.398594934535208,1965,1993,2014,6,1,35,57,0,465500.0
3.0,1.0,6.85751406254539,9.508665604526444,1.0,0,0,3,950,0.0,1950,2005,2014,6,1,36,67,0,305000.0
4.0,2.5,7.796057974316123,9.575052927597383,1.0,0,0,5,1670,6.634633357861686,1963,0,2014,6,1,3,6,0,645000.0
4.0,2.0,7.766840537085513,8.699681400989514,1.0,0,0,5,1260,7.00397413672268,1939,0,2014,6,1,35,74,0,730000.0
3.0,1.75,7.32052696227274,9.024251728612985,1.0,0,0,3,1510,0.0,1967,2011,2014,6,1,19,22,0,366000.0
3.0,2.5,7.640603826393634,8.482394685873542,2.0,0,0,3,2080,0.0,2002,0,2014,6,1,9,26,0,290000.0
3.0,2.0,7.467942332285852,9.648659816955295,1.0,0,0,3,1490,5.564520407322694,1982,0,2014,6,1,33,43,0,472500.0
3.0,2.0,7.501634457883413,8.310169021981912,1.5,0,0,3,1810,0.0,1925,2002,2014,6,1,35,47,0,550000.0
4.0,1.75,7.490529402060711,9.382274835883651,1.0,0,0,4,1490,5.707110264748875,1969,0,2014,6,1,16,15,0,410000.0
4.0,2.75,7.75833346749091,9.308827318690836,1.0,0,0,3,1720,6.431331081933479,1967,2011,2014,6,1,20,67,0,440000.0
3.0,2.5,7.43307534889858,9.172326929777967,2.0,0,0,3,1690,0.0,1984,0,2014,6,1,16,15,0,535000.0
4.0,2.5,7.635786861395585,8.919586920999915,2.0,0,0,3,2070,0.0,2003,0,2014,6,1,1,45,0,300000.0
3.0,2.5,7.714677473800927,8.763584409450138,2.0,0,0,3,2240,0.0,2002,0,2014,6,1,38,38,0,432500.0
4.0,3.0,8.412054873292933,9.988793309115229,2.0,0,2,3,3040,7.2868764117507,1980,0,2014,6,1,23,25,0,870000.0
3.0,1.75,7.9269635448629785,10.594833111149445,1.0,0,0,4,1580,7.0825485693553,1978,2000,2014,6,1,16,15,0,492000.0
3.0,1.0,6.918695219020472,8.888204871455022,1.0,0,0,3,1010,0.0,1969,2010,2014,6,1,14,2,0,199950.0
3.0,1.5,7.02197642307216,8.839421607620602,1.0,0,0,5,1120,0.0,1956,0,2014,6,1,3,6,0,439800.0
5.0,2.5,8.013343181386672,9.973106894416185,1.0,0,0,4,1510,7.32052696227274,1978,2000,2014,6,1,18,26,0,320000.0
3.0,1.75,7.596392304064196,8.639587799629844,1.0,0,1,3,1320,6.508769136971682,1963,2008,2014,6,1,35,71,0,345000.0
3.0,1.0,7.280008252884188,9.084890521258767,1.0,0,0,3,1050,5.993961427306569,1958,2004,2014,6,1,40,69,0,274950.0
4.0,2.5,7.560601162768557,9.047586120674756,2.0,0,0,3,1920,0.0,1998,2006,2014,6,1,1,45,0,270000.0
2.0,2.5,7.069874128458572,7.220373836723949,2.0,0,0,3,740,6.077642243349034,2005,0,2014,6,1,35,47,0,342000.0
3.0,1.5,7.186144304522325,9.488047863280759,1.0,0,0,3,1320,0.0,1970,2014,2014,6,1,32,37,0,327000.0
5.0,2.5,8.291797105048733,8.253227645581772,1.0,0,0,4,1990,7.601402334583733,1962,0,2014,6,1,35,53,0,610000.0
2.0,1.0,7.039660349862076,8.651898894268529,1.0,0,0,3,850,5.673323267171493,1947,2012,2014,6,1,35,54,0,455000.0
4.0,1.75,7.450660796211539,8.352554369474591,1.5,0,0,4,1460,5.564520407322694,1925,1968,2014,6,1,35,64,0,540000.0
4.0,2.75,7.67368812926773,9.201904893155081,1.0,0,0,5,1240,6.814542897259958,1976,0,2014,6,1,25,34,0,411000.0
3.0,1.5,7.490529402060711,9.012377119192271,1.5,0,1,3,1790,0.0,1910,2006,2014,6,1,35,55,0,544000.0
2.0,2.5,7.701200180857446,8.75273950944749,1.0,0,0,3,2210,0.0,2003,0,2014,6,1,31,32,0,802000.0
3.0,2.75,7.687538766201629,8.925321416943886,1.0,0,0,4,1310,6.769641976852503,1981,0,2014,6,1,31,31,0,568500.0
3.0,2.25,7.252053951852814,7.1631723908466425,2.0,0,0,3,1290,4.795790545596741,2004,2003,2014,6,1,16,15,0,391000.0
3.0,2.5,7.576097340623111,8.188966863648876,2.0,0,0,3,1950,0.0,2010,0,2014,6,1,21,23,0,298000.0
3.0,2.5,7.310550158534422,6.842683282238422,3.0,0,0,3,1405,4.51085950651685,2006,0,2014,6,1,35,64,0,400000.0
3.0,2.25,7.415175109613295,8.699681400989514,1.0,0,0,3,1110,6.311734809152915,1979,2014,2014,6,5,35,59,0,425000.0
3.0,2.5,7.576097340623111,9.003439196207838,2.0,0,0,4,1950,0.0,1990,0,2014,6,5,18,26,0,328500.0
5.0,2.75,7.844240718141811,8.525359754082631,1.5,0,0,5,2550,0.0,1902,0,2014,6,5,35,59,0,650000.0
3.0,1.75,7.223295679562314,8.25608813381491,1.0,0,0,5,770,6.398594934535208,1911,1988,2014,6,5,35,53,0,850000.0
4.0,2.5,7.696667081526462,8.294299608857235,2.0,0,0,5,1430,6.647688373563329,1908,0,2014,6,5,35,58,0,930000.0
3.0,1.75,7.1316985104669115,8.706490361946617,1.5,0,0,5,1250,0.0,1942,0,2014,6,5,35,54,0,530000.0
4.0,2.25,7.7057128238944275,9.090768236835338,1.0,0,0,4,1110,7.01301578963963,1961,2001,2014,6,5,3,5,0,495000.0
3.0,1.75,7.390798521735676,8.343077871169383,1.0,0,0,5,830,6.673297967767654,1945,0,2014,6,5,35,54,0,500000.0
3.0,1.75,7.719129840906732,10.178768042270166,1.0,0,0,3,2250,0.0,1980,0,2014,6,5,1,45,0,325000.0
3.0,2.5,7.450660796211539,11.512095120329514,2.0,0,0,4,1720,0.0,1990,0,2014,6,5,18,26,0,365000.0
4.0,2.5,8.016647877057803,9.178643285232928,2.0,0,0,3,2020,6.918695219020472,1998,2006,2014,6,5,27,27,0,471000.0
3.0,1.0,6.93828448401696,9.118334726180159,1.0,0,0,3,1030,0.0,1961,2004,2014,6,5,18,20,0,223000.0
3.0,2.5,7.692113339595466,8.49351506406166,2.0,0,0,3,2190,0.0,1999,0,2014,6,5,20,67,0,503000.0
3.0,2.0,7.273092595999522,8.630700432209832,1.0,0,0,4,720,6.580639137284949,1942,2007,2014,6,5,32,34,0,230000.0
4.0,2.5,7.682943169878292,9.169622538697624,1.0,0,0,3,1460,6.566672429803241,1980,0,2014,6,5,31,31,0,550000.0
4.0,3.75,7.983098940710892,8.071218539969863,1.5,0,0,5,2130,6.68586094706836,1925,0,2014,6,5,35,58,0,1100000.0
3.0,1.5,7.074116816197362,9.110409533351133,1.0,0,0,3,1180,0.0,1960,2012,2014,6,5,6,66,0,193000.0
4.0,4.25,7.766840537085513,10.959801062330111,2.0,0,0,4,2360,0.0,1939,1987,2014,6,5,14,2,0,590000.0
3.0,1.5,7.415175109613295,9.082279701908664,1.0,0,0,4,1660,0.0,1956,0,2014,6,5,3,3,0,712500.0
3.0,2.75,7.779466967458324,9.139273923542323,1.0,0,0,5,1390,6.90875477931522,1942,0,2014,6,5,35,62,0,689800.0
3.0,2.0,7.215975002651466,8.54110501146255,1.5,0,0,4,910,6.111467339502679,1924,0,2014,6,5,35,55,0,430000.0
3.0,2.25,7.518064181233078,8.160803920954665,1.5,0,0,5,1540,5.707110264748875,1910,0,2014,6,5,35,59,0,785200.0
3.0,2.25,7.496097345175956,10.683912741203134,1.0,0,0,4,1800,0.0,1976,1992,2014,6,5,42,41,0,474900.0
4.0,3.75,8.326274787396764,9.419060402624668,2.0,0,0,3,4130,0.0,2001,0,2014,6,5,25,37,0,1070000.0
5.0,3.5,8.157943507105037,9.177920480720072,2.0,0,4,3,2460,6.93828448401696,1980,0,2014,6,5,36,70,0,941500.0
4.0,2.5,7.5126175446745105,8.551787836180736,2.0,0,0,3,1830,0.0,2003,0,2014,6,5,21,23,0,312000.0
4.0,2.75,7.346655163176539,8.294299608857235,1.5,0,0,3,1550,0.0,1930,1997,2014,6,5,35,48,0,835000.0
3.0,2.0,7.62608275807238,9.105090961257085,1.0,0,0,4,2050,0.0,1951,1999,2014,6,5,23,25,0,713250.0
2.0,1.0,7.115582126184454,8.79497643168877,1.0,0,0,3,1130,4.61512051684126,1906,2014,2014,6,5,35,57,0,440000.0
4.0,2.5,8.055475141757274,8.68050180902826,2.0,0,0,3,3150,0.0,2014,0,2014,6,5,32,37,0,580135.0
3.0,2.25,8.24301946898925,10.428985016533987,1.0,0,0,4,3330,6.154858094016418,1976,1992,2014,6,5,18,26,0,575000.0
3.0,2.5,7.208600337960199,8.029107054619736,2.0,0,0,3,1350,0.0,1991,0,2014,6,5,35,59,0,613000.0
3.0,2.0,7.333676395657684,9.071193240566025,1.0,0,0,4,1530,0.0,1970,0,2014,6,5,32,33,0,235000.0
3.0,2.5,7.736743682453495,7.937017489515454,3.0,0,0,4,2290,0.0,1953,1983,2014,6,5,35,46,0,660000.0
2.0,1.5,7.300472814267799,9.657714883161557,1.0,0,0,4,1480,0.0,1940,2001,2014,6,5,35,65,0,280000.0
3.0,1.75,7.58629630715272,9.237079669165805,1.0,0,0,4,1970,0.0,1966,0,2014,6,5,18,20,0,268000.0
2.0,1.0,6.580639137284949,8.484876589939695,1.0,0,0,4,720,0.0,1947,1988,2014,6,5,35,61,0,235000.0
3.0,2.0,6.985641817639208,8.886962034866128,1.0,0,0,5,1080,0.0,1947,0,2014,6,5,35,60,0,390000.0
4.0,2.5,7.934155233536322,10.734285753389923,2.0,0,0,3,2790,0.0,1987,2000,2014,6,5,42,44,0,654950.0
5.0,2.75,7.621195162809845,8.921190556249368,1.0,0,0,4,1200,6.734591659972948,1969,0,2014,6,5,19,22,0,449500.0
3.0,1.0,7.186144304522325,9.014447135152134,1.0,0,0,3,1320,0.0,1959,1989,2014,6,5,10,73,0,150000.0
3.0,2.25,7.427144133408616,10.951928723957874,2.0,0,0,4,1680,0.0,1989,0,2014,6,5,27,27,0,440000.0
3.0,2.0,7.669028288589683,8.501876487304344,1.0,0,0,4,1070,6.976348070447749,1928,0,2014,6,5,35,47,0,710000.0
3.0,1.75,7.415175109613295,9.169622538697624,1.0,0,0,3,1380,5.638354669333745,1981,2013,2014,6,5,5,9,0,420000.0
3.0,2.25,7.340186835320115,8.582793648500186,1.0,0,0,5,770,6.647688373563329,1954,0,2014,6,5,35,54,0,312000.0
3.0,2.0,7.53955882930103,9.283497892593909,1.0,0,0,5,940,6.846943139585379,1952,1998,2014,6,5,32,37,0,320000.0
3.0,1.0,7.1316985104669115,9.655282570626547,1.0,0,0,4,1250,0.0,1959,0,2014,6,5,32,34,0,235000.0
3.0,1.75,7.501634457883413,8.006700845440367,1.5,0,0,4,1810,0.0,1903,0,2014,6,5,35,50,0,545000.0
3.0,2.5,7.771067086065406,9.321255432547337,2.0,0,0,3,2370,0.0,1993,0,2014,6,5,25,34,0,640000.0
3.0,2.5,7.58629630715272,8.30325712085294,2.0,0,0,4,1970,0.0,2003,0,2014,6,5,38,38,0,432000.0
3.0,2.5,7.65491704784832,8.318742252692399,2.0,0,0,3,2110,0.0,2001,0,2014,6,5,42,41,0,548000.0
3.0,3.0,7.640603826393634,9.261223582290752,1.5,0,0,3,2080,0.0,2004,2003,2014,6,5,19,22,0,830000.0
4.0,2.25,8.221747728346623,9.42424134192346,1.0,0,2,5,1860,7.528869256642251,1970,0,2014,6,5,33,43,0,875000.0
2.0,1.75,7.223295679562314,8.542080906924017,1.0,0,0,5,1370,0.0,1944,0,2014,6,5,35,47,0,409950.0
4.0,2.5,7.993619994827744,9.404837504700271,2.0,0,0,3,2961,0.0,1998,2006,2014,6,5,33,43,0,695000.0
3.0,2.25,7.645397699428633,9.402034535016803,2.0,0,0,3,2090,0.0,1983,2009,2014,6,5,31,31,0,562100.0
3.0,2.5,7.8636512654486515,8.88336291691676,2.0,0,0,3,2600,0.0,1989,0,2014,6,5,32,37,0,475000.0
3.0,2.25,7.534228326274089,9.105090961257085,1.0,0,0,3,1440,6.066108090103747,1978,0,2014,6,5,5,9,0,425000.0
4.0,2.5,7.8713112033234065,9.197660318818809,2.0,0,0,3,2620,0.0,1987,2000,2014,6,5,16,43,0,600000.0
3.0,2.5,7.796057974316123,10.897849819830439,2.0,0,0,3,2430,0.0,1987,2000,2014,6,5,16,15,0,770000.0
3.0,1.75,7.201170883281678,9.70996348123418,1.0,0,0,4,1340,0.0,1968,0,2014,6,5,18,26,0,239000.0
2.0,1.0,7.065613363597717,9.270682600982344,1.0,0,0,3,1170,0.0,1963,2008,2014,6,5,27,27,0,295000.0
3.0,1.75,7.601402334583733,9.228474942171665,1.0,0,0,5,1400,6.398594934535208,1963,0,2014,6,5,19,21,0,560000.0
5.0,2.5,7.635786861395585,9.392745258631441,1.0,0,0,4,1340,6.594413459749778,1967,0,2014,6,5,3,7,0,613000.0
4.0,3.0,8.431853144249223,9.121618441915379,2.0,0,0,3,3490,7.00397413672268,1981,2013,2014,6,5,35,70,0,960000.0
5.0,1.0,7.844240718141811,8.439015410352214,2.5,0,0,4,2550,0.0,1905,0,2014,6,5,35,59,0,847000.0
3.0,1.0,6.966967138613983,9.169622538697624,1.0,0,0,4,1060,0.0,1962,0,2014,6,5,14,13,0,206000.0
2.0,1.75,7.107425474110705,8.517393171418904,1.0,0,0,5,860,5.8888779583328805,1921,0,2014,6,5,32,35,0,253000.0
4.0,2.25,7.490529402060711,8.882391706295847,1.0,0,0,4,1110,6.523562306149512,1973,0,2014,6,5,20,67,0,430000.0
3.0,2.0,7.630946580890459,8.304247465078474,1.0,0,0,4,1120,6.846943139585379,1947,1988,2014,6,5,35,47,0,605000.0
2.0,2.5,7.039660349862076,7.075808863978387,3.0,0,0,3,1140,0.0,2007,0,2014,6,5,35,50,0,425000.0
4.0,2.5,7.962415680121064,9.445333439647541,2.0,0,0,4,2870,0.0,1986,0,2014,6,5,16,17,0,720000.0
6.0,1.5,7.844240718141811,10.426468994072131,1.0,0,0,4,1750,6.68586094706836,1958,1972,2014,6,5,14,13,0,375900.0
4.0,3.5,7.934155233536322,9.222861652529854,1.5,0,0,5,2790,0.0,1985,0,2014,6,5,23,25,0,1298000.0
3.0,1.0,7.01301578963963,8.982561092257445,1.0,0,0,3,1110,0.0,1962,2003,2014,6,5,35,65,0,210000.0
2.0,1.0,6.846943139585379,8.589699882202986,1.0,0,0,4,940,0.0,1952,0,2014,6,5,10,73,0,234000.0
3.0,1.75,7.9658927350845286,9.814492390964565,1.0,0,0,3,1580,7.170888478512505,1958,2004,2014,6,5,40,69,0,285000.0
3.0,1.5,7.0909098220799835,8.476579508530941,1.0,0,0,4,1200,0.0,1962,0,2014,6,5,3,6,0,400000.0
3.0,1.0,6.93828448401696,8.508959386489133,1.0,0,0,5,1030,0.0,1952,1998,2014,6,5,35,48,0,718000.0
2.0,2.5,7.123672785204607,7.897296472595885,2.0,0,0,3,1240,0.0,1986,0,2014,6,5,14,2,0,174500.0
3.0,2.0,7.0909098220799835,9.166074955678168,1.0,0,0,3,1200,0.0,1995,0,2014,6,5,28,28,0,222400.0
3.0,3.25,7.930565854233965,8.294799358992574,2.0,0,0,3,2780,0.0,2009,0,2014,6,5,11,11,0,402500.0
3.0,2.25,7.476472381163905,8.942853006809921,2.0,0,0,3,1765,0.0,1996,0,2014,6,5,14,2,0,250000.0
4.0,2.5,7.581209826196346,9.564020836934587,1.0,0,1,4,1290,6.508769136971682,1958,1972,2014,6,5,6,65,0,600000.0
2.0,2.5,7.893945138235959,9.32500744695431,1.0,0,0,3,2680,0.0,2006,0,2014,6,5,31,32,0,930000.0
3.0,2.0,7.252053951852814,8.938925271988273,1.0,0,0,4,1410,0.0,1983,0,2014,6,5,32,36,0,272500.0
4.0,2.5,7.714677473800927,8.21959545417708,2.0,0,0,3,2240,0.0,2014,0,2014,6,5,21,23,0,363990.0
4.0,2.75,8.045908742270779,8.941807118363164,2.0,0,0,3,3120,0.0,2010,0,2014,6,5,38,38,0,575000.0
3.0,2.25,7.280008252884188,8.456806041401142,2.0,0,0,3,1450,0.0,2009,0,2014,6,5,17,16,0,400000.0
3.0,3.0,7.75833346749091,8.517793011488205,2.0,0,0,3,2340,0.0,2013,1923,2014,6,5,27,27,0,427874.0
5.0,2.75,7.8168199657645525,8.305484017727691,2.0,0,0,3,2481,0.0,2014,0,2014,6,5,1,0,0,309000.0
3.0,3.25,7.333676395657684,7.3796321526095525,2.0,0,0,3,1140,5.968707559985366,2013,1923,2014,6,5,35,49,0,320000.0
3.0,2.25,7.1316985104669115,8.922791623969637,1.0,0,0,5,1250,0.0,1942,0,2014,6,6,35,65,0,390000.0
1.0,0.75,6.329720905522696,9.402694764470512,1.0,0,0,3,560,0.0,1967,2011,2014,6,6,7,10,0,299000.0
4.0,1.75,7.696667081526462,8.919453168575453,1.0,0,0,5,1100,7.00397413672268,1955,0,2014,6,6,35,57,0,375000.0
3.0,1.75,7.2868764117507,9.267193183568965,1.0,0,0,3,990,6.154858094016418,1997,0,2014,6,6,35,69,0,240500.0
3.0,1.5,7.409136443920128,9.14644164612595,1.0,0,0,5,1130,6.255750041753367,1978,0,2014,6,6,32,36,0,320000.0
5.0,2.5,8.071218539969863,9.752955318231582,1.0,0,0,3,2160,6.947937068614969,1952,2008,2014,6,6,3,3,0,1270000.0
3.0,2.25,7.848153086199526,10.62975514642929,2.0,0,0,3,2560,0.0,1986,0,2014,6,6,16,15,0,658588.0
3.0,2.25,7.640603826393634,8.355379895253634,1.5,0,0,3,1550,6.274762021241939,2003,0,2014,6,6,18,26,0,270000.0
3.0,1.0,6.976348070447749,8.87360810154911,1.0,0,0,3,1070,0.0,1989,0,2014,6,6,35,57,0,327500.0
3.0,1.75,7.692113339595466,9.44359265743868,2.0,0,0,4,2190,0.0,1978,2000,2014,6,6,18,26,0,340000.0
3.0,1.5,7.630946580890459,9.670167394770358,1.5,0,0,3,2060,0.0,1903,2005,2014,6,6,32,35,0,200000.0
3.0,1.75,7.878912912297133,8.987321812850125,1.0,0,3,4,1320,7.186144304522325,1960,2001,2014,6,6,23,25,0,1025000.0
3.0,2.5,7.450660796211539,9.077494458642754,1.0,0,0,3,1000,6.580639137284949,1983,2009,2014,6,6,14,13,0,275000.0
5.0,3.5,8.263848131368906,9.538636417313219,2.0,0,3,4,2540,7.201170883281678,1979,0,2014,6,6,3,5,0,1126000.0
2.0,1.0,6.8679744089702925,8.501267040865978,1.0,0,0,3,960,0.0,1942,1999,2014,6,6,35,56,0,280000.0
3.0,2.5,7.75833346749091,10.98629222322094,1.0,0,0,3,2340,0.0,1985,0,2014,6,6,21,23,0,485000.0
3.0,2.5,7.886457270977689,9.50061907027523,2.0,0,2,3,2660,0.0,1992,0,2014,6,6,43,3,0,1901000.0
3.0,1.75,7.645397699428633,8.460834457746854,2.0,0,0,3,1610,6.175867270105761,1947,2013,2014,6,6,35,74,0,865000.0
3.0,2.5,7.507141079727608,8.499232866039245,2.0,0,0,3,1820,0.0,1993,0,2014,6,6,16,17,0,532000.0
4.0,2.5,7.745435610274381,8.991064332188461,2.0,0,0,3,2310,0.0,1978,0,2014,6,6,11,11,0,364950.0
3.0,1.0,6.825460036255307,9.575052927597383,1.0,0,0,4,920,0.0,1977,0,2014,6,6,1,0,0,212500.0
1.0,1.0,6.673297967767654,9.477539085486564,1.0,0,0,3,790,0.0,1942,1999,2014,6,6,35,69,0,135000.0
2.0,1.75,7.313886831633462,8.824824939175638,1.0,0,0,4,910,6.3818160174060985,1942,1982,2014,6,6,35,56,0,437000.0
3.0,1.0,7.123672785204607,9.315510869581722,1.0,0,0,4,1240,0.0,1952,0,2014,6,6,26,68,0,390000.0
4.0,2.5,7.912423121473705,10.496372311157678,2.0,0,0,3,2730,0.0,1986,0,2014,6,6,31,31,0,760000.0
3.0,1.0,7.065613363597717,9.305741456739435,1.0,0,0,2,1170,0.0,1980,0,2014,6,6,11,11,0,119500.0
5.0,3.25,8.134760782418645,9.11482017011877,2.0,0,3,3,2760,6.478509642208569,1912,1994,2014,6,6,35,58,0,2400000.0
4.0,2.5,7.901377353792616,9.140025198061156,2.0,0,0,4,2700,0.0,1994,0,2014,6,6,19,21,0,837500.0
4.0,1.75,7.409136443920128,8.962007209588313,1.0,0,0,3,1650,0.0,1968,1997,2014,6,6,32,36,0,327500.0
2.0,1.0,6.508769136971682,7.774435510302958,1.0,0,0,3,670,0.0,1919,2001,2014,6,6,35,61,0,175000.0
3.0,2.0,7.421177528595393,8.956479847999912,1.0,0,0,3,1670,0.0,1992,0,2014,6,6,18,18,0,289950.0
3.0,1.75,7.333676395657684,9.280985211545515,1.0,0,0,3,1530,0.0,1986,0,2014,6,6,17,16,0,400000.0
3.0,2.25,7.313886831633462,8.938006576471201,1.0,0,0,3,1150,5.860786223465865,1984,0,2014,6,6,14,13,0,219950.0
4.0,1.75,7.450660796211539,8.881975184248867,1.0,0,0,3,1220,6.2166061010848646,1974,0,2014,6,6,14,13,0,161700.0
5.0,3.0,7.979681302387741,9.344958673700944,2.0,0,0,3,2920,0.0,2003,0,2014,6,6,36,62,0,500000.0
3.0,1.0,6.814542897259958,8.412054873292933,1.0,0,0,3,910,0.0,1948,1994,2014,6,6,35,56,0,465000.0
3.0,1.0,6.957497370876951,8.333510708982942,1.0,0,0,4,1050,0.0,1925,1968,2014,6,6,35,54,0,540000.0
3.0,2.0,7.340186835320115,8.962007209588313,1.0,0,0,3,1540,0.0,2004,2003,2014,6,6,35,60,0,525000.0
3.0,1.0,7.099201743553092,8.914760527397261,1.0,0,0,3,1210,0.0,1949,1998,2014,6,6,36,67,0,324950.0
5.0,2.5,7.8826922062890254,9.346268889200427,1.0,0,0,3,1400,7.1316985104669115,1961,2004,2014,6,6,3,7,0,565000.0
3.0,2.0,7.596392304064196,8.291797105048733,1.0,0,0,5,1130,6.7580945044277305,1912,0,2014,6,6,35,47,0,760500.0
5.0,2.75,7.886457270977689,9.075436609511382,1.0,0,4,5,1470,7.0825485693553,1969,0,2014,6,6,3,5,0,1100000.0
4.0,2.5,8.309184527686298,9.1834829178063,1.0,0,4,3,2150,7.555381944240273,1977,2004,2014,6,6,17,16,0,603500.0
5.0,2.5,7.741099090035366,10.058180942212608,1.0,0,0,5,1170,7.030857476116121,1967,0,2014,6,6,32,37,0,453500.0
6.0,2.75,7.875119281040293,9.705768053562077,1.0,0,0,4,1650,6.8885724595653635,1974,0,2014,6,6,31,31,0,583000.0
2.0,1.0,6.647688373563329,9.005773206234908,1.0,0,0,5,770,0.0,1948,1985,2014,6,6,36,67,0,275000.0
4.0,2.75,8.240385115516334,9.275191344295799,2.0,0,0,3,3790,0.0,1999,0,2014,6,6,33,43,0,875000.0
4.0,2.75,7.840312983320164,8.88336291691676,1.0,0,0,4,1600,6.846943139585379,1979,0,2014,6,6,32,36,0,335000.0
4.0,2.25,7.824445930877619,9.04793908261736,1.0,0,0,4,1600,6.803505257608338,1978,2000,2014,6,6,3,5,0,646000.0
4.0,2.5,7.67368812926773,8.896177422274805,2.0,0,0,3,2150,0.0,2005,0,2014,6,6,32,34,0,392500.0
3.0,1.75,7.421177528595393,9.169622538697624,1.0,0,0,5,1670,0.0,1961,0,2014,6,6,23,25,0,785000.0
3.0,2.0,7.496097345175956,9.446992273315185,1.0,0,0,3,1800,0.0,1956,1990,2014,6,6,19,21,0,470000.0
3.0,2.5,7.635786861395585,9.450065682882071,2.0,0,0,3,2070,0.0,1996,0,2014,6,6,25,34,0,560000.0
2.0,1.0,6.7226297948554485,7.944846711001996,1.0,0,0,4,830,0.0,1920,0,2014,6,6,35,47,0,519000.0
3.0,2.25,7.771067086065406,9.171599543659752,1.0,0,0,4,1650,6.580639137284949,1973,0,2014,6,6,31,31,0,746000.0
3.0,1.0,6.918695219020472,8.594339400592892,1.0,0,0,3,1010,0.0,1959,1989,2014,6,6,35,64,0,317000.0
3.0,1.5,7.259116128097101,8.412054873292933,1.0,0,0,3,1420,0.0,1959,1989,2014,6,6,35,47,0,371000.0
4.0,2.0,7.659642954564682,9.071308163280625,1.5,0,0,4,2120,0.0,1960,2001,2014,6,6,10,73,0,250000.0
4.0,1.75,7.611347717403621,8.857941984804711,1.0,0,0,4,1430,6.3818160174060985,1979,0,2014,6,6,31,31,0,532000.0
3.0,2.5,7.327123292259293,7.700295203420117,2.0,0,0,3,1040,6.175867270105761,2007,0,2014,6,6,35,58,0,499950.0
2.0,1.0,6.710523109452428,8.740496729931813,1.0,0,0,4,820,0.0,1922,0,2014,6,6,35,63,0,375000.0
3.0,2.5,7.43307534889858,7.348587530927593,2.5,0,0,3,1690,0.0,2007,0,2014,6,6,35,74,0,640000.0
3.0,2.0,7.72356247227797,9.333088837235236,1.0,0,0,3,1130,7.030857476116121,1986,0,2014,6,6,32,33,0,400000.0
3.0,2.25,7.5126175446745105,8.974364841846596,1.0,0,0,4,1290,6.293419278846481,1986,0,2014,6,6,31,31,0,572000.0
3.0,2.0,7.208600337960199,9.319284458965361,1.0,0,0,3,1110,5.484796933490655,1995,0,2014,6,6,27,27,0,310000.0
5.0,3.5,8.0959035329611,8.294299608857235,2.0,0,0,3,2440,6.734591659972948,2003,0,2014,6,6,35,56,0,989000.0
4.0,2.5,7.9269635448629785,10.72579722093939,2.0,0,0,4,2770,0.0,1989,0,2014,6,6,42,44,0,685000.0
4.0,2.5,7.9269635448629785,9.064505023752638,2.0,0,0,4,2770,0.0,1987,0,2014,6,6,3,6,0,907500.0
4.0,2.5,7.8083230503910555,8.535425959677298,2.0,0,0,3,2460,0.0,2003,0,2014,6,6,32,36,0,427500.0
3.0,3.25,8.459775920546287,10.388010267881066,2.0,0,2,3,3190,7.333676395657684,1998,2006,2014,6,6,32,37,0,860000.0
2.0,1.0,7.1316985104669115,8.999742789830492,1.0,0,0,4,1250,0.0,1947,1988,2014,6,6,35,60,0,365000.0
3.0,2.0,7.444833273892193,8.885440911707585,2.0,0,0,4,1710,0.0,1988,0,2014,6,6,14,13,0,250500.0
3.0,1.75,7.518064181233078,8.537387898701757,1.0,0,0,5,1040,6.68586094706836,1952,1998,2014,6,6,35,51,0,411715.0
4.0,2.5,7.601402334583733,8.693328989123106,2.0,0,0,3,2000,0.0,1999,0,2014,6,6,36,62,0,415000.0
1.0,1.0,6.478509642208569,9.639847474564585,1.0,0,0,4,650,0.0,1967,0,2014,6,6,18,26,0,129000.0
3.0,1.5,6.928537818164665,9.11305824916963,1.0,0,0,3,920,4.61512051684126,1930,1997,2014,6,6,35,54,0,489000.0
2.0,1.0,7.313886831633462,9.827739775097854,1.0,0,0,3,1500,0.0,1950,2005,2014,6,6,40,69,0,170000.0
3.0,2.5,7.630946580890459,8.389359819906353,2.0,0,0,3,2060,0.0,2007,0,2014,6,6,38,38,0,418500.0
3.0,1.5,7.501634457883413,10.285649915074456,1.0,0,0,3,950,6.7580945044277305,1983,2009,2014,6,6,9,26,0,261000.0
6.0,4.5,8.24564690087386,10.246261321304372,1.0,0,4,5,3810,0.0,1969,0,2014,6,6,36,70,0,2005000.0
2.0,1.75,7.409136443920128,8.294299608857235,1.0,0,0,4,950,6.55250788703459,1947,1988,2014,6,6,35,51,0,355000.0
3.0,3.25,7.340186835320115,6.558197802812269,3.0,0,0,3,1540,0.0,2011,0,2014,6,6,35,59,0,742000.0
3.0,1.5,7.640603826393634,8.565030520830398,1.0,0,0,3,1190,6.792344427470809,1959,1989,2014,6,6,35,60,0,399950.0
3.0,2.25,7.796057974316123,8.612685172875459,2.0,0,0,3,1810,6.431331081933479,1989,0,2014,6,6,19,21,0,791000.0
5.0,2.0,7.467942332285852,9.238441802087058,1.0,0,0,4,1750,0.0,1943,0,2014,6,6,32,34,0,190000.0
3.0,1.75,7.479299637782834,10.411057883581446,1.0,0,0,4,1770,0.0,1968,0,2014,6,6,1,45,0,229500.0
3.0,2.5,7.444833273892193,7.741099090035366,2.0,0,0,3,1570,4.948759890378168,2005,0,2014,6,6,31,31,0,539000.0
4.0,2.25,7.916078096302786,11.389932631855782,2.0,0,0,3,2740,0.0,1991,0,2014,6,6,16,15,0,549000.0
5.0,2.5,7.912423121473705,9.75504554717585,1.0,0,0,5,1660,6.976348070447749,1958,0,2014,6,6,17,16,0,545000.0
3.0,2.5,7.798933310041217,8.544224530467268,2.0,0,0,3,2437,0.0,2011,0,2014,6,6,1,1,0,285000.0
4.0,2.5,8.098946748943339,8.73294952429643,2.0,0,0,3,3290,0.0,2008,0,2014,6,6,38,38,0,648000.0
4.0,3.5,7.976251943745623,8.568076401730806,2.0,0,0,3,2910,0.0,2012,1912,2014,6,6,38,38,0,610000.0
3.0,2.0,7.396948602621014,8.935903526274423,1.0,0,0,3,1630,0.0,2006,0,2014,6,6,35,56,0,767450.0
4.0,3.0,8.39185670010494,8.537975730598767,2.0,0,0,3,3400,6.918695219020472,2006,0,2014,6,6,38,38,0,765000.0
3.0,2.5,7.484930283289661,7.305188215393037,3.0,0,0,3,1600,5.198497031265826,2006,0,2014,6,6,35,47,0,586500.0
3.0,3.25,7.340186835320115,7.305188215393037,2.0,0,0,3,1540,0.0,2011,0,2014,6,6,16,17,0,520000.0
3.0,1.75,7.259116128097101,7.081708586105575,3.0,0,0,3,1420,0.0,2006,0,2014,6,6,35,47,0,455000.0
3.0,2.5,7.893945138235959,9.18512512283512,1.0,0,0,4,1610,6.976348070447749,1979,0,2014,6,4,19,22,0,653000.0
3.0,2.0,7.467942332285852,9.18512512283512,1.0,0,0,3,1350,5.993961427306569,1961,2004,2014,6,4,10,73,0,279950.0
3.0,2.5,7.682943169878292,8.499640032168648,2.0,0,0,3,2170,0.0,2003,0,2014,6,4,17,16,0,449950.0
3.0,2.75,7.779466967458324,9.207034914967457,1.0,0,0,5,1360,6.93828448401696,1977,0,2014,6,4,3,5,0,565000.0
4.0,2.25,7.783640596221253,8.585038738311304,1.5,0,0,4,1460,6.846943139585379,1929,0,2014,6,4,35,56,0,620000.0
3.0,1.0,7.43307534889858,8.35490952835879,1.0,0,0,3,1020,6.508769136971682,1967,2011,2014,6,4,35,71,0,269000.0
3.0,3.5,8.086717920303906,8.699681400989514,2.0,0,0,3,2500,6.621405651764134,2001,0,2014,6,4,35,63,0,875000.0
4.0,3.75,8.436200032206706,10.601696898688338,1.0,0,0,4,2500,7.65491704784832,1980,0,2014,6,4,16,15,0,630000.0
4.0,2.75,7.80016307039296,9.638870753015343,2.0,0,1,4,2440,0.0,1957,2001,2014,6,4,10,73,0,425000.0
3.0,1.75,7.1631723908466425,8.261268150577648,1.0,0,0,5,1290,0.0,1916,0,2014,6,4,35,64,0,647500.0
4.0,1.0,7.601402334583733,8.450412157725886,1.5,0,0,3,1250,6.621405651764134,1916,1986,2014,6,4,35,57,0,450000.0
3.0,1.0,6.957497370876951,8.922791623969637,1.0,0,0,3,1050,0.0,1900,2005,2014,6,4,35,63,0,440000.0
4.0,2.5,7.75833346749091,8.23880116587155,2.0,0,0,3,2340,0.0,2008,0,2014,6,4,35,49,0,445000.0
4.0,2.25,7.701200180857446,8.9445502459405,2.0,0,0,4,2210,0.0,1968,0,2014,6,4,3,5,0,530000.0
5.0,2.5,7.979681302387741,8.624970783589669,2.0,0,0,3,2320,6.398594934535208,1906,2014,2014,6,4,35,53,0,875000.0
3.0,3.5,8.186185994226083,8.764521909518802,2.0,0,0,3,3590,0.0,1999,0,2014,6,4,33,42,0,798000.0
4.0,2.5,7.555381944240273,8.517393171418904,2.0,0,0,3,1910,0.0,2005,0,2014,6,4,21,23,0,297500.0
4.0,2.75,8.042699496897637,10.469823566229687,2.0,0,0,4,3110,0.0,1983,0,2014,6,4,42,41,0,749950.0
5.0,3.0,7.80016307039296,8.46611040118692,1.0,0,0,3,1450,6.898714534329988,2006,0,2014,6,4,35,51,0,495000.0
4.0,2.25,7.193685818395112,9.036106025364846,1.5,0,0,3,1330,0.0,1962,2003,2014,6,4,3,4,0,540000.0
3.0,1.75,7.2868764117507,10.028003427233696,1.0,0,0,4,1460,0.0,1961,2001,2014,6,4,16,15,0,395000.0
6.0,4.5,8.269500767180615,8.263848131368906,3.0,0,4,4,2782,7.02197642307216,1977,0,2014,6,4,35,55,0,1300000.0
5.0,4.75,8.552753366814787,9.787627666441592,2.0,0,2,3,4070,7.01301578963963,2001,0,2014,6,4,38,38,0,1075000.0
2.0,2.5,7.048386408721883,7.632885505395133,2.0,0,0,3,1150,0.0,2004,2003,2014,6,4,1,0,0,214100.0
4.0,1.5,7.560601162768557,9.249945626568541,1.0,0,0,3,1370,6.311734809152915,1959,1989,2014,6,4,14,13,0,210000.0
3.0,2.5,7.83241092718792,10.880760489345077,1.5,0,0,3,2520,0.0,1988,2000,2014,6,4,11,11,0,499500.0
2.0,1.0,6.878326468291325,8.131824785007195,1.0,0,0,3,970,0.0,1924,2011,2014,6,4,35,52,0,546000.0
5.0,2.5,7.820439515262181,8.944680683558895,1.0,0,0,4,1490,6.90875477931522,1989,0,2014,6,4,18,19,0,292000.0
3.0,2.0,7.427144133408616,9.038958755220563,1.0,0,0,3,1680,0.0,1993,0,2014,6,4,12,12,0,289000.0
3.0,1.0,7.048386408721883,8.481773246184977,1.0,0,0,4,1150,0.0,1957,2001,2014,6,4,16,15,0,240000.0
4.0,3.0,7.591357046698551,8.978660489639687,1.0,0,0,4,1160,6.710523109452428,1983,0,2014,6,4,36,62,0,395000.0
4.0,2.25,7.635786861395585,9.479221814964246,1.0,0,0,4,1700,5.916202062607435,1967,0,2014,6,4,23,25,0,795000.0
4.0,2.75,7.791935956938058,9.30228124567454,1.0,0,0,3,1530,6.792344427470809,1977,2004,2014,6,4,3,6,0,725000.0
4.0,2.5,7.8674885686991285,8.47261414801827,2.0,0,0,3,2610,0.0,2009,0,2014,6,4,1,0,0,335000.0
4.0,3.75,7.941295570906532,9.291090521661292,2.0,0,2,4,2070,6.608000625296087,1994,0,2014,6,4,27,27,0,492000.0
3.0,2.5,7.32052696227274,9.248117736310213,1.0,0,0,2,1030,6.175867270105761,1976,0,2014,6,4,42,44,0,250000.0
3.0,1.75,7.555381944240273,8.476579508530941,1.0,0,0,3,1080,6.7226297948554485,1959,1989,2014,6,4,35,47,0,700000.0
3.0,1.75,7.438971592395862,10.852245474547784,1.5,0,0,5,1700,0.0,1931,0,2014,6,4,32,37,0,545000.0
4.0,2.75,7.611347717403621,9.27995971385624,1.0,0,0,4,1420,6.398594934535208,1976,1992,2014,6,4,31,31,0,555000.0
3.0,1.75,7.75833346749091,8.344505083590521,1.0,0,0,5,1170,7.065613363597717,1917,0,2014,6,4,35,64,0,640000.0
3.0,2.0,7.288927694521257,6.767343125265392,3.0,0,0,3,1463,0.0,2003,0,2014,6,4,35,54,0,390000.0
3.0,1.0,7.266128779556451,8.253488028345904,1.0,0,0,3,950,6.175867270105761,1945,2010,2014,6,4,35,56,0,466500.0
3.0,1.5,7.074116816197362,9.41938499891089,1.0,0,0,3,800,5.942799375126701,1981,2013,2014,6,4,33,42,0,372500.0
5.0,4.5,8.38958706681109,9.653807502217354,2.0,0,0,3,3390,6.918695219020472,2003,0,2014,6,4,3,3,0,1800000.0
3.0,2.5,7.384610383176974,8.728587995695898,2.0,0,0,3,1610,0.0,1994,0,2014,6,4,18,18,0,255000.0
3.0,2.5,7.300472814267799,9.564582358673212,2.0,0,0,3,1480,0.0,1996,0,2014,6,4,19,21,0,466800.0
3.0,2.5,7.890208213109961,9.243678431586693,2.0,0,0,3,2670,0.0,1987,2000,2014,6,4,3,6,0,749000.0
4.0,1.75,7.5126175446745105,10.278871388605838,2.0,0,0,3,1230,6.398594934535208,1990,2009,2014,6,4,23,25,0,610000.0
2.0,1.0,6.825460036255307,8.317766166719343,1.0,0,0,4,920,0.0,1914,1945,2014,6,4,35,57,0,356000.0
3.0,1.0,7.048386408721883,9.862717639992917,1.0,0,0,4,1150,0.0,1908,0,2014,6,4,1,0,0,165000.0
2.0,1.0,7.0825485693553,8.910450756416656,1.0,0,0,3,830,5.8888779583328805,1941,1994,2014,6,4,35,69,0,229000.0
4.0,3.25,8.333510708982942,10.481644668462405,2.0,0,0,3,2760,7.244941546337007,1973,2013,2014,6,4,16,15,0,530000.0
3.0,2.5,7.771067086065406,9.453600226875217,2.0,0,0,3,2370,0.0,2001,0,2014,6,4,11,11,0,499950.0
4.0,1.75,7.415175109613295,8.24301946898925,1.5,0,0,3,1660,0.0,1926,2003,2014,6,4,35,54,0,619000.0
3.0,2.5,7.300472814267799,9.033841828485016,1.0,0,0,4,1480,0.0,1968,0,2014,6,4,35,60,0,547000.0
4.0,2.5,7.779466967458324,8.768263145371286,2.0,0,0,3,2390,0.0,1999,0,2014,6,4,1,45,0,359800.0
3.0,3.5,7.43307534889858,7.267525427828172,2.0,0,0,3,1360,5.802118375377063,2008,0,2014,6,4,35,74,0,499000.0
3.0,1.0,6.918695219020472,8.93075873555827,1.0,0,0,3,1010,0.0,1958,2004,2014,6,4,32,36,0,189000.0
4.0,3.5,8.160803920954665,9.053452616439039,2.0,0,0,3,2500,6.90875477931522,1994,0,2014,6,4,3,5,0,799000.0
4.0,2.75,7.754052639035757,8.941545475242885,1.0,0,0,3,1800,6.274762021241939,1990,2009,2014,6,4,14,13,0,257000.0
3.0,1.5,7.544861068658458,9.153875834995056,1.0,0,0,3,1090,6.68586094706836,1957,2000,2014,6,4,6,65,0,270000.0
4.0,1.75,7.601402334583733,8.704999678440762,1.0,0,2,3,1300,6.55250788703459,1959,1989,2014,6,4,35,65,0,453500.0
3.0,1.0,7.030857476116121,9.273409063443166,1.0,0,0,3,1130,0.0,1954,2005,2014,6,4,34,72,0,237000.0
4.0,1.75,7.421177528595393,9.198976041897133,1.0,0,0,5,1670,0.0,1947,0,2014,6,4,35,60,0,456000.0
3.0,2.5,7.8636512654486515,8.61993026886735,2.0,0,0,3,2600,0.0,2004,2003,2014,6,4,21,23,0,355500.0
4.0,1.75,7.353081920515432,10.351373376528244,1.0,0,0,4,1560,0.0,1965,0,2014,6,4,1,45,0,299950.0
3.0,2.0,7.065613363597717,8.586905803827538,1.0,0,0,3,1170,0.0,1919,2001,2014,6,4,35,49,0,335000.0
4.0,2.5,7.650168700845001,8.351846738828245,2.0,0,0,3,2100,0.0,2006,0,2014,6,4,18,19,0,268500.0
3.0,2.25,7.444833273892193,9.350189267092581,1.0,0,0,3,1210,6.2166061010848646,1978,0,2014,6,4,17,16,0,385000.0
4.0,2.75,7.791935956938058,8.661120360222881,2.0,0,0,3,2420,0.0,2005,0,2014,6,4,21,23,0,376000.0
4.0,2.0,7.223295679562314,8.294299608857235,2.0,0,0,3,1370,0.0,1951,1994,2014,6,4,35,74,0,605004.0
4.0,2.0,7.886457270977689,8.268988209506656,1.5,0,0,4,1480,7.074116816197362,1923,0,2014,6,4,35,53,0,886000.0
4.0,2.5,7.72356247227797,8.219864741912652,2.0,0,0,3,2260,0.0,2003,0,2014,6,4,19,22,0,560000.0
4.0,2.5,7.635786861395585,8.412054873292933,2.0,0,0,3,2070,0.0,2004,2003,2014,6,4,21,23,0,343000.0
3.0,1.0,7.313886831633462,9.510519035757246,1.0,0,0,4,1500,0.0,1968,0,2014,6,4,32,37,0,270000.0
4.0,2.5,7.88570539124302,8.284251797621916,2.0,0,0,3,2658,0.0,2014,0,2014,6,4,1,45,0,411605.0
4.0,2.5,7.901377353792616,8.546946149565585,2.0,0,0,3,2700,0.0,2007,0,2014,6,4,32,37,0,550000.0
3.0,2.25,7.333676395657684,7.1276936993473985,2.0,0,0,3,1050,6.175867270105761,2014,0,2014,6,4,35,59,0,465000.0
3.0,2.5,7.300472814267799,7.303843225277705,2.0,0,0,3,1280,5.303304908059076,2007,0,2014,6,4,35,46,0,584000.0
3.0,3.0,7.237778191923443,6.985641817639208,2.0,0,0,3,1140,5.5254529391317835,2006,0,2014,6,4,35,57,0,275000.0
3.0,2.5,7.415175109613295,8.291797105048733,2.0,0,0,3,1660,0.0,2009,0,2014,6,4,35,57,0,324500.0
3.0,2.5,7.62608275807238,8.339500903005945,2.0,0,0,3,2050,0.0,2011,0,2014,6,4,35,56,0,700000.0
4.0,1.0,7.346655163176539,8.954286157204713,1.5,0,0,3,1550,0.0,1954,2005,2014,6,0,35,61,0,385200.0
4.0,2.25,7.550135342488429,9.059633754551479,1.0,0,0,4,1900,0.0,1975,0,2014,6,0,14,13,0,270000.0
4.0,2.5,7.944846711001996,8.729235349659273,2.0,0,0,3,2050,6.647688373563329,2013,1923,2014,6,0,35,57,0,735000.0
2.0,1.5,7.307202314764738,8.314097335405807,1.0,0,0,3,930,6.329720905522696,1956,2001,2014,6,0,35,61,0,389250.0
3.0,1.5,7.467942332285852,9.433563920090563,1.0,0,0,3,1150,6.398594934535208,1954,2005,2014,6,0,13,14,0,315000.0
4.0,2.5,7.621195162809845,8.705331133531631,2.0,0,0,3,2040,0.0,1990,2009,2014,6,0,35,54,0,545000.0
3.0,1.5,7.550135342488429,8.517393171418904,1.5,0,0,3,1640,5.564520407322694,1926,2003,2014,6,0,35,54,0,550000.0
3.0,1.75,7.555381944240273,9.441213969352303,1.0,0,0,3,1340,6.3473892096560105,1977,2004,2014,6,0,42,41,0,415000.0
3.0,1.0,7.353081920515432,9.570389616553864,1.0,0,0,4,1560,0.0,1953,1983,2014,6,0,26,68,0,387500.0
3.0,1.75,7.293697720601438,8.740496729931813,1.0,0,3,4,1070,5.993961427306569,1939,1989,2014,6,0,20,67,0,432000.0
3.0,2.5,7.901377353792616,9.209840246934501,1.0,0,3,4,1350,7.208600337960199,1959,0,2014,6,0,10,73,0,402000.0
4.0,3.25,8.146419323098003,9.327323087461798,2.0,0,3,4,2430,6.928537818164665,1960,2001,2014,6,0,6,68,0,1035000.0
3.0,2.0,7.58629630715272,9.169622538697624,1.0,0,0,4,1300,6.508769136971682,1967,0,2014,6,0,14,2,0,294700.0
3.0,2.5,7.890208213109961,9.408207140105599,2.0,0,0,3,2670,0.0,1986,0,2014,6,0,31,31,0,744000.0
3.0,2.5,7.844240718141811,9.507403306233716,2.0,0,0,3,2550,0.0,1990,2009,2014,6,0,3,5,0,715000.0
4.0,1.0,7.450660796211539,8.297045149081827,1.5,0,0,4,1720,0.0,1904,0,2014,6,0,35,50,0,500000.0
4.0,4.0,8.359603270841466,8.700014623251842,2.0,0,3,3,3180,6.994849985833071,2004,2003,2014,6,0,16,17,0,1300000.0
3.0,1.5,7.682943169878292,9.717218213494077,1.0,1,2,3,1130,6.947937068614969,1979,2014,2014,6,0,31,31,0,1150000.0
4.0,2.5,7.951911381854188,9.14366623870819,2.0,0,0,3,2840,0.0,1990,2009,2014,6,0,33,42,0,650000.0
4.0,2.75,8.092851027538384,10.839482867684618,2.0,0,0,4,2720,6.311734809152915,1983,0,2014,6,0,18,26,0,435000.0
3.0,1.75,7.300472814267799,8.859505484519133,1.0,0,0,3,1480,0.0,1974,0,2014,6,0,19,21,0,510000.0
5.0,2.75,7.80016307039296,8.987321812850125,1.0,0,0,4,1240,7.0909098220799835,1972,0,2014,6,0,19,22,0,525000.0
4.0,2.75,7.9658927350845286,8.657129031713755,1.5,0,0,5,1710,7.065613363597717,1928,1970,2014,6,0,35,55,0,920000.0
2.0,1.0,7.456454555176209,9.170663554823284,1.0,0,0,3,1380,5.860786223465865,1962,2003,2014,6,0,1,0,0,200000.0
2.0,1.0,7.13966033596492,8.314097335405807,1.5,0,0,5,1260,0.0,1926,0,2014,6,0,35,54,0,435000.0
4.0,2.0,7.7102051944325325,9.200391041122515,1.5,0,0,5,2230,0.0,1959,0,2014,6,0,3,4,0,809950.0
2.0,2.25,7.8083230503910555,9.737491998340946,1.5,0,4,4,1930,6.274762021241939,1936,0,2014,6,0,35,56,0,1370000.0
4.0,1.75,7.62608275807238,11.456630207915023,1.0,0,0,4,1250,6.68586094706836,1959,0,2014,6,0,32,36,0,455000.0
3.0,2.5,7.616283561580385,7.939515260662406,2.0,0,0,3,1720,5.739792912179234,2001,0,2014,6,0,16,15,0,471000.0
2.0,1.0,6.698268054115413,8.476579508530941,1.0,0,0,3,810,0.0,1948,1994,2014,6,0,35,61,0,253500.0
3.0,1.0,7.518064181233078,8.999742789830492,1.0,0,0,4,920,6.825460036255307,1953,1983,2014,6,0,6,68,0,185000.0
3.0,1.5,7.456454555176209,10.602890127258581,2.0,0,0,4,1730,0.0,1983,0,2014,6,0,42,41,0,535500.0
2.0,2.0,7.732369222284388,8.827028068509152,1.0,0,0,3,2280,0.0,2002,0,2014,6,0,31,32,0,835000.0
4.0,2.5,7.875119281040293,8.752581469146884,2.0,0,0,3,2630,0.0,2008,0,2014,6,0,38,38,0,589500.0
3.0,2.25,7.7279755421055585,10.081675578048475,1.0,0,0,3,1820,6.111467339502679,1975,0,2014,6,0,36,70,0,680000.0
3.0,1.75,6.928537818164665,8.85666093701725,1.5,0,0,4,1020,0.0,1953,1983,2014,6,0,36,67,0,360000.0
4.0,2.5,7.596392304064196,7.685243607975833,2.0,0,0,3,1680,5.739792912179234,2005,0,2014,6,0,35,50,0,595000.0
4.0,2.5,7.893945138235959,9.649175779559453,2.0,0,0,3,2680,0.0,1999,0,2014,6,0,14,13,0,300000.0
3.0,1.75,7.591357046698551,8.101980731853192,1.5,0,0,4,1140,6.734591659972948,1926,1993,2014,6,0,35,54,0,660000.0
3.0,2.5,7.783640596221253,8.850230965588816,2.0,0,0,3,2400,0.0,1993,0,2014,6,0,25,34,0,570000.0
2.0,1.0,6.660575149839686,8.517393171418904,1.0,0,0,4,780,0.0,1943,0,2014,6,0,35,65,0,285000.0
3.0,2.0,6.8885724595653635,8.517393171418904,1.0,0,0,3,980,0.0,1940,1996,2014,6,0,35,64,0,435000.0
3.0,1.0,7.099201743553092,11.5447922813086,1.0,0,0,2,1210,0.0,1918,1960,2014,6,0,41,40,0,160000.0
5.0,2.5,8.434028950155469,9.895052073715027,1.0,0,3,3,2300,7.741099090035366,1956,2013,2014,6,0,36,70,0,805000.0
3.0,2.5,7.300472814267799,7.581719640125308,2.0,0,0,3,1480,0.0,2005,0,2014,6,0,16,17,0,450000.0
4.0,1.5,7.186144304522325,9.564582358673212,1.0,0,0,4,1320,0.0,1954,1979,2014,6,0,19,21,0,510000.0
5.0,2.75,8.38958706681109,9.825580063659602,1.0,0,3,5,2250,7.67368812926773,1963,0,2014,6,0,17,16,0,1120000.0
4.0,3.5,8.010027528481734,8.188966863648876,2.0,0,0,3,2370,6.46302945692067,1999,0,2014,6,0,35,53,0,1280000.0
3.0,2.0,7.72356247227797,9.166283985779263,1.0,0,0,3,1780,6.175867270105761,1985,0,2014,6,0,33,42,0,539000.0
4.0,2.0,7.53955882930103,9.592468614719909,2.0,0,0,3,1880,0.0,1978,0,2014,6,0,7,10,0,407193.0
3.0,1.75,7.223295679562314,9.200391041122515,1.0,0,0,4,1370,0.0,1983,0,2014,6,0,24,76,0,320000.0
4.0,3.0,7.908754738783246,8.24301946898925,2.0,0,0,5,1800,6.825460036255307,1919,1934,2014,6,0,35,54,0,739000.0
2.0,1.75,7.462214939768189,8.594339400592892,1.0,0,0,4,990,6.621405651764134,1946,1989,2014,6,0,35,54,0,452000.0
4.0,2.5,7.848153086199526,8.629449873761905,2.0,0,0,3,2560,0.0,2001,0,2014,6,0,31,32,0,600000.0
5.0,2.5,7.897668150726906,8.62299361030245,2.0,0,0,3,2690,0.0,2012,1912,2014,6,0,35,71,0,279000.0
4.0,3.0,8.083637203141548,8.623892810075294,2.0,0,0,3,3240,0.0,2013,1923,2014,6,0,33,43,0,895000.0
4.0,2.5,7.796057974316123,8.465478755729558,2.0,0,0,3,2430,0.0,2008,0,2014,6,0,16,15,0,585000.0
2.0,2.0,7.2485040723706105,6.97914527506881,2.0,0,0,3,1140,5.583496308781699,2007,0,2014,6,0,35,59,0,405000.0
5.0,2.75,8.016647877057803,8.946374826141717,2.0,0,0,3,3030,0.0,2014,0,2014,6,0,33,43,0,837219.0
4.0,2.5,8.33110454805304,9.040382074165628,2.0,0,0,3,4150,0.0,2014,0,2014,6,0,33,43,0,969990.0
3.0,3.0,7.456454555176209,7.9865049385539955,3.0,0,0,3,1730,0.0,1985,0,2014,6,2,35,56,0,490000.0
6.0,2.5,8.2482674474469,10.881324834061799,1.0,0,0,4,2040,7.484930283289661,1974,0,2014,6,2,16,15,0,611000.0
4.0,2.5,8.029758520440822,8.769196271411001,2.0,0,0,3,3070,0.0,2006,0,2014,6,2,32,33,0,462000.0
4.0,2.5,7.484930283289661,8.335671314792847,2.0,0,0,3,1780,0.0,1994,0,2014,6,3,16,17,0,540000.0
4.0,2.5,7.502186486602924,8.385260520155413,2.0,0,0,3,1811,0.0,2007,0,2014,6,3,32,33,0,260000.0
4.0,2.25,7.804251383528112,11.039572232060571,2.0,0,0,3,2450,0.0,1976,0,2014,6,3,42,44,0,510000.0
3.0,2.5,7.741099090035366,8.90910013492555,2.0,0,0,3,2300,0.0,2001,0,2014,6,3,38,38,0,567500.0
2.0,1.0,7.273092595999522,8.078998258685154,1.0,0,0,3,960,6.175867270105761,1915,0,2014,6,3,35,47,0,445000.0
4.0,2.25,7.771067086065406,9.144307401371744,2.0,0,0,4,2370,0.0,1979,0,2014,6,3,31,31,0,684680.0
4.0,3.25,8.394121193826242,8.968396191198256,2.0,1,4,3,3150,7.147559271189454,2001,0,2014,6,3,3,7,0,2700000.0
3.0,1.0,7.170888478512505,8.174984532943087,1.5,0,0,3,1300,0.0,1927,2011,2014,6,3,35,48,0,455000.0
5.0,3.0,7.962415680121064,8.382518288089635,2.0,0,0,3,2090,6.660575149839686,2007,0,2014,6,3,5,9,0,540000.0
3.0,2.75,8.131824785007195,8.881975184248867,2.0,0,2,3,2470,6.836259277277067,2009,0,2014,6,3,32,34,0,530000.0
3.0,1.0,7.252053951852814,8.529319371214077,1.0,0,0,4,910,6.2166061010848646,1956,0,2014,6,1,35,62,0,410000.0
3.0,1.75,7.403061091090091,9.510519035757246,1.0,0,0,3,1110,6.274762021241939,1940,1996,2014,6,1,35,60,0,450000.0
4.0,2.5,8.068089626278244,8.909235279192261,2.0,0,0,3,3190,0.0,2006,0,2014,6,1,21,23,0,609900.0
4.0,2.5,7.7752758464868625,9.505692950732183,2.0,0,0,3,2380,0.0,1992,0,2014,6,1,16,43,0,648000.0
3.0,2.5,7.72356247227797,8.334711621820917,2.0,0,0,3,2260,0.0,2005,0,2014,6,1,33,43,0,550000.0
3.0,1.75,7.123672785204607,8.993551586299981,1.0,0,0,4,1240,0.0,1978,2000,2014,6,1,33,42,0,347000.0
5.0,3.5,8.347827345782498,10.19559730831506,1.0,0,0,3,2110,7.65491704784832,1958,2006,2014,6,1,3,3,0,1635000.0
4.0,2.5,8.35490952835879,9.872409596965266,2.0,0,2,4,3260,6.898714534329988,1972,0,2014,6,1,23,25,0,1339000.0
3.0,1.5,7.528869256642251,8.982686665184087,1.0,0,0,3,1200,6.493753839851686,1963,2008,2014,6,1,40,72,0,288350.0
3.0,2.5,7.955425088912672,9.25674674479034,1.0,0,0,4,1730,7.02197642307216,1954,1979,2014,6,1,3,3,0,1150000.0
3.0,3.0,7.81237820598861,10.503586992046001,2.0,0,0,4,2470,0.0,1980,0,2014,6,1,16,15,0,525000.0
3.0,2.25,7.701200180857446,8.987321812850125,2.0,0,0,4,2210,0.0,1969,0,2014,6,1,14,13,0,250250.0
4.0,1.75,7.560601162768557,8.9445502459405,1.0,0,0,4,1500,6.042632833682381,1975,0,2014,6,1,32,36,0,341000.0
4.0,3.0,8.055475141757274,8.959183074206774,2.0,0,0,3,3150,0.0,2000,0,2014,6,1,33,43,0,700000.0
4.0,1.75,7.901377353792616,8.971575439759016,1.5,0,0,4,2700,0.0,1968,0,2014,6,1,32,36,0,390000.0
3.0,2.25,7.692113339595466,8.874867635688053,1.0,0,1,4,1240,6.85751406254539,1963,0,2014,6,1,32,34,0,539950.0
2.0,2.5,7.2305631534092925,6.858565034791365,3.0,0,0,3,1380,0.0,2006,0,2014,6,1,35,47,0,552000.0
5.0,1.5,7.83241092718792,8.657650544111494,1.5,0,0,4,1510,6.918695219020472,1928,0,2014,6,1,12,12,0,250000.0
3.0,1.75,7.170888478512505,9.082620630373812,1.0,0,0,4,1300,0.0,1963,0,2014,6,1,3,7,0,502000.0
4.0,1.75,7.7057128238944275,8.77971129020447,2.0,0,3,4,2220,0.0,1964,0,2014,6,1,6,68,0,480000.0
2.0,1.0,6.594413459749778,8.926517509850122,1.0,0,0,3,730,0.0,1946,0,2014,6,1,35,54,0,378500.0
4.0,3.25,8.101980731853192,9.67457740632758,2.0,0,0,5,3300,0.0,1985,0,2014,6,1,23,25,0,1350000.0
4.0,3.25,8.326274787396764,11.630904037063672,2.0,0,0,3,4130,0.0,1978,0,2014,6,1,3,4,0,1900000.0
3.0,2.5,7.890208213109961,10.768084910001393,2.0,0,3,3,2670,0.0,1981,2013,2014,6,1,42,41,0,605000.0
4.0,2.5,7.591357046698551,8.684401110400144,2.0,0,0,3,1980,0.0,2003,0,2014,6,1,18,19,0,307550.0
2.0,1.0,6.608000625296087,8.698847859222488,1.0,0,0,4,740,0.0,1949,1985,2014,6,1,35,62,0,304700.0
3.0,1.75,7.62608275807238,8.166500319155052,1.0,0,0,4,1070,6.8885724595653635,1977,0,2014,6,1,35,63,0,568000.0
3.0,1.75,7.115582126184454,8.922791623969637,1.0,0,0,3,1230,0.0,1987,2000,2014,6,1,19,22,0,385000.0
3.0,2.5,7.099201743553092,7.259116128097101,3.0,0,0,3,1210,0.0,2008,0,2014,6,1,35,47,0,345000.0
3.0,2.25,7.544861068658458,8.881975184248867,1.0,0,0,4,1230,6.493753839851686,1973,0,2014,6,1,35,60,0,435000.0
2.0,2.0,7.534228326274089,8.744488113852924,1.0,0,0,3,1870,0.0,2003,0,2014,6,1,31,32,0,579000.0
3.0,1.75,7.193685818395112,8.74862232231722,1.0,0,0,3,1330,0.0,1998,2006,2014,6,1,1,1,0,236000.0
3.0,2.0,7.372118028337787,10.49096861519108,1.0,0,0,4,1590,0.0,1974,0,2014,6,1,32,36,0,305100.0
3.0,1.75,7.444833273892193,9.287394001418473,1.0,0,0,4,1710,0.0,1958,1972,2014,6,1,17,16,0,368000.0
2.0,1.0,7.0909098220799835,9.105090961257085,1.0,0,2,5,1200,0.0,1917,0,2014,6,1,10,73,0,255000.0
2.0,1.0,7.039660349862076,8.537191877922927,1.0,0,0,3,1140,0.0,1942,1999,2014,6,1,35,63,0,400000.0
3.0,1.75,7.714677473800927,9.006263883379198,1.0,0,0,3,1120,7.02197642307216,1948,1994,2014,6,1,35,60,0,440000.0
2.0,1.0,6.825460036255307,8.79497643168877,1.0,0,0,3,920,0.0,1919,2003,2014,6,1,35,57,0,417000.0
2.0,1.0,6.68586094706836,8.517393171418904,1.0,0,0,3,800,0.0,1906,2014,2014,6,1,35,50,0,435000.0
4.0,2.75,7.591357046698551,9.345220854170002,1.0,0,0,5,1980,0.0,1952,1998,2014,6,1,20,67,0,475000.0
4.0,2.5,7.937731775260109,9.459697330106296,2.0,0,0,3,2800,0.0,2001,0,2014,6,1,11,11,0,563500.0
3.0,2.25,7.427144133408616,10.466753812241553,2.0,0,0,3,1680,0.0,1987,2000,2014,6,1,1,45,0,285000.0
4.0,2.5,7.754052639035757,9.203215047033595,2.0,0,0,3,2330,0.0,1998,2006,2014,6,1,27,27,0,471000.0
4.0,1.75,7.714677473800927,9.198976041897133,1.5,0,0,4,2240,0.0,1965,0,2014,6,1,3,7,0,500000.0
3.0,2.5,7.669028288589683,9.096723645189215,2.0,0,0,3,2140,0.0,1991,0,2014,6,1,33,42,0,640000.0
4.0,2.5,7.682943169878292,9.548596730390898,2.0,0,0,3,2170,0.0,1992,0,2014,6,1,11,11,0,442500.0
3.0,1.5,7.048386408721883,9.06958293425992,1.0,0,0,4,1150,0.0,1963,0,2014,6,1,32,33,0,213400.0
4.0,2.5,7.616283561580385,8.270269111436624,1.5,0,0,4,1630,5.993961427306569,1926,1993,2014,6,1,35,47,0,831000.0
3.0,2.0,7.208600337960199,9.376363155800634,1.0,0,0,3,1350,0.0,1986,0,2014,6,1,11,11,0,325000.0
2.0,1.0,6.814542897259958,8.441607204459642,1.0,0,0,4,910,0.0,1905,0,2014,6,1,35,50,0,425000.0
4.0,2.5,7.901377353792616,8.537191877922927,1.0,0,0,4,1440,7.13966033596492,1968,0,2014,6,1,35,63,0,550000.0
4.0,3.5,8.224431573221159,9.61780348274702,2.0,0,2,3,2440,7.1631723908466425,1991,0,2014,6,1,18,26,0,599950.0
4.0,2.5,7.916078096302786,9.68084387626357,2.0,0,0,3,2740,0.0,1984,0,2014,6,1,22,24,0,1225000.0
4.0,3.25,7.62608275807238,8.517393171418904,2.0,0,0,4,1370,6.523562306149512,1987,0,2014,6,1,35,53,0,750000.0
4.0,3.0,7.779466967458324,8.412054873292933,2.0,0,0,3,2390,0.0,1974,0,2014,6,1,32,35,0,290000.0
4.0,2.75,7.596392304064196,8.889170455363413,1.0,0,0,3,1270,6.580639137284949,1999,0,2014,6,1,1,1,0,270000.0
4.0,1.75,7.170888478512505,9.952325334619427,1.0,0,0,4,1300,0.0,1969,0,2014,6,1,14,0,0,229950.0
3.0,1.0,7.193685818395112,9.095266164130717,1.0,0,0,3,1330,0.0,1948,1994,2014,6,1,34,72,0,234999.0
2.0,1.0,6.90875477931522,10.357933282865915,1.0,0,0,3,1000,0.0,1960,2012,2014,6,1,11,11,0,265000.0
4.0,2.75,7.692113339595466,9.611663580917012,2.0,0,0,3,2190,0.0,1993,0,2014,6,1,1,0,0,367300.0
3.0,1.75,7.2305631534092925,8.132412674500905,1.5,0,0,3,1380,0.0,1900,2000,2014,6,1,35,59,0,550000.0
4.0,2.5,7.8674885686991285,10.410515976053734,2.0,0,0,3,2610,0.0,1988,2000,2014,6,1,31,32,0,743700.0
2.0,1.75,6.966967138613983,7.124478262493424,2.0,0,0,3,960,4.61512051684126,2008,0,2014,6,1,35,64,0,352750.0
2.0,1.0,6.566672429803241,7.036148493750536,2.0,0,0,4,710,0.0,1943,0,2014,6,1,35,46,0,403950.0
4.0,2.5,7.912423121473705,8.476579508530941,1.5,0,0,5,2230,6.2166061010848646,1909,1988,2014,6,1,35,58,0,980000.0
3.0,1.75,7.473637108496206,9.285540604539118,1.0,0,0,3,1760,0.0,1977,2004,2014,6,1,3,4,0,554000.0
3.0,2.5,7.333676395657684,8.150467911624004,2.0,0,0,3,1530,0.0,1998,2006,2014,6,1,3,6,0,546000.0
2.0,2.0,6.93828448401696,9.985666438493771,1.0,0,0,4,1030,0.0,1938,0,2014,6,1,35,69,0,212500.0
3.0,2.0,7.1785454837637,7.844240718141811,1.0,0,0,3,780,6.274762021241939,1986,0,2014,6,1,35,47,0,428000.0
4.0,2.25,8.058643712215618,10.450481157684562,1.0,0,0,4,3160,0.0,1981,0,2014,6,1,42,41,0,965000.0
3.0,3.0,7.824445930877619,9.024613022047395,2.0,0,0,3,2500,0.0,1997,0,2014,6,1,18,19,0,364900.0
3.0,1.5,7.635786861395585,8.591743922680534,1.0,0,0,4,1140,6.836259277277067,1948,0,2014,6,1,35,56,0,559000.0
4.0,1.75,7.591357046698551,9.105090961257085,1.0,0,0,2,1480,6.2166061010848646,1978,0,2014,6,1,14,13,0,213000.0
3.0,2.5,7.85979918056211,8.887100204123687,2.0,0,0,3,2590,0.0,2004,2003,2014,6,1,35,60,0,620000.0
4.0,1.0,7.555381944240273,9.700207901150696,1.5,0,0,3,1910,0.0,1934,1978,2014,6,1,35,49,0,240000.0
3.0,2.5,7.875119281040293,9.220389707829185,1.0,0,0,4,1580,6.957497370876951,1967,0,2014,6,1,3,5,0,852500.0
3.0,2.5,7.875119281040293,11.264117891900502,2.0,0,0,3,2630,0.0,2004,2003,2014,6,1,11,11,0,600000.0
3.0,2.5,7.581209826196346,8.38958706681109,2.0,0,0,3,1960,0.0,2006,0,2014,6,1,38,38,0,410000.0
3.0,1.75,7.273092595999522,10.7211285344439,2.0,0,0,3,1440,0.0,1977,2004,2014,6,1,11,11,0,328000.0
3.0,1.75,7.701200180857446,9.692828247710418,1.0,0,0,3,1390,6.710523109452428,1958,2004,2014,6,1,3,4,0,625000.0
4.0,2.5,7.762596048540069,11.053473965658284,2.0,0,0,4,2350,0.0,1994,0,2014,6,1,42,44,0,649950.0
3.0,1.0,7.372118028337787,9.472781556562168,1.5,0,0,3,1590,0.0,1944,0,2014,6,1,6,68,0,235000.0
3.0,3.5,7.313886831633462,7.1308988302963465,2.0,0,0,3,1240,5.564520407322694,2004,2003,2014,6,1,35,50,0,489000.0
3.0,2.5,7.550135342488429,8.736328721332908,2.0,0,0,3,1900,0.0,2005,0,2014,6,1,33,43,0,536000.0
4.0,3.5,7.771067086065406,8.214194414852564,2.5,0,0,3,2370,0.0,2013,1923,2014,6,1,32,34,0,400000.0
3.0,2.5,7.450660796211539,7.447751280047908,2.0,0,0,3,1240,6.175867270105761,2004,2003,2014,6,1,35,63,0,398000.0
4.0,1.5,7.611347717403621,8.93075873555827,1.0,0,0,4,2020,0.0,1960,2001,2014,6,1,32,37,0,379000.0
2.0,1.5,7.201170883281678,7.099201743553092,2.0,0,0,3,1120,5.3981627015177525,2008,0,2014,6,1,35,64,0,345000.0
3.0,2.5,7.496097345175956,7.901377353792616,2.0,0,0,3,1800,0.0,2011,0,2014,6,1,35,61,0,365000.0
3.0,2.5,7.300472814267799,7.372118028337787,2.0,0,0,3,1150,5.802118375377063,2010,0,2014,6,1,35,49,0,315000.0
4.0,2.0,7.919719760924575,8.962904128092928,1.5,0,0,5,2250,6.2166061010848646,1916,0,2014,6,5,35,60,0,571000.0
5.0,4.0,8.232440158470336,10.241423003850693,2.0,0,0,3,3760,0.0,1983,2009,2014,6,5,19,21,0,1025000.0
3.0,2.75,7.840312983320164,8.454253391642363,2.0,0,0,3,2540,0.0,2005,0,2014,6,5,33,42,0,695000.0
3.0,1.75,7.473637108496206,10.16800334695607,1.0,0,0,3,920,6.734591659972948,1979,2014,2014,6,5,9,26,0,225000.0
3.0,2.5,8.006700845440367,10.140218377358854,2.0,0,0,3,3000,0.0,1995,0,2014,6,5,31,32,0,740000.0
4.0,2.5,7.565793282428515,9.174091239301061,2.0,0,0,4,1930,0.0,1992,0,2014,6,5,18,19,0,315000.0
4.0,2.5,8.019941687677365,8.853808274977197,2.0,0,0,3,3040,0.0,2001,0,2014,6,5,23,25,0,1230000.0
2.0,1.0,6.7580945044277305,8.263848131368906,1.0,0,0,4,860,0.0,1916,0,2014,6,5,35,56,0,420000.0
3.0,1.75,7.259116128097101,8.942591637231851,1.0,0,0,4,1100,5.771441123130016,1984,0,2014,6,5,32,34,0,310000.0
3.0,2.0,7.640603826393634,8.263848131368906,1.0,0,0,5,1160,6.825460036255307,1954,0,2014,6,5,35,56,0,700000.0
3.0,2.5,7.353081920515432,8.343077871169383,2.0,0,0,3,1560,0.0,2003,0,2014,6,5,21,23,0,269000.0
4.0,2.5,7.581209826196346,8.872627365918836,2.0,0,0,3,1960,0.0,2002,0,2014,6,5,32,34,0,369990.0
3.0,2.25,7.390798521735676,8.412054873292933,2.0,0,0,4,1620,0.0,1926,1993,2014,6,5,35,58,0,800000.0
5.0,3.0,8.208219383496834,9.267098705794792,1.0,0,0,5,2060,7.384610383176974,1952,1998,2014,6,5,20,67,0,569000.0
6.0,1.5,7.565793282428515,9.036106025364846,1.0,0,0,3,1030,6.803505257608338,1971,0,2014,6,5,6,65,0,175000.0
3.0,1.5,7.1631723908466425,7.160069207596127,3.0,0,0,3,1290,0.0,2000,0,2014,6,5,35,47,0,440000.0
5.0,2.25,7.58629630715272,9.632203625893982,1.0,0,0,3,1450,6.255750041753367,1986,0,2014,6,5,13,14,0,435000.0
3.0,1.75,7.340186835320115,8.840724916761715,1.0,0,0,4,920,6.431331081933479,1955,2009,2014,6,5,36,67,0,345000.0
4.0,2.0,7.687538766201629,8.261268150577648,1.0,0,0,3,1020,7.057036981697891,1900,2005,2014,6,5,35,59,0,558000.0
3.0,2.0,7.7057128238944275,9.237566358229774,2.0,0,0,3,1640,6.364750756851911,1980,0,2014,6,5,16,15,0,490000.0
3.0,1.75,7.796057974316123,9.119758993744945,1.0,0,0,4,1410,6.928537818164665,1978,2000,2014,6,5,32,37,0,335000.0
2.0,0.75,7.239214973779806,10.685355065655601,1.5,0,0,4,1392,0.0,1978,2000,2014,6,5,41,40,0,350000.0
4.0,1.0,7.02197642307216,7.895808377083183,1.0,0,0,3,860,5.564520407322694,1939,1969,2014,6,5,32,35,0,100000.0
4.0,1.0,7.237778191923443,9.287394001418473,1.5,0,0,4,1390,0.0,1941,1998,2014,6,5,35,70,0,417500.0
3.0,1.75,7.621195162809845,8.893160828735379,1.0,0,0,3,1020,6.928537818164665,1962,2003,2014,6,5,40,72,0,253000.0
5.0,3.0,7.9483852851118995,8.922791623969637,2.0,0,0,3,2460,5.916202062607435,1923,1998,2014,6,5,35,48,0,1240000.0
4.0,2.5,8.013343181386672,9.02437217426203,2.0,0,0,4,3020,0.0,1994,0,2014,6,5,9,26,0,490000.0
3.0,1.75,7.736743682453495,9.60245002503719,1.0,0,0,3,1620,6.508769136971682,1965,1993,2014,6,5,20,67,0,470000.0
4.0,2.0,7.099201743553092,9.314790473332646,1.0,0,0,4,1210,0.0,1955,2009,2014,6,5,3,5,0,483300.0
3.0,2.5,7.828436359157585,8.751632702472298,2.0,0,0,3,2510,0.0,1996,0,2014,6,5,33,43,0,659000.0
4.0,1.75,7.749753406274437,8.371704884667631,1.0,0,0,3,1140,7.074116816197362,1910,2006,2014,6,5,35,64,0,480000.0
3.0,1.0,6.878326468291325,8.79497643168877,1.0,0,0,3,970,0.0,1965,1993,2014,6,5,6,69,0,165000.0
3.0,1.75,7.507141079727608,8.612685172875459,1.0,0,0,4,1620,5.303304908059076,1957,2001,2014,6,5,35,54,0,659500.0
3.0,1.0,6.878326468291325,8.954544488386723,1.0,0,0,4,970,0.0,1967,0,2014,6,5,14,2,0,219900.0
2.0,1.0,7.462214939768189,8.195057690895077,1.0,0,0,4,950,6.673297967767654,1924,0,2014,6,5,35,57,0,315000.0
3.0,1.75,7.372118028337787,8.93075873555827,1.0,0,0,3,1130,6.133398042996649,1984,0,2014,6,5,18,19,0,250000.0
2.0,1.0,7.2305631534092925,8.517393171418904,1.0,0,0,3,870,6.236369590203704,1943,2002,2014,6,5,35,51,0,268000.0
4.0,1.5,7.427144133408616,9.316860215353856,1.0,0,0,3,1130,6.311734809152915,1959,1989,2014,6,5,36,70,0,380000.0
2.0,1.0,7.107425474110705,8.006700845440367,1.0,0,0,3,920,5.707110264748875,1926,2003,2014,6,5,35,56,0,499000.0
2.0,2.0,7.409741954080923,9.809231816610408,1.0,0,0,3,1651,0.0,1946,0,2014,6,5,41,40,0,285000.0
3.0,1.75,7.193685818395112,9.127067452782361,1.0,0,0,4,1330,0.0,1973,0,2014,6,5,1,45,0,183000.0
3.0,3.0,7.9865049385539955,8.438799123988225,2.0,0,0,4,2230,6.566672429803241,1988,0,2014,6,5,35,48,0,1070000.0
3.0,3.25,7.252053951852814,7.1284959456800365,3.0,0,0,3,1410,0.0,2005,0,2014,6,5,35,47,0,429000.0
2.0,1.0,7.00397413672268,8.188411308079031,1.0,0,0,4,1100,0.0,1926,1993,2014,6,5,35,64,0,403000.0
3.0,1.5,7.333676395657684,8.881975184248867,1.0,0,0,3,1530,0.0,1975,0,2014,6,5,20,67,0,375500.0
5.0,3.25,8.569975376855206,9.754581429281577,2.0,0,1,3,4010,7.13966033596492,1977,2003,2014,6,5,23,25,0,1795000.0
3.0,2.0,7.65491704784832,8.546946149565585,1.0,0,0,5,1080,6.93828448401696,1919,1934,2014,6,5,35,57,0,516200.0
4.0,1.75,7.450660796211539,9.076923258535832,1.0,0,0,3,860,6.7580945044277305,1971,0,2014,6,5,19,22,0,385000.0
3.0,2.5,7.496097345175956,8.517593111437565,2.0,0,0,3,1800,0.0,1996,0,2014,6,5,19,22,0,515000.0
4.0,2.5,7.701200180857446,9.151439264056021,2.0,0,0,3,2210,0.0,1999,0,2014,6,5,6,66,0,375000.0
4.0,2.25,7.848153086199526,9.183174703903413,2.0,0,0,4,2560,0.0,1973,0,2014,6,5,19,22,0,650000.0
2.0,1.5,6.918695219020472,8.951569643018821,2.0,0,0,3,1010,0.0,1981,2013,2014,6,5,32,34,0,306888.0
4.0,2.5,8.114025442356757,9.413199579987685,2.0,0,1,3,2470,6.769641976852503,1998,2006,2014,6,5,35,61,0,870000.0
4.0,1.0,7.462214939768189,9.312535884290853,1.5,0,0,3,1740,0.0,1965,1993,2014,6,5,36,62,0,310000.0
3.0,2.0,7.186144304522325,8.881975184248867,1.0,0,0,5,1320,0.0,1975,0,2014,6,5,18,19,0,251750.0
3.0,1.75,7.327123292259293,9.062536177207788,1.0,0,0,3,1520,0.0,1976,0,2014,6,5,5,9,0,366000.0
3.0,1.5,7.606387389772652,9.15704507491796,1.0,0,0,3,1570,6.089044875446846,1951,1994,2014,6,5,35,60,0,429950.0
3.0,3.5,7.80016307039296,8.13973227971767,2.0,0,0,3,1990,6.111467339502679,2000,0,2014,6,5,3,4,0,710000.0
5.0,2.5,7.844240718141811,9.946355452763305,1.0,0,0,4,1610,6.846943139585379,1953,1983,2014,6,5,3,3,0,895000.0
3.0,1.0,6.918695219020472,9.153875834995056,1.0,0,0,4,1010,0.0,1959,0,2014,6,5,10,73,0,149500.0
3.0,2.5,7.484930283289661,8.820551743253025,1.0,0,0,3,1230,6.311734809152915,1990,2009,2014,6,5,35,49,0,310000.0
3.0,2.0,7.687538766201629,8.512582578858554,1.5,0,2,4,1680,6.2166061010848646,1930,0,2014,6,5,35,61,0,555000.0
5.0,3.25,7.919719760924575,8.922791623969637,2.0,0,1,3,2150,6.398594934535208,1937,1997,2014,6,5,19,21,0,750000.0
4.0,3.25,8.157943507105037,8.857230494201946,2.0,0,0,3,3490,0.0,2006,0,2014,6,5,33,43,0,745000.0
3.0,2.5,7.844240718141811,10.72006844026127,2.0,0,0,3,2550,0.0,2001,0,2014,6,5,31,32,0,695000.0
3.0,1.75,7.534228326274089,8.880446450715093,1.0,0,0,3,1270,6.398594934535208,1959,1989,2014,6,5,35,57,0,433000.0
4.0,1.0,7.048386408721883,9.010058489805235,1.5,0,0,3,1150,0.0,1947,2012,2014,6,5,36,67,0,307000.0
3.0,1.75,7.62608275807238,9.380673689458071,1.0,0,0,3,1460,6.3818160174060985,1962,2003,2014,6,5,3,5,0,655275.0
4.0,2.75,7.57095858316901,8.78813593986372,2.0,0,0,3,1940,0.0,1990,2009,2014,6,5,21,23,0,392000.0
5.0,3.75,8.197263371414335,8.699681400989514,1.5,0,0,3,2470,7.057036981697891,2004,2003,2014,6,5,19,21,0,1180000.0
3.0,1.75,7.544861068658458,9.116139576577355,2.0,0,0,4,1890,0.0,1952,0,2014,6,5,36,62,0,359950.0
4.0,2.0,7.396948602621014,9.24725072599628,1.0,0,0,5,1630,0.0,1968,0,2014,6,5,42,44,0,360000.0
4.0,1.75,7.80016307039296,8.517393171418904,1.0,0,0,3,1340,7.00397413672268,1954,2005,2014,6,5,35,56,0,566000.0
5.0,2.75,8.03947991910045,9.192787212728593,2.0,0,2,4,3100,0.0,1950,1982,2014,6,5,35,60,0,700000.0
3.0,2.5,7.645397699428633,8.707152175339404,2.0,0,0,3,2090,0.0,2000,0,2014,6,5,32,34,0,415000.0
3.0,1.0,6.825460036255307,9.191463316206494,1.0,0,0,4,920,0.0,1962,0,2014,6,5,1,0,0,199500.0
3.0,1.0,7.365812837209472,8.517393171418904,1.5,0,0,3,1580,0.0,1926,2003,2014,6,5,35,56,0,749000.0
3.0,1.75,7.473637108496206,9.036106025364846,1.0,0,0,4,1460,5.707110264748875,1960,2001,2014,6,5,35,63,0,680000.0
4.0,2.5,7.836369760545124,8.931155429778348,1.0,0,0,3,1440,6.994849985833071,1978,0,2014,6,5,5,9,0,400000.0
4.0,2.75,7.820439515262181,9.18142636181154,1.0,0,0,4,1400,6.994849985833071,1983,0,2014,6,5,5,9,0,608000.0
4.0,4.5,8.261268150577648,10.488213984141654,2.0,0,0,3,2530,7.201170883281678,2001,0,2014,6,5,16,15,0,589900.0
5.0,2.5,7.913155185928068,9.15915233520675,1.0,0,2,4,1870,6.760414691083428,1975,0,2014,6,5,14,2,0,480000.0
5.0,3.25,8.080546965824498,8.249575150000199,2.0,0,0,3,2480,6.621405651764134,2014,0,2014,6,5,35,56,0,1059500.0
6.0,3.75,7.983098940710892,9.614538010517382,2.0,0,3,3,2930,0.0,2013,1923,2014,6,5,3,5,0,915000.0
4.0,3.5,8.163656176168432,9.144734614878189,2.0,0,0,3,3510,0.0,2001,0,2014,6,5,38,38,0,695000.0
4.0,2.5,7.855932199718614,8.271292652979412,2.0,0,0,3,2580,0.0,2013,1923,2014,6,5,19,21,0,899900.0
2.0,2.25,6.966967138613983,7.097548850614793,2.0,0,0,3,940,4.795790545596741,2005,0,2014,6,5,35,46,0,499950.0
4.0,2.75,7.934155233536322,9.088624613292087,2.0,0,0,3,2790,0.0,2013,1923,2014,6,5,27,27,0,533112.0
4.0,2.5,7.605890001053122,8.517393171418904,2.0,0,0,3,2009,0.0,2014,0,2014,6,5,1,45,0,303210.0
5.0,2.75,7.9658927350845286,9.031811613420924,2.0,0,0,3,2880,0.0,2006,0,2014,6,5,32,37,0,525000.0
2.0,1.0,6.566672429803241,7.05444965813294,2.0,0,0,4,710,0.0,1943,0,2014,6,5,35,46,0,399950.0
3.0,2.5,7.635786861395585,9.491148875484791,1.5,0,0,5,1270,6.68586094706836,1910,0,2014,6,6,35,46,0,850830.0
3.0,2.0,7.223295679562314,9.028458718410613,1.0,0,0,5,1370,0.0,1964,0,2014,6,6,36,62,0,371500.0
3.0,1.75,7.456454555176209,9.036106025364846,1.0,0,0,4,1400,5.802118375377063,1980,0,2014,6,6,31,31,0,522000.0
4.0,2.0,7.427144133408616,8.517393171418904,1.0,0,0,3,980,6.55250788703459,1950,2005,2014,6,6,35,54,0,588000.0
2.0,1.0,7.208600337960199,9.219993629004321,1.0,0,2,4,1350,0.0,1952,0,2014,6,6,27,27,0,276900.0
5.0,1.5,7.32052696227274,9.113719333371757,1.0,0,0,4,1510,0.0,1959,0,2014,6,6,34,69,0,248000.0
3.0,2.5,7.528869256642251,8.796036315200814,2.0,0,0,3,1860,0.0,1989,0,2014,6,6,14,13,0,280000.0
6.0,3.0,8.35490952835879,8.38958706681109,2.5,0,0,4,3020,7.115582126184454,1902,0,2014,6,6,35,57,0,665000.0
2.0,1.0,6.7580945044277305,8.262300941787448,1.0,0,0,4,860,0.0,1931,0,2014,6,6,32,35,0,290300.0
2.0,1.75,7.403061091090091,8.314097335405807,1.0,0,0,3,840,6.68586094706836,1921,2000,2014,6,6,35,48,0,527000.0
2.0,1.5,7.16703787691222,6.9975959829819265,2.0,0,0,3,1105,5.25227342804663,2007,0,2014,6,6,35,59,0,487028.0
3.0,1.75,7.490529402060711,10.219319668404255,1.0,0,0,3,1130,6.493753839851686,1978,0,2014,6,6,38,38,0,325000.0
3.0,1.5,7.701200180857446,8.748463629942055,1.5,0,0,5,2210,0.0,1916,0,2014,6,6,35,64,0,799000.0
3.0,1.0,6.846943139585379,9.246575864558277,1.0,0,0,3,940,0.0,1965,1993,2014,6,6,31,31,0,354000.0
3.0,1.5,7.057036981697891,9.09459276343187,1.0,0,0,3,1160,0.0,1962,2003,2014,6,6,35,57,0,262500.0
3.0,2.5,7.596392304064196,8.290292591224315,2.0,0,0,3,1990,0.0,2004,2003,2014,6,6,33,43,0,560200.0
3.0,1.0,6.957497370876951,8.748463629942055,1.0,0,0,3,1050,0.0,1942,1999,2014,6,6,35,65,0,220000.0
2.0,1.0,6.93828448401696,8.657129031713755,1.0,0,0,5,1030,0.0,1928,1970,2014,6,6,35,55,0,650000.0
3.0,2.5,7.259116128097101,7.856319571406588,3.0,0,0,3,1420,0.0,2004,2003,2014,6,6,35,62,0,435000.0
4.0,3.75,7.897668150726906,8.294299608857235,2.0,0,3,4,2120,6.3473892096560105,1909,1989,2014,6,6,35,58,0,800000.0
4.0,2.5,8.232440158470336,10.282779786340269,2.0,0,0,3,3760,0.0,1987,2000,2014,6,6,31,31,0,1010000.0
2.0,1.0,6.55250788703459,8.45553053102413,1.0,0,0,5,700,0.0,1953,0,2014,6,6,32,34,0,200000.0
5.0,3.5,7.650168700845001,8.53856321715243,2.0,0,0,3,1410,6.53813982376767,1999,0,2014,6,6,35,71,0,295000.0
4.0,2.75,7.714677473800927,10.233546410194464,1.5,0,0,4,2240,0.0,1976,1992,2014,6,6,33,43,0,580379.0
4.0,2.5,8.152198015861787,10.37692278708356,2.0,0,0,3,3470,0.0,1995,0,2014,6,6,42,44,0,875000.0
3.0,2.5,8.12296471523406,9.88257030428074,2.0,0,0,3,3200,5.14166355650266,1951,1994,2014,6,6,36,62,0,515000.0
3.0,2.5,7.534228326274089,8.309184527686298,2.0,0,0,3,1870,0.0,2005,0,2014,6,6,18,26,0,285000.0
3.0,1.75,7.327123292259293,9.62185381861855,1.0,0,0,4,1520,0.0,1968,0,2014,6,6,21,23,0,290000.0
1.0,1.75,6.621405651764134,9.920344669602551,1.0,0,0,4,550,5.303304908059076,1946,1989,2014,6,6,32,37,0,355000.0
3.0,1.5,7.2868764117507,9.342070142654077,1.0,0,0,3,1460,0.0,1954,2005,2014,6,6,20,67,0,381000.0
3.0,2.5,7.8636512654486515,8.91811465947453,2.0,0,0,3,2600,0.0,1988,2000,2014,6,6,5,9,0,571000.0
4.0,2.5,8.108021221376747,9.384461732204798,2.0,0,0,5,2650,6.508769136971682,1977,0,2014,6,6,3,5,0,852600.0
5.0,2.5,7.75833346749091,8.699681400989514,2.0,0,0,4,2340,0.0,1922,0,2014,6,6,35,64,0,1085000.0
3.0,1.0,6.792344427470809,8.881975184248867,1.0,0,0,3,890,0.0,1951,1994,2014,6,6,35,60,0,371000.0
3.0,1.75,7.450660796211539,8.68270762989381,1.0,0,1,3,1220,6.2166061010848646,1986,0,2014,6,6,35,63,0,514000.0
3.0,1.5,7.147559271189454,7.1846291527173145,2.0,0,0,3,1080,5.25227342804663,2004,2003,2014,6,6,35,74,0,386000.0
4.0,2.5,7.687538766201629,8.882391706295847,2.0,0,0,4,2180,0.0,1989,0,2014,6,6,32,37,0,464000.0
4.0,2.25,7.616283561580385,9.510519035757246,1.0,0,0,3,1230,6.68586094706836,1963,2008,2014,6,6,32,37,0,335000.0
4.0,2.75,7.820439515262181,9.788862026694824,2.0,0,2,3,1490,6.90875477931522,1979,2014,2014,6,6,35,60,0,740000.0
4.0,1.75,7.293697720601438,8.585038738311304,1.0,0,0,3,980,6.19644412779452,1955,2005,2014,6,6,35,60,0,465000.0
3.0,2.75,7.824445930877619,8.906393407058367,1.0,0,0,5,1390,7.01301578963963,1948,1985,2014,6,6,35,70,0,700000.0
3.0,3.5,8.412054873292933,9.992916837362552,2.0,0,0,3,4500,0.0,2004,2003,2014,6,6,1,45,0,785000.0
3.0,3.25,7.2868764117507,7.373374309910049,2.0,0,0,3,1130,5.802118375377063,2006,0,2014,6,6,35,61,0,350000.0
1.0,1.0,6.431331081933479,9.01942196795671,1.0,0,0,3,620,0.0,1939,1969,2014,6,6,35,49,0,148000.0
3.0,1.75,7.346655163176539,8.210939733379021,1.0,0,0,3,1050,6.2166061010848646,1927,2011,2014,6,6,35,56,0,530000.0
3.0,2.5,7.266128779556451,6.910750787961936,3.0,0,0,3,1430,0.0,2002,0,2014,6,6,35,47,0,349000.0
3.0,1.5,7.215975002651466,9.186150133174966,1.5,0,0,5,1360,0.0,1984,0,2014,6,6,27,27,0,240000.0
3.0,2.5,7.701200180857446,8.930361883909434,2.0,0,0,3,2210,0.0,1989,0,2014,6,6,14,13,0,330000.0
4.0,1.75,7.8083230503910555,8.537191877922927,1.5,0,0,5,1450,6.918695219020472,1909,1988,2014,6,6,35,54,0,735000.0
3.0,2.5,7.687538766201629,9.661033752687418,1.0,0,0,4,1850,5.802118375377063,1979,0,2014,6,6,33,43,0,545000.0
3.0,1.75,7.359467638255621,8.492080490601163,1.0,0,0,4,1310,5.564520407322694,1977,0,2014,6,6,9,26,0,214950.0
4.0,2.75,8.328692583545568,10.093735942146068,2.0,0,0,3,4140,0.0,2002,0,2014,6,6,1,45,0,657500.0
3.0,1.0,7.039660349862076,8.612685172875459,1.5,0,0,4,1140,0.0,1908,0,2014,6,6,35,74,0,476000.0
2.0,1.0,6.68586094706836,9.61587214452889,1.0,0,0,3,800,0.0,1927,2011,2014,6,6,35,69,0,110000.0
4.0,2.75,7.789454566086673,8.94819608331224,2.0,0,0,3,2414,0.0,2006,0,2014,6,6,1,1,0,292000.0
3.0,1.0,7.057036981697891,9.084096645401932,1.0,0,0,3,1160,0.0,1952,2008,2014,6,6,35,60,0,317000.0
4.0,2.5,8.061802274538348,9.276970454273945,2.0,0,2,3,3170,0.0,2001,0,2014,6,6,1,0,0,455000.0
5.0,3.5,8.345455428161928,9.756089025531404,2.0,0,3,3,4210,0.0,1995,0,2014,6,6,3,5,0,1365000.0
3.0,2.0,7.630946580890459,8.39795910349254,1.0,0,0,3,1030,6.93828448401696,1929,0,2014,6,6,35,61,0,460000.0
3.0,2.0,7.403061091090091,8.882114044208821,1.0,0,0,3,1640,0.0,1948,1994,2014,6,6,35,60,0,405000.0
2.0,1.0,6.580639137284949,8.80792062205398,1.0,0,0,3,720,0.0,1942,1999,2014,6,6,35,56,0,333000.0
4.0,1.0,7.528869256642251,8.463159302923751,1.5,0,0,1,1860,0.0,1901,0,2014,6,6,35,53,0,427000.0
4.0,2.5,7.941295570906532,9.30446803470088,2.0,0,0,3,2810,0.0,1997,0,2014,6,6,33,43,0,742000.0
4.0,2.5,7.645397699428633,9.1801903950253,1.0,0,0,5,1320,6.647688373563329,1965,0,2014,6,6,36,62,0,465000.0
4.0,2.5,8.0959035329611,8.729397122692061,2.0,0,0,3,3280,0.0,2001,0,2014,6,6,33,42,0,809950.0
4.0,2.0,7.645397699428633,8.191740021277457,1.5,0,0,5,1790,5.707110264748875,1927,0,2014,6,6,35,54,0,619400.0
3.0,1.75,7.796057974316123,9.58932460283475,1.0,0,1,3,1230,7.0909098220799835,1949,1970,2014,6,6,23,25,0,762400.0
5.0,2.25,7.83241092718792,10.804116272920615,2.0,0,0,4,2520,0.0,1978,2000,2014,6,6,16,15,0,535000.0
5.0,3.0,7.828436359157585,8.325063693631197,1.5,0,3,5,1590,6.825460036255307,1925,0,2014,6,6,35,64,0,881000.0
4.0,2.75,8.12296471523406,8.806274284781725,1.0,0,3,4,1920,7.280008252884188,1948,0,2014,6,6,35,64,0,813000.0
3.0,2.0,7.403061091090091,8.571870752706934,1.5,0,0,5,1640,0.0,1910,0,2014,6,6,1,1,0,234000.0
3.0,2.5,7.719129840906732,8.894944460956886,2.0,0,0,3,2250,0.0,1994,0,2014,6,6,1,45,0,308900.0
4.0,2.5,7.741099090035366,9.865318286418624,1.0,0,0,4,2300,0.0,1955,2009,2014,6,6,27,27,0,450000.0
3.0,3.5,7.409136443920128,7.724446645633537,3.0,0,0,3,1650,0.0,2010,0,2014,6,6,35,47,0,547500.0
2.0,1.0,6.566672429803241,7.0317412587631285,2.0,0,0,4,710,0.0,1943,0,2014,6,6,35,46,0,399950.0
4.0,3.5,7.844240718141811,9.07096335550754,2.0,0,0,3,2550,0.0,2007,0,2014,6,6,38,38,0,516000.0
2.0,1.5,6.890609120147166,6.741700694652055,2.0,0,0,3,806,5.176149732573829,2006,0,2014,6,6,35,62,0,250000.0
3.0,2.25,7.396948602621014,7.83241092718792,2.0,0,0,3,1630,0.0,2005,0,2014,6,6,16,17,0,475000.0
4.0,2.5,7.844240718141811,8.412054873292933,2.0,0,0,3,2550,0.0,2009,0,2014,6,6,32,37,0,415000.0
2.0,1.25,7.123672785204607,7.67368812926773,2.0,0,0,3,1240,0.0,2014,0,2014,6,6,35,56,0,545000.0
3.0,2.5,7.806696372521179,8.931551966694522,2.0,0,0,3,2456,0.0,2012,1912,2014,6,6,14,13,0,329950.0
5.0,2.25,8.071218539969863,9.911406117780423,1.0,0,0,3,1600,7.3783837129967145,1965,1993,2014,6,4,8,3,0,1325000.0
3.0,3.5,8.281723990411392,11.617996938859507,1.5,0,0,3,2460,7.307202314764738,1989,0,2014,6,4,31,32,0,784000.0
4.0,2.25,7.687538766201629,8.895355616996392,2.0,0,0,3,2180,0.0,1984,0,2014,6,4,33,42,0,610750.0
4.0,2.5,8.052296499538647,9.129780864117766,1.0,0,2,5,1770,7.223295679562314,1966,0,2014,6,4,32,35,0,578000.0
4.0,3.75,8.301769763117166,9.287394001418473,2.0,0,0,3,4030,0.0,2006,0,2014,6,4,19,21,0,1485000.0
3.0,1.75,7.58629630715272,8.983816112502495,1.0,0,3,5,1370,6.398594934535208,1976,0,2014,6,4,32,35,0,501000.0
5.0,2.0,7.57095858316901,8.941545475242885,1.5,0,0,3,1940,0.0,1957,2000,2014,6,4,36,70,0,465250.0
5.0,4.25,8.488999457045455,9.154193211353181,1.5,0,1,5,3100,7.473637108496206,1905,0,2014,6,4,35,53,0,2250000.0
0.0,0.0,8.027802848370312,8.469052816088302,3.5,0,2,3,3064,0.0,1990,2009,2014,6,4,35,46,0,1095000.0
2.0,1.0,6.878326468291325,8.642238680390461,1.0,0,0,4,970,0.0,1908,0,2014,6,4,35,57,0,315000.0
4.0,2.25,7.8083230503910555,10.701715209546581,1.0,0,0,4,2460,0.0,1957,2001,2014,6,4,3,6,0,900000.0
4.0,2.5,8.010027528481734,8.716207971151853,2.0,0,0,3,3010,0.0,2005,0,2014,6,4,31,31,0,789500.0
3.0,2.0,7.8083230503910555,8.79497643168877,1.0,0,2,4,1370,6.994849985833071,1952,0,2014,6,4,35,63,0,678500.0
3.0,2.0,7.640603826393634,9.339261152043022,1.0,0,0,3,2080,0.0,2002,0,2014,6,4,12,12,0,342500.0
4.0,3.25,8.284251797621916,8.85552084853691,2.0,0,0,3,3960,0.0,2005,0,2014,6,4,33,43,0,860000.0
4.0,2.5,7.820439515262181,9.002701007197938,2.0,0,0,3,2490,0.0,2001,0,2014,6,4,1,45,0,306000.0
5.0,2.0,7.630946580890459,8.699681400989514,2.0,0,0,3,2060,0.0,1903,2005,2014,6,4,35,48,0,580000.0
3.0,1.0,7.193685818395112,9.66007751636045,1.0,0,0,3,900,6.066108090103747,1984,0,2014,6,4,33,42,0,405000.0
3.0,1.75,7.3783837129967145,9.862717639992917,1.0,0,0,4,1600,0.0,1967,0,2014,6,4,19,22,0,510000.0
2.0,1.0,6.710523109452428,9.254452946594503,1.0,0,0,4,820,0.0,1965,0,2014,6,4,32,33,0,173000.0
4.0,1.75,7.0909098220799835,8.946505025998682,1.0,0,0,3,1200,0.0,1968,1997,2014,6,4,1,45,0,210000.0
3.0,1.0,6.957497370876951,8.642062173462106,1.0,0,0,4,910,4.948759890378168,1947,1988,2014,6,4,35,54,0,445000.0
3.0,2.5,7.555381944240273,7.31455283232408,2.5,0,0,3,1530,5.942799375126701,2007,0,2014,6,4,35,74,0,585000.0
3.0,1.75,7.496097345175956,8.699681400989514,1.0,0,0,5,900,6.803505257608338,1950,0,2014,6,4,36,67,0,381000.0
3.0,2.25,7.630946580890459,9.0642735958414,1.0,0,0,4,2060,0.0,1966,0,2014,6,4,19,21,0,890000.0
3.0,1.75,7.518064181233078,9.179674957665297,1.0,0,0,4,1500,5.831882477283517,1985,0,2014,6,4,18,18,0,235000.0
3.0,2.5,7.1316985104669115,7.00669522683704,3.0,0,2,3,1250,0.0,2005,0,2014,6,4,35,47,0,480000.0
2.0,1.0,7.32052696227274,8.302265794873367,1.5,0,0,3,1310,5.303304908059076,1935,1974,2014,6,4,35,74,0,575000.0
4.0,2.25,7.741099090035366,8.434028950155469,1.5,0,0,4,1340,6.8679744089702925,1904,0,2014,6,4,35,64,0,350000.0
4.0,1.5,7.307202314764738,8.93075873555827,2.0,0,0,3,1490,0.0,1966,1963,2014,6,4,10,73,0,259000.0
5.0,2.75,7.944846711001996,8.435766192720509,1.0,0,0,3,1450,7.223295679562314,1967,2011,2014,6,4,35,56,0,599000.0
4.0,1.5,7.030857476116121,8.967121656230923,1.0,0,0,4,1130,0.0,1970,0,2014,6,4,14,13,0,210000.0
4.0,2.5,8.071218539969863,8.922791623969637,1.5,0,1,5,1860,7.201170883281678,1948,1985,2014,6,4,35,54,0,1184000.0
3.0,1.0,7.32052696227274,8.517393171418904,1.5,0,0,3,1510,0.0,1909,2004,2014,6,4,35,48,0,545000.0
3.0,2.5,7.58629630715272,8.922791623969637,2.0,0,0,3,1970,0.0,1988,2000,2014,6,4,1,45,0,299995.0
3.0,1.0,7.099201743553092,8.657129031713755,1.5,0,0,4,1210,0.0,1910,0,2014,6,4,35,63,0,440000.0
4.0,2.5,8.0959035329611,10.21982996548112,2.0,0,0,3,3280,0.0,1996,0,2014,6,4,31,32,0,699000.0
3.0,2.0,7.791935956938058,9.79031885443049,1.0,0,1,5,1500,6.825460036255307,1979,0,2014,6,4,19,22,0,795000.0
5.0,1.75,7.8083230503910555,8.831565879121063,1.5,0,0,5,1340,7.02197642307216,1911,1984,2014,6,4,35,51,0,445000.0
3.0,1.0,7.074116816197362,9.381179591661104,1.0,0,0,4,1180,0.0,1948,0,2014,6,4,35,70,0,397990.0
3.0,2.75,7.550135342488429,8.764209507142004,1.0,0,0,5,1410,6.19644412779452,1942,0,2014,6,4,35,48,0,706000.0
3.0,3.25,7.409741954080923,7.484368643286131,2.0,0,0,3,1341,5.739792912179234,2008,0,2014,6,4,35,62,0,363000.0
4.0,2.25,7.664346632098617,9.379576689221482,2.0,0,0,4,2130,0.0,1972,0,2014,6,4,23,25,0,850000.0
2.0,1.0,7.266128779556451,8.006700845440367,1.5,0,0,3,1300,4.875197323201151,1929,0,2014,6,4,35,53,0,620000.0
4.0,2.5,8.653645314551737,10.713261545027793,2.0,0,4,3,4280,7.280008252884188,1991,0,2014,6,4,33,42,0,1228000.0
4.0,2.5,7.555381944240273,9.131838143821225,1.0,0,0,4,1910,0.0,1963,0,2014,6,4,32,37,0,333000.0
3.0,1.75,7.65491704784832,9.328212292571072,1.0,0,0,4,2110,0.0,1961,2001,2014,6,4,23,25,0,743000.0
2.0,1.5,7.396948602621014,8.237743803890933,1.0,0,0,4,890,6.608000625296087,1940,2001,2014,6,4,35,50,0,448000.0
4.0,2.5,7.81237820598861,10.465215394229238,2.0,0,0,3,2470,0.0,1989,0,2014,6,4,1,45,0,485000.0
4.0,2.25,7.878912912297133,10.371677037216255,1.0,0,0,4,2640,0.0,1986,0,2014,6,4,1,45,0,489950.0
5.0,2.75,8.003363058629947,8.912069097970134,2.0,0,0,3,2990,0.0,1996,0,2014,6,4,32,37,0,498500.0
3.0,2.5,7.659642954564682,9.183688340978756,2.0,0,0,3,2120,0.0,1988,2000,2014,6,4,5,9,0,531000.0
3.0,2.5,7.62608275807238,8.76732914779405,1.0,0,3,3,1730,5.771441123130016,1956,2001,2014,6,4,35,55,0,670000.0
5.0,3.0,7.53955882930103,8.517393171418904,1.0,0,0,3,1100,6.660575149839686,1997,0,2014,6,4,35,49,0,310000.0
3.0,3.0,7.934155233536322,9.435402082446297,2.0,1,4,4,1600,7.0825485693553,1977,0,2014,6,4,10,73,0,835000.0
4.0,2.5,8.006700845440367,8.922791623969637,2.0,0,0,3,3000,0.0,1937,1994,2014,6,4,35,48,0,1688000.0
4.0,2.5,7.669028288589683,8.888204871455022,2.0,0,0,3,2140,0.0,2003,0,2014,6,4,35,62,0,495000.0
3.0,2.0,7.478734825567875,9.137877200242468,1.0,0,0,4,1769,0.0,1955,2009,2014,6,4,26,68,0,495000.0
3.0,1.0,7.444833273892193,8.788288460263619,1.5,0,0,4,1200,6.236369590203704,1926,1993,2014,6,4,35,62,0,440000.0
1.0,0.75,6.042632833682381,8.812992231969966,1.0,0,0,3,420,0.0,1922,2008,2014,6,4,35,51,0,280000.0
4.0,2.5,8.092851027538384,10.475765690615084,2.0,0,0,3,3270,0.0,1989,0,2014,6,4,3,5,0,1070000.0
4.0,2.5,7.771067086065406,9.2927495082169,2.0,0,0,3,2370,0.0,2003,0,2014,6,4,3,3,0,1034500.0
4.0,2.5,7.479299637782834,8.675222055641148,2.0,0,0,3,1770,0.0,2003,0,2014,6,4,21,23,0,248000.0
4.0,2.5,7.701200180857446,9.04381342108087,1.0,0,0,3,1490,6.580639137284949,1990,2009,2014,6,4,1,45,0,294000.0
3.0,2.25,7.444833273892193,8.328692583545568,2.0,0,0,3,1710,0.0,2004,2003,2014,6,4,16,17,0,561000.0
4.0,2.0,7.905072849498666,8.46611040118692,1.0,0,0,4,1460,7.1316985104669115,1919,1985,2014,6,4,35,54,0,656500.0
3.0,3.0,7.75833346749091,7.9966538754626075,2.0,0,0,5,2160,5.198497031265826,1925,0,2014,6,4,35,47,0,660000.0
2.0,1.0,7.107425474110705,9.751093661983862,1.0,0,0,4,1220,0.0,1947,1988,2014,6,4,19,21,0,370000.0
3.0,1.0,6.966967138613983,9.161780181360806,1.0,0,0,3,1060,0.0,1966,1963,2014,6,4,31,31,0,349950.0
2.0,1.0,6.814542897259958,9.197255132427527,1.0,0,0,3,910,0.0,1957,2000,2014,6,4,32,36,0,223000.0
4.0,1.75,7.53955882930103,8.263848131368906,1.5,0,0,4,1090,6.673297967767654,1944,0,2014,6,4,35,50,0,560000.0
4.0,1.75,7.534228326274089,8.556606193773073,2.0,0,0,4,1200,6.508769136971682,1937,0,2014,6,4,35,54,0,594000.0
3.0,2.25,7.300472814267799,8.594339400592892,2.0,0,0,4,1480,0.0,1914,1945,2014,6,4,35,59,0,600000.0
3.0,2.5,7.53955882930103,8.853808274977197,2.0,0,0,3,1880,0.0,1993,0,2014,6,4,18,19,0,315000.0
4.0,1.75,7.544861068658458,8.699681400989514,1.0,0,0,4,1110,6.660575149839686,1947,1988,2014,6,4,35,60,0,430000.0
3.0,2.75,7.353081920515432,8.9082888855571,1.0,0,0,5,1030,6.274762021241939,1972,0,2014,6,4,19,22,0,440000.0
2.0,1.5,6.976348070447749,7.0909098220799835,2.0,0,0,3,1070,0.0,1999,0,2014,6,4,35,47,0,312500.0
5.0,4.0,8.39185670010494,9.57366316988638,2.0,0,0,3,4410,0.0,2006,0,2014,6,4,31,31,0,1240000.0
3.0,3.25,7.293697720601438,7.119635638017636,2.0,0,0,3,1180,5.673323267171493,2008,0,2014,6,4,35,51,0,300000.0
3.0,2.5,7.852050207265889,8.188966863648876,2.5,0,0,3,2570,0.0,2007,0,2014,6,4,16,17,0,680000.0
2.0,2.25,7.065613363597717,6.919683849847411,2.0,0,0,3,1170,0.0,2009,0,2014,6,4,16,15,0,336750.0
5.0,3.5,7.749753406274437,8.509362612301048,2.0,0,0,5,1720,6.398594934535208,1926,0,2014,6,0,35,47,0,822500.0
4.0,3.0,7.80016307039296,9.169622538697624,2.0,0,0,5,2440,0.0,1961,0,2014,6,0,19,22,0,589000.0
4.0,2.5,8.323851131338817,10.015520756211904,2.0,0,0,3,4120,0.0,1997,0,2014,6,0,33,42,0,863000.0
2.0,1.75,7.273092595999522,8.644882552557126,1.0,0,0,4,1440,0.0,1978,2000,2014,6,0,10,73,0,210000.0
3.0,1.0,7.201170883281678,9.312084355859467,1.0,0,0,4,1340,0.0,1978,2000,2014,6,0,18,18,0,206135.0
6.0,3.75,8.010027528481734,8.380456667842767,2.0,0,0,3,2000,6.918695219020472,2014,0,2014,6,0,35,47,0,1125000.0
3.0,1.75,7.518064181233078,9.059750013343681,1.0,0,0,3,920,6.825460036255307,1905,2014,2014,6,0,35,57,0,285000.0
2.0,1.0,6.836259277277067,8.929435283803425,1.0,0,0,3,930,0.0,1986,0,2014,6,0,34,69,0,230000.0
3.0,1.75,7.507141079727608,9.163877497565842,1.0,0,0,3,1230,6.3818160174060985,1976,0,2014,6,0,20,67,0,350000.0
3.0,1.0,7.155396301896734,9.010058489805235,1.5,0,0,4,1280,0.0,1947,1988,2014,6,0,36,67,0,304000.0
2.0,1.0,6.803505257608338,8.434028950155469,1.0,0,0,3,900,0.0,1951,1994,2014,6,0,35,56,0,370000.0
3.0,1.75,7.591357046698551,9.510741216835738,1.0,0,2,4,1320,6.493753839851686,1952,0,2014,6,0,3,7,0,810000.0
4.0,2.25,7.606387389772652,8.932740634865914,1.0,0,0,3,1220,6.673297967767654,1974,0,2014,6,0,19,22,0,440000.0
4.0,2.5,7.919719760924575,8.476579508530941,2.0,0,0,3,1960,6.673297967767654,1905,2005,2014,6,0,35,47,0,1030000.0
4.0,2.0,8.052296499538647,9.294313805752362,1.0,0,1,3,1940,7.0909098220799835,1939,1969,2014,6,0,35,74,0,775000.0
5.0,2.25,8.343077871169383,8.665785595466064,2.5,0,0,4,2910,7.1631723908466425,1906,1990,2014,6,0,35,53,0,1335000.0
3.0,1.75,7.550135342488429,9.052633375946147,1.0,0,0,3,950,6.85751406254539,1980,0,2014,6,0,34,69,0,235000.0
3.0,1.0,7.5126175446745105,8.006700845440367,1.5,0,0,3,1430,5.993961427306569,1926,2003,2014,6,0,35,47,0,499950.0
5.0,2.75,8.108021221376747,10.075800860133013,2.0,0,0,4,2190,7.030857476116121,1975,0,2014,6,0,42,41,0,622500.0
4.0,2.5,7.901377353792616,9.28868933838716,1.0,0,0,4,1560,7.039660349862076,1966,0,2014,6,0,18,18,0,300000.0
3.0,1.0,7.1631723908466425,8.789812386190972,1.0,0,0,5,1290,0.0,1976,0,2014,6,0,14,13,0,205000.0
3.0,1.75,7.313886831633462,9.008713664124222,1.0,0,0,3,1500,0.0,1997,0,2014,6,0,19,22,0,435000.0
4.0,2.75,8.202756381655638,10.786262865072466,1.5,0,0,4,3650,0.0,1978,2000,2014,6,0,42,44,0,697000.0
3.0,1.0,7.147559271189454,8.764990330169104,1.5,0,0,3,1270,0.0,1944,0,2014,6,0,35,71,0,153000.0
4.0,2.25,7.875119281040293,10.571342565808699,2.0,0,0,3,2630,0.0,1979,2014,2014,6,0,18,26,0,454000.0
2.0,1.5,7.496097345175956,10.189267817698312,1.0,0,0,5,1240,6.329720905522696,1987,0,2014,6,0,1,45,0,345000.0
3.0,1.0,7.534228326274089,7.940227765145702,1.5,0,0,4,1580,5.673323267171493,1927,0,2014,6,0,35,50,0,585000.0
4.0,2.5,7.840312983320164,8.758726607842037,2.0,0,0,3,1870,6.508769136971682,2000,0,2014,6,0,32,33,0,380000.0
4.0,2.5,7.565793282428515,9.066585468331045,1.0,0,0,3,1120,6.698268054115413,1981,2013,2014,6,0,1,0,0,250600.0
4.0,2.25,7.9269635448629785,9.510519035757246,2.0,0,0,3,2770,0.0,1974,0,2014,6,0,23,25,0,890000.0
4.0,2.5,7.7057128238944275,8.582793648500186,2.0,0,0,3,2220,0.0,2001,0,2014,6,0,32,37,0,370000.0
3.0,1.5,7.409136443920128,9.206131527202128,1.0,0,0,4,1100,6.311734809152915,1961,2001,2014,6,0,35,60,0,369500.0
4.0,2.5,8.208219383496834,10.905056493665374,2.0,0,0,3,3670,0.0,1999,0,2014,6,0,33,42,0,883000.0
4.0,2.5,8.235095497258357,10.465443457403726,2.0,0,0,3,3770,0.0,1989,0,2014,6,0,31,32,0,950000.0
3.0,1.75,7.762596048540069,9.943717371755195,1.0,0,0,4,1800,6.311734809152915,1978,2000,2014,6,0,33,42,0,615000.0
3.0,1.5,7.099201743553092,8.564267598802166,1.0,0,0,4,610,6.398594934535208,1983,0,2014,6,0,35,49,0,305000.0
4.0,2.5,7.606387389772652,8.983816112502495,2.0,0,0,4,2010,0.0,1989,0,2014,6,0,16,17,0,590000.0
3.0,2.5,7.365812837209472,8.710454688248527,2.0,0,0,3,1580,0.0,1985,0,2014,6,0,16,17,0,485000.0
2.0,1.0,6.566672429803241,8.881975184248867,1.0,0,0,3,710,0.0,1943,2002,2014,6,0,35,71,0,215000.0
3.0,2.0,7.555381944240273,8.525359754082631,1.5,0,0,3,1910,0.0,1971,0,2014,6,0,33,42,0,430000.0
4.0,2.5,7.53955882930103,8.982937763741589,2.0,0,0,3,1880,0.0,2000,0,2014,6,0,21,23,0,324900.0
5.0,2.75,8.03947991910045,9.211839248099919,1.0,0,2,4,1660,7.273092595999522,1973,0,2014,6,0,23,25,0,975000.0
5.0,2.5,7.762596048540069,8.294299608857235,2.0,0,0,3,2350,0.0,1993,0,2014,6,0,35,53,0,910000.0
3.0,1.75,7.523481312573497,8.834919385216395,1.0,0,2,5,1100,6.621405651764134,1919,1934,2014,6,0,6,68,0,459950.0
3.0,2.5,7.635786861395585,9.028578658440741,2.0,0,0,3,2070,0.0,1997,0,2014,6,0,18,18,0,325000.0
4.0,2.75,7.611347717403621,8.863757191604241,1.0,0,0,5,1010,6.918695219020472,1958,0,2014,6,0,35,61,0,513000.0
3.0,2.25,7.365812837209472,9.40738632416852,1.0,0,0,3,1200,5.942799375126701,1981,2013,2014,6,0,33,42,0,475000.0
4.0,2.5,7.897668150726906,8.980675603671708,2.0,0,0,3,2690,0.0,1993,0,2014,6,0,32,36,0,419000.0
4.0,2.5,7.791935956938058,9.23853902633486,1.0,0,4,3,1700,6.580639137284949,1958,2004,2014,6,0,6,65,0,760000.0
5.0,1.5,7.840312983320164,8.804024902413179,2.0,0,3,4,2340,5.303304908059076,1954,1979,2014,6,0,35,63,0,1120000.0
2.0,1.0,7.048386408721883,10.315100391230526,1.0,0,0,3,1150,0.0,1950,2005,2014,6,0,32,33,0,129000.0
5.0,2.5,8.074337694089515,9.392745258631441,1.0,0,0,4,1830,7.2305631534092925,1968,0,2014,6,0,3,6,0,725000.0
3.0,2.5,7.621195162809845,8.439880088313567,2.0,0,0,3,2040,0.0,1992,0,2014,6,0,31,31,0,580000.0
3.0,2.25,7.560601162768557,8.483429561263428,1.0,0,0,4,1060,6.7580945044277305,1921,0,2014,6,0,35,62,0,385000.0
4.0,1.75,7.550135342488429,9.267571005430455,1.0,0,0,5,1900,0.0,1958,0,2014,6,0,1,1,0,265000.0
3.0,2.5,8.368925174747135,10.376424375759305,1.5,0,4,5,2510,7.496097345175956,1982,0,2014,6,0,36,70,0,1735000.0
3.0,2.5,6.976348070447749,7.052721049232323,2.0,0,0,3,720,5.860786223465865,2005,0,2014,6,0,35,55,0,330000.0
4.0,2.5,7.934155233536322,10.671092644014083,2.0,0,0,4,2790,0.0,1989,0,2014,6,0,42,44,0,665000.0
3.0,2.5,7.95892649305011,8.399085102935908,2.0,0,0,3,2860,0.0,2000,0,2014,6,0,35,74,0,799000.0
3.0,2.0,7.719129840906732,9.082620630373812,1.0,0,0,4,1250,6.90875477931522,1925,1968,2014,6,0,35,55,0,589000.0
2.0,2.25,8.061802274538348,8.006700845440367,2.0,0,2,5,1990,7.074116816197362,1900,0,2014,6,0,35,52,0,1695000.0
3.0,1.0,7.2868764117507,8.881975184248867,1.0,0,0,3,1260,5.303304908059076,1906,2014,2014,6,0,35,47,0,538000.0
3.0,1.0,7.340186835320115,8.131530710604252,1.5,0,0,3,1200,5.831882477283517,1926,2003,2014,6,0,35,56,0,530100.0
3.0,2.0,7.976251943745623,8.79497643168877,2.0,0,0,4,1920,6.898714534329988,1900,1988,2014,6,0,35,57,0,718500.0
3.0,1.75,7.074116816197362,9.541656481448024,1.0,0,0,5,1180,0.0,1962,0,2014,6,0,32,37,0,299000.0
3.0,1.75,7.403061091090091,8.914357274485015,1.0,0,0,3,1090,6.311734809152915,1948,1994,2014,6,0,35,61,0,556000.0
4.0,2.0,7.327123292259293,9.887002416276266,1.0,0,0,3,1020,6.2166061010848646,1920,1979,2014,6,0,40,72,0,171000.0
5.0,3.0,8.191740021277457,9.187685681411377,2.0,0,0,3,3610,0.0,2003,0,2014,6,0,21,23,0,540000.0
3.0,2.25,7.244941546337007,8.246695943718557,2.0,0,0,3,1400,0.0,2012,1912,2014,6,0,9,26,0,250000.0
4.0,3.5,8.071218539969863,8.086717920303906,2.0,0,0,3,2670,6.274762021241939,2007,0,2014,6,0,16,17,0,795000.0
3.0,3.0,7.233455418621439,7.160845906664299,2.0,0,0,3,1144,5.484796933490655,2006,0,2014,6,0,35,46,0,575000.0
3.0,2.25,7.252053951852814,7.160845906664299,2.0,0,0,3,1290,4.795790545596741,2005,0,2014,6,0,16,15,0,379500.0
4.0,2.5,7.62608275807238,8.571113033405668,2.0,0,0,3,2050,0.0,2006,0,2014,6,0,32,37,0,385000.0
4.0,2.5,7.467942332285852,8.472195825485501,2.0,0,0,3,1750,0.0,2009,0,2014,6,0,17,16,0,415500.0
3.0,2.0,7.32052696227274,8.811503250158239,1.0,0,0,3,1070,6.089044875446846,1972,2002,2014,6,2,19,22,0,397500.0
3.0,2.5,7.565793282428515,8.88391747120797,2.0,0,0,3,1930,0.0,2005,0,2014,6,2,35,60,0,530000.0
4.0,2.5,7.993282328101591,10.637224700700166,2.0,0,0,3,2960,0.0,1985,0,2014,6,2,42,41,0,883000.0
5.0,2.75,7.979681302387741,9.382695764458287,1.0,0,0,5,1660,7.13966033596492,1968,0,2014,6,2,16,15,0,850000.0
2.0,1.0,7.591357046698551,8.517393171418904,1.0,0,0,4,1090,6.792344427470809,1923,0,2014,6,2,35,64,0,496752.0
3.0,1.75,7.266128779556451,9.089979015305,1.0,0,0,3,1430,0.0,1950,2005,2014,6,2,35,60,0,330000.0
4.0,2.75,7.804251383528112,8.339978571990427,2.0,0,2,3,2450,0.0,2010,0,2014,6,2,16,17,0,735000.0
4.0,2.75,7.766840537085513,8.502079553606189,2.0,0,0,3,2360,0.0,2008,0,2014,6,2,17,16,0,525000.0
3.0,2.5,7.544861068658458,8.48446336679332,2.0,0,0,3,1730,5.081404364984463,2002,0,2014,6,3,40,69,0,269950.0
3.0,1.75,7.669028288589683,9.157466882369114,1.0,0,0,3,1290,6.7464121285733745,1953,0,2014,6,3,3,3,0,650000.0
3.0,2.0,7.550135342488429,8.999742789830492,1.0,0,0,4,950,6.85751406254539,1940,2001,2014,6,3,35,54,0,520500.0
4.0,2.5,7.901377353792616,9.118553976345474,2.0,0,0,3,2700,0.0,1990,2009,2014,6,3,16,17,0,652500.0
5.0,3.0,7.796057974316123,8.987321812850125,1.0,0,0,4,1370,6.966967138613983,1957,2001,2014,6,3,3,7,0,506000.0
3.0,1.0,7.01301578963963,9.405166749908611,1.0,0,0,4,1110,0.0,1957,2001,2014,6,3,3,7,0,416000.0
4.0,2.75,7.732369222284388,9.638740451366843,1.0,0,0,5,2280,0.0,1960,0,2014,6,1,25,37,0,500000.0
3.0,1.75,7.346655163176539,8.457230850243555,1.0,0,0,4,860,6.53813982376767,1949,1985,2014,6,1,35,54,0,460000.0
3.0,2.0,7.333676395657684,9.096723645189215,1.0,0,0,3,1530,0.0,1977,2004,2014,6,1,5,9,0,371025.0
4.0,2.5,7.80016307039296,10.254355669441074,2.0,0,0,3,2440,0.0,2002,0,2014,6,1,17,16,0,576000.0
4.0,2.25,7.473637108496206,9.169830828637973,2.0,0,0,3,1760,0.0,1987,2000,2014,6,1,32,36,0,353500.0
4.0,2.25,8.019941687677365,8.517393171418904,2.0,0,3,4,2080,6.8679744089702925,1926,1993,2014,6,1,35,48,0,1735000.0
3.0,1.75,6.976348070447749,8.999742789830492,1.0,0,0,4,1070,0.0,1957,2001,2014,6,1,1,1,0,183000.0
3.0,1.75,7.596392304064196,8.623533227187563,1.0,0,0,4,1100,6.792344427470809,1939,1989,2014,6,1,35,48,0,763101.0
2.0,1.5,6.994849985833071,8.294299608857235,1.0,0,0,3,970,4.795790545596741,1951,1994,2014,6,1,35,55,0,460000.0
4.0,1.5,7.544861068658458,8.844912950899548,1.5,0,0,3,1890,0.0,1919,2001,2014,6,1,35,55,0,825000.0
3.0,1.0,6.90875477931522,9.121618441915379,1.0,0,0,3,1000,0.0,1969,2010,2014,6,1,32,37,0,265000.0
3.0,1.75,7.479299637782834,9.01627006814768,1.0,0,0,3,1030,6.608000625296087,1960,2012,2014,6,1,6,66,0,295000.0
4.0,3.0,7.766840537085513,8.740496729931813,1.0,0,2,3,1460,6.803505257608338,1960,2012,2014,6,1,35,57,0,418000.0
3.0,3.5,8.125926802707886,11.598194491615347,2.0,0,0,3,2700,6.523562306149512,1999,0,2014,6,1,32,36,0,554000.0
3.0,2.5,7.438971592395862,8.055475141757274,2.0,0,0,3,1700,0.0,2005,0,2014,6,1,16,17,0,534500.0
2.0,1.75,7.3783837129967145,8.294299608857235,1.0,0,0,5,850,6.621405651764134,1918,0,2014,6,1,35,53,0,690000.0
4.0,2.5,7.62608275807238,8.757940876678804,2.0,0,0,3,2050,0.0,1988,2000,2014,6,1,16,17,0,530000.0
2.0,1.75,7.099201743553092,6.947937068614969,2.0,0,0,3,1210,0.0,2014,0,2014,6,1,16,17,0,357186.0
5.0,3.0,7.57095858316901,8.757154527656606,1.0,0,0,3,1200,6.608000625296087,2007,0,2014,6,1,35,69,0,300000.0
4.0,2.0,7.501634457883413,9.076923258535832,1.0,0,0,2,1110,6.55250788703459,1967,0,2014,6,1,32,36,0,304000.0
4.0,1.75,7.43307534889858,8.314097335405807,1.0,0,0,4,870,6.710523109452428,1984,0,2014,6,1,35,64,0,385000.0
4.0,2.0,7.496097345175956,7.9966538754626075,1.0,0,0,4,1000,6.68586094706836,1923,0,2014,6,1,35,54,0,415000.0
4.0,3.5,8.0959035329611,8.795430805040018,2.0,0,0,3,3280,0.0,2007,0,2014,6,1,3,5,0,963000.0
3.0,1.75,7.048386408721883,9.169622538697624,1.0,0,0,3,1150,0.0,1979,2014,2014,6,1,27,27,0,309212.0
2.0,1.5,6.78105762593618,7.498869733976931,2.0,0,0,3,880,0.0,1999,0,2014,6,1,35,62,0,235000.0
3.0,1.5,7.450660796211539,8.999742789830492,2.0,0,0,3,1720,0.0,1907,1983,2014,6,1,35,50,0,667000.0
3.0,1.5,7.32052696227274,8.987321812850125,1.0,0,0,4,1510,0.0,1956,0,2014,6,1,3,6,0,470000.0
4.0,2.0,7.123672785204607,8.006700845440367,1.0,0,0,3,1040,5.303304908059076,1908,1988,2014,6,1,35,59,0,375000.0
4.0,2.0,7.365812837209472,9.167641617443067,1.0,0,0,3,1580,0.0,1953,0,2014,6,1,19,21,0,410000.0
4.0,2.25,7.682943169878292,8.953898535260459,2.0,0,0,3,2170,0.0,1987,2000,2014,6,1,33,42,0,566000.0
4.0,2.75,7.824445930877619,8.507344855361422,2.0,0,0,3,2500,0.0,2010,0,2014,6,1,31,32,0,680000.0
1.0,1.0,6.8679744089702925,7.878912912297133,1.0,0,0,3,760,5.303304908059076,1908,1988,2014,6,1,35,53,0,332000.0
4.0,2.5,8.016647877057803,9.048762176320128,2.0,0,0,3,3030,0.0,2003,0,2014,6,1,19,21,0,902000.0
3.0,1.75,7.340186835320115,9.287394001418473,1.0,0,0,5,770,6.647688373563329,1947,0,2014,6,1,23,25,0,500000.0
3.0,1.75,7.544861068658458,10.384091054112533,1.5,0,3,3,1890,0.0,1976,0,2014,6,1,41,40,0,445000.0
4.0,2.5,7.941295570906532,9.19023970026918,1.0,0,0,4,1710,7.00397413672268,1973,0,2014,6,1,3,5,0,825000.0
4.0,4.0,8.169336395928386,9.036106025364846,2.0,0,0,5,2630,6.803505257608338,1958,0,2014,6,1,35,74,0,1095000.0
3.0,1.0,7.00397413672268,9.052164937010307,1.0,0,0,4,1100,0.0,1957,2001,2014,6,1,35,57,0,277000.0
3.0,2.5,7.57095858316901,9.187685681411377,1.0,0,2,3,1440,6.2166061010848646,1975,0,2014,6,1,19,22,0,545000.0
3.0,2.5,7.741099090035366,9.161360189754465,2.0,0,0,3,2300,0.0,2003,0,2014,6,1,11,11,0,435000.0
3.0,2.5,7.65491704784832,8.188966863648876,2.0,0,0,3,2110,0.0,2005,0,2014,6,1,31,31,0,638000.0
4.0,1.5,7.107425474110705,9.266815218904162,1.0,0,0,3,1220,0.0,1965,1993,2014,6,1,3,7,0,418000.0
3.0,1.75,7.467942332285852,9.419466131522189,1.0,0,0,4,1470,5.638354669333745,1968,0,2014,6,1,31,31,0,499000.0
3.0,1.5,7.115582126184454,8.994296557777195,1.0,0,0,4,1230,0.0,1949,1985,2014,6,1,6,69,0,150000.0
3.0,2.5,8.03947991910045,10.077062636881843,2.0,0,0,3,3100,0.0,2002,0,2014,6,1,33,43,0,759950.0
3.0,2.5,7.5126175446745105,11.087374989598707,1.0,0,0,3,1520,5.739792912179234,1991,0,2014,6,1,27,27,0,427000.0
5.0,2.5,7.878912912297133,8.867427438524983,2.0,0,0,3,2640,0.0,2003,0,2014,6,1,31,32,0,632500.0
6.0,1.75,7.518064181233078,7.928406026180535,1.0,0,0,3,1060,6.660575149839686,1900,2005,2014,6,1,35,59,0,660000.0
4.0,2.5,8.068089626278244,9.586445324777861,2.0,0,0,3,3190,0.0,1990,2009,2014,6,1,42,44,0,862000.0
2.0,1.0,7.02197642307216,7.601402334583733,1.5,0,0,3,1120,0.0,1910,2006,2014,6,1,35,52,0,524000.0
3.0,1.5,7.473637108496206,8.813438494528507,1.0,0,0,3,1160,6.398594934535208,1958,2004,2014,6,1,35,57,0,470000.0
3.0,2.0,7.372118028337787,9.201602306032898,2.0,0,0,3,1590,0.0,2000,0,2014,6,1,41,40,0,385000.0
4.0,2.5,7.659642954564682,9.169934957341145,2.0,0,0,3,2120,0.0,1985,0,2014,6,1,16,15,0,575000.0
4.0,2.5,7.714677473800927,9.192888978362427,1.0,0,0,4,1370,6.769641976852503,1988,0,2014,6,1,14,13,0,220000.0
2.0,1.0,6.792344427470809,7.650168700845001,1.0,0,0,4,760,4.875197323201151,1919,1985,2014,6,1,35,50,0,460000.0
3.0,3.25,7.9865049385539955,8.600246746551523,3.0,0,3,4,2440,6.2166061010848646,1978,2000,2014,6,1,35,52,0,1712500.0
3.0,1.5,7.107425474110705,8.895766604056085,1.0,0,0,3,1220,0.0,1973,2013,2014,6,1,1,0,0,175000.0
3.0,2.25,7.890208213109961,8.922791623969637,1.0,0,0,4,1640,6.93828448401696,1966,0,2014,6,1,6,68,0,465000.0
3.0,1.0,7.02197642307216,7.741099090035366,1.0,0,0,4,820,5.707110264748875,1912,1989,2014,6,1,35,56,0,552000.0
4.0,2.5,7.462214939768189,8.922791623969637,1.0,0,0,4,1220,6.255750041753367,1976,1992,2014,6,1,31,31,0,518000.0
4.0,3.5,8.098946748943339,8.596928159435091,2.0,0,1,3,2360,6.836259277277067,2006,0,2014,6,1,19,22,0,899950.0
3.0,1.0,7.479299637782834,8.651898894268529,1.5,0,0,4,1140,6.447305862541213,1926,1993,2014,6,1,35,61,0,373000.0
4.0,2.5,7.993282328101591,8.528133131454572,2.0,0,0,3,2960,0.0,2006,0,2014,6,1,21,23,0,385000.0
2.0,1.0,7.0909098220799835,8.493105395887147,1.0,0,0,3,980,5.3981627015177525,1943,2002,2014,6,1,35,49,0,245000.0
4.0,2.0,7.783640596221253,8.699681400989514,2.0,0,0,3,2400,0.0,1913,1945,2014,6,1,5,9,0,375000.0
4.0,3.5,7.897668150726906,8.726643415598444,2.0,0,0,3,2690,0.0,2002,0,2014,6,1,33,43,0,699850.0
6.0,2.25,8.174984532943087,9.37424334324612,1.0,0,0,4,2960,6.3818160174060985,1948,0,2014,6,1,35,60,0,450000.0
2.0,1.5,7.1785454837637,9.40894529884324,1.5,0,0,3,1310,0.0,1970,2014,2014,6,1,31,31,0,455000.0
4.0,2.75,7.8674885686991285,8.333510708982942,3.0,0,0,5,1910,6.55250788703459,1910,0,2014,6,1,35,47,0,650000.0
5.0,2.5,7.923348211930154,8.989194823324645,1.0,0,0,4,1600,7.057036981697891,1960,2001,2014,6,1,35,60,0,378000.0
3.0,2.0,7.252053951852814,8.987071812848821,1.0,0,0,4,1410,0.0,1940,2001,2014,6,1,40,71,0,220000.0
4.0,1.75,7.581209826196346,8.981052985901483,1.0,0,0,4,1960,0.0,1967,0,2014,6,1,14,13,0,285500.0
3.0,2.5,7.10085190894405,7.069023426578259,3.0,0,0,3,1212,0.0,2004,2003,2014,6,1,35,60,0,340000.0
4.0,1.5,7.7057128238944275,9.158731238242952,1.0,0,0,4,1490,6.594413459749778,1954,1979,2014,6,1,3,3,0,921000.0
4.0,2.5,7.621195162809845,11.602190134721198,1.5,0,0,4,2040,0.0,1973,0,2014,6,1,21,23,0,375000.0
4.0,2.75,7.937731775260109,9.86104966983816,2.0,0,0,3,2800,0.0,1992,0,2014,6,1,33,43,0,999000.0
3.0,1.5,7.621195162809845,8.699681400989514,1.0,0,0,3,1340,6.55250788703459,1957,2000,2014,6,1,35,57,0,335000.0
4.0,2.5,8.029758520440822,10.446189678949377,1.0,0,3,4,2070,6.90875477931522,1950,1983,2014,6,1,22,24,0,1920000.0
2.0,1.0,6.7226297948554485,10.178464252490356,1.0,1,3,4,830,0.0,1928,0,2014,6,1,41,40,0,385000.0
4.0,3.5,8.328692583545568,8.866440619526173,2.0,0,0,3,3160,6.8885724595653635,2003,0,2014,6,1,19,22,0,850000.0
5.0,2.5,7.75833346749091,8.412054873292933,2.0,0,0,3,2340,0.0,2009,0,2014,6,1,32,37,0,429000.0
3.0,2.25,7.259116128097101,7.1569563646156364,3.0,0,0,3,1420,0.0,2006,0,2014,6,1,35,47,0,523950.0
3.0,2.75,7.890208213109961,8.226573474977114,1.0,0,0,3,1720,6.85751406254539,2013,1923,2014,6,1,32,34,0,798800.0
3.0,2.5,7.53955882930103,8.701013624333928,2.0,0,0,3,1880,0.0,2009,0,2014,6,1,18,26,0,284000.0
4.0,3.25,8.146419323098003,8.729882284826589,2.0,0,0,3,3450,0.0,2014,0,2014,6,1,33,42,0,852880.0
3.0,2.25,7.0909098220799835,7.244941546337007,3.0,0,0,3,1200,0.0,2005,0,2014,6,1,35,62,0,320000.0
4.0,3.25,8.14060704285845,9.197356444417888,2.0,0,0,3,3430,0.0,2014,0,2014,6,1,5,9,0,749995.0
3.0,2.5,7.208600337960199,7.079184394609668,2.0,0,0,3,1120,5.442417710521793,2007,0,2014,6,1,35,56,0,468500.0
5.0,2.5,7.852050207265889,9.206633510044856,2.0,0,0,3,2570,0.0,2006,0,2014,6,1,11,11,0,492500.0
4.0,3.5,7.951911381854188,8.442038517815478,3.0,0,0,3,2840,0.0,2008,0,2014,6,1,35,60,0,685000.0
4.0,2.5,7.8826922062890254,8.630700432209832,2.0,0,0,3,2650,0.0,2014,0,2014,6,1,32,37,0,542525.0
3.0,2.0,7.591357046698551,7.891704659330107,3.0,0,0,3,1980,0.0,2007,0,2014,6,1,35,63,0,435000.0
3.0,1.75,7.155396301896734,8.925986089617076,1.5,0,0,4,1280,0.0,1988,0,2014,6,5,18,19,0,242000.0
4.0,2.5,7.8674885686991285,8.866722667194098,2.0,0,0,3,2610,0.0,1987,2000,2014,6,5,14,13,0,325000.0
5.0,2.75,8.010027528481734,9.442404020664952,2.0,0,0,3,3010,0.0,1994,0,2014,6,5,31,31,0,837700.0
1.0,1.0,6.836259277277067,8.872066513408342,1.0,0,0,3,930,0.0,1948,1994,2014,6,5,35,62,0,210000.0
3.0,1.5,7.074116816197362,8.853808274977197,1.0,0,0,4,1180,0.0,1977,0,2014,6,5,14,13,0,187500.0
5.0,1.0,7.444833273892193,9.116139576577355,1.5,0,0,4,1320,5.968707559985366,1926,1993,2014,6,5,35,61,0,560000.0
3.0,2.0,7.2305631534092925,8.919586920999915,1.0,0,0,3,1380,0.0,1989,0,2014,6,5,1,0,0,272000.0
3.0,1.75,7.0825485693553,8.893023494394711,1.0,0,0,4,1190,0.0,1968,0,2014,6,5,1,45,0,235000.0
3.0,2.0,7.534228326274089,8.684401110400144,1.0,0,0,3,1270,6.398594934535208,1986,0,2014,6,5,18,18,0,259000.0
5.0,3.5,8.049107721326406,8.47595444339964,2.0,0,0,3,2570,6.329720905522696,2014,0,2014,6,5,3,5,0,866059.0
2.0,1.0,6.803505257608338,8.537191877922927,1.0,0,0,4,900,0.0,1909,1989,2014,6,5,35,56,0,473000.0
3.0,1.5,7.53955882930103,8.909370405197466,1.0,0,0,3,1480,5.993961427306569,1968,1997,2014,6,5,20,67,0,405000.0
4.0,4.25,8.010027528481734,8.494538500851432,2.0,0,3,4,1940,6.976348070447749,1951,1996,2014,6,5,35,54,0,870000.0
3.0,2.25,7.732369222284388,8.657129031713755,1.0,0,1,4,1150,7.030857476116121,1985,0,2014,6,5,35,55,0,475000.0
3.0,2.5,7.9966538754626075,9.994607145903611,2.0,0,0,3,2970,0.0,1998,2006,2014,6,5,32,37,0,499500.0
2.0,2.5,7.390798521735676,8.069968149059841,2.0,0,0,3,1620,0.0,2008,0,2014,6,5,38,38,0,386000.0
4.0,1.5,7.346655163176539,8.006700845440367,1.5,0,0,3,1350,5.303304908059076,1918,0,2014,6,5,35,48,0,458000.0
3.0,1.75,7.714677473800927,11.267357352092318,2.0,0,0,5,2240,0.0,1976,0,2014,6,5,41,40,0,550000.0
3.0,2.5,7.9483852851118995,8.78523362361273,2.0,0,0,3,2830,0.0,1989,0,2014,6,5,42,41,0,605500.0
3.0,2.5,7.969357742016346,9.988793309115229,2.0,0,0,3,2890,0.0,2000,0,2014,6,5,34,72,0,421000.0
4.0,2.25,7.596392304064196,8.690978417187905,2.0,0,0,3,1990,0.0,1991,0,2014,6,5,16,17,0,536000.0
3.0,1.75,7.223295679562314,9.073374516903025,1.0,0,0,3,1370,0.0,1982,0,2014,6,5,9,26,0,247200.0
2.0,1.5,6.9930151229329605,7.215975002651466,2.0,0,0,3,1088,0.0,1983,2009,2014,6,5,19,22,0,250000.0
4.0,1.75,7.462214939768189,9.142596719889664,1.0,0,0,3,1180,6.329720905522696,1978,0,2014,6,5,14,13,0,204950.0
3.0,2.0,7.456454555176209,9.105090961257085,1.0,0,0,3,1370,5.8888779583328805,1978,0,2014,6,5,16,15,0,430000.0
4.0,2.5,7.496097345175956,8.999742789830492,2.0,0,0,3,1800,0.0,1998,2006,2014,6,5,21,23,0,250000.0
3.0,1.75,7.273092595999522,9.46412951340478,1.0,0,2,3,1090,5.860786223465865,1958,2004,2014,6,5,40,69,0,260000.0
4.0,1.0,7.450660796211539,7.937731775260109,1.5,0,0,4,1200,6.255750041753367,1926,1993,2014,6,5,35,54,0,547000.0
5.0,3.5,7.937731775260109,8.902591637374087,2.0,0,0,3,2800,0.0,1995,0,2014,6,5,35,49,0,379900.0
3.0,2.5,7.741099090035366,8.701180027529253,1.0,0,0,3,2300,0.0,2005,0,2014,6,5,31,32,0,738500.0
4.0,2.25,7.616283561580385,9.35755275165657,1.0,0,0,4,1590,6.089044875446846,1967,0,2014,6,5,31,31,0,545000.0
2.0,1.0,6.608000625296087,8.729235349659273,1.0,0,0,3,740,0.0,1948,1994,2014,6,5,35,57,0,342000.0
4.0,1.0,7.560601162768557,9.531553927636756,1.0,0,0,4,1220,6.55250788703459,1966,0,2014,6,5,34,72,0,170000.0
4.0,2.5,7.820439515262181,9.467305471765902,2.0,0,0,3,2490,0.0,1983,2009,2014,6,5,33,42,0,616000.0
3.0,2.0,7.2305631534092925,8.476579508530941,1.0,0,0,3,1380,0.0,1948,1994,2014,6,5,35,58,0,640000.0
3.0,2.5,7.333676395657684,9.149209371971951,1.0,0,0,3,1270,5.564520407322694,1993,0,2014,6,5,32,37,0,332000.0
3.0,3.25,7.791935956938058,7.562161631225652,2.0,0,2,3,1840,6.364750756851911,2006,0,2014,6,5,35,52,0,1010000.0
4.0,2.5,7.67368812926773,10.536035110967143,2.0,0,0,3,2150,0.0,1991,0,2014,6,5,18,26,0,380000.0
4.0,2.0,7.384610383176974,9.169622538697624,1.0,0,0,5,1610,0.0,1967,0,2014,6,5,25,34,0,415000.0
4.0,3.5,7.8826922062890254,8.026496938945412,2.0,0,0,3,2060,6.3818160174060985,2001,0,2014,6,5,35,47,0,1008000.0
4.0,2.75,7.901377353792616,10.473421354781692,2.0,0,0,5,2700,0.0,1976,0,2014,6,5,42,44,0,669000.0
3.0,1.5,7.147559271189454,9.937937287265354,1.0,0,0,2,1150,4.795790545596741,1948,0,2014,6,5,20,67,0,260000.0
4.0,2.75,8.055475141757274,10.567875111424648,1.0,0,0,3,2480,6.508769136971682,1986,0,2014,6,5,31,31,0,854000.0
3.0,2.25,7.606387389772652,9.283683766200392,2.0,0,0,3,2010,0.0,1985,0,2014,6,5,31,31,0,605000.0
3.0,1.0,6.7580945044277305,8.529319371214077,1.5,0,0,3,860,0.0,1927,2011,2014,6,5,35,62,0,320000.0
3.0,2.0,7.252053951852814,8.918248591035702,1.0,0,0,3,1410,0.0,1983,2009,2014,6,5,32,36,0,229950.0
3.0,1.75,7.438971592395862,8.927048647825695,1.0,0,0,3,1700,0.0,1987,2000,2014,6,5,18,18,0,255000.0
4.0,2.5,7.852050207265889,8.740656691541368,2.0,0,0,3,2570,0.0,2000,0,2014,6,5,3,3,0,1170000.0
2.0,2.25,7.115582126184454,6.838405200847344,2.0,0,0,3,1020,5.351858133476067,2004,2003,2014,6,5,35,53,0,479000.0
4.0,3.5,8.335911094196945,9.184919994629272,2.0,0,0,3,4170,0.0,2004,2003,2014,6,5,25,37,0,1200000.0
3.0,2.5,7.074116816197362,7.141245122350491,3.0,0,0,3,1180,0.0,2010,0,2014,6,5,35,58,0,472000.0
3.0,1.5,7.266128779556451,8.902183446335016,1.0,0,0,3,820,6.415096959171596,1980,0,2014,6,5,14,13,0,198000.0
4.0,2.0,7.280008252884188,9.036106025364846,1.5,0,0,4,1450,0.0,1962,0,2014,6,5,19,22,0,440000.0
3.0,1.75,7.687538766201629,8.94910546953925,1.0,0,0,3,1480,6.55250788703459,1961,2004,2014,6,5,36,70,0,506000.0
4.0,2.5,7.701200180857446,8.865029186687766,2.0,0,0,3,2210,0.0,1993,0,2014,6,5,18,19,0,382500.0
2.0,1.5,7.300472814267799,8.892473968347087,1.0,0,0,4,940,6.293419278846481,1978,2000,2014,6,5,32,34,0,269500.0
3.0,2.0,7.75833346749091,8.154212694914229,1.0,0,1,5,1170,7.065613363597717,1971,0,2014,6,5,35,57,0,560000.0
4.0,3.5,8.258681496264236,9.816567080505427,2.0,0,0,3,3120,6.608000625296087,1996,0,2014,6,5,42,44,0,840000.0
3.0,2.75,7.741099090035366,8.442038517815478,2.0,0,0,3,2300,0.0,2008,0,2014,6,5,38,38,0,479500.0
3.0,1.5,7.280008252884188,8.90598676523643,1.0,0,0,3,1010,6.089044875446846,1968,1997,2014,6,5,19,22,0,402000.0
2.0,2.5,7.2305631534092925,6.860663671448287,3.0,0,0,3,1380,0.0,2006,0,2014,6,5,35,47,0,549000.0
4.0,2.5,7.81237820598861,8.245909264774093,2.0,0,0,3,2470,0.0,1999,0,2014,6,5,38,38,0,449950.0
4.0,1.75,7.616283561580385,9.814437735702617,1.5,0,0,4,2030,0.0,1975,0,2014,6,5,19,22,0,493000.0
4.0,0.75,7.273092595999522,9.495594499353297,1.0,0,0,3,1440,0.0,1948,1994,2014,6,5,6,68,0,142500.0
3.0,1.75,7.057036981697891,8.721765357145012,1.0,0,0,3,1160,0.0,1998,2006,2014,6,5,1,1,0,250000.0
3.0,1.0,7.365812837209472,8.253488028345904,2.0,0,0,3,1580,0.0,1908,1988,2014,6,5,35,46,0,729000.0
2.0,2.75,7.266128779556451,7.262628600974241,2.0,0,0,3,995,6.077642243349034,2006,0,2014,6,5,35,53,0,465000.0
2.0,2.0,7.3098814858247865,9.866408544294707,2.0,1,4,3,1494,0.0,1943,1997,2014,6,5,41,40,0,465000.0
4.0,2.25,7.565793282428515,8.882946799288174,1.0,0,0,4,1360,6.3473892096560105,1988,0,2014,6,5,18,18,0,280000.0
6.0,1.75,7.916078096302786,8.757940876678804,1.0,0,3,3,1370,7.223295679562314,1953,0,2014,6,5,35,65,0,675000.0
3.0,2.0,7.53955882930103,8.24301946898925,1.0,0,0,5,1030,6.7464121285733745,1927,0,2014,6,5,35,54,0,667500.0
3.0,2.5,7.85979918056211,8.951699168308815,2.0,0,0,3,2590,0.0,1988,2000,2014,6,5,3,6,0,809000.0
3.0,2.25,7.669028288589683,9.329633378164166,2.0,0,0,3,2140,0.0,1986,0,2014,6,5,11,11,0,400000.0
4.0,2.0,7.534228326274089,8.699681400989514,1.5,0,0,3,1870,0.0,1956,2001,2014,6,5,35,60,0,310000.0
2.0,1.0,7.115582126184454,8.24301946898925,1.0,0,0,3,1230,0.0,1928,1954,2014,6,5,35,54,0,435000.0
4.0,2.5,7.75833346749091,8.83884181343129,2.0,0,0,3,2340,0.0,2001,0,2014,6,5,32,37,0,465950.0
3.0,2.25,7.9658927350845286,8.935903526274423,1.0,0,2,3,1710,7.065613363597717,1958,2002,2014,6,5,19,21,0,1538000.0
3.0,1.5,6.78105762593618,8.79497643168877,1.0,0,0,5,880,0.0,1945,0,2014,6,5,35,71,0,253000.0
3.0,2.5,8.019941687677365,8.886409166849282,2.0,0,0,3,3040,0.0,2003,0,2014,6,5,1,45,0,330000.0
4.0,1.0,7.02197642307216,8.868554040531201,1.5,0,0,3,1120,0.0,1946,0,2014,6,5,35,70,0,554000.0
3.0,2.0,7.2305631534092925,8.188966863648876,3.0,0,0,3,1380,0.0,2013,1923,2014,6,5,35,59,0,350000.0
4.0,2.5,7.415175109613295,9.186150133174966,2.0,0,0,3,1660,0.0,1994,0,2014,6,5,18,18,0,294999.0
3.0,2.75,7.824445930877619,8.624970783589669,2.0,0,0,5,2500,0.0,1905,0,2014,6,5,35,53,0,1185001.0
4.0,2.5,7.9865049385539955,9.247925132303454,2.0,0,0,4,2940,0.0,1991,0,2014,6,5,25,37,0,752000.0
4.0,2.5,7.421177528595393,8.106514516255185,2.0,0,0,3,1670,0.0,2005,0,2014,6,5,16,17,0,451000.0
4.0,2.75,7.875119281040293,8.923457979694966,2.0,0,0,3,2630,0.0,1994,0,2014,6,5,31,31,0,725000.0
4.0,2.75,7.719129840906732,8.910990494656719,1.0,0,0,4,1480,6.647688373563329,1975,0,2014,6,5,32,36,0,345000.0
3.0,1.0,7.186144304522325,8.853808274977197,1.0,0,0,4,1320,0.0,1967,0,2014,6,5,1,1,0,206000.0
4.0,3.75,8.31898612539206,10.034471954331547,1.5,0,3,5,2540,7.353081920515432,1934,1979,2014,6,5,23,25,0,2027000.0
3.0,3.25,8.375860015299594,8.506738733512378,2.0,0,3,3,3060,7.155396301896734,1993,0,2014,6,5,35,50,0,2475000.0
4.0,3.0,8.216358332386156,9.931637595952473,1.0,0,0,4,1850,7.523481312573497,1976,1992,2014,6,5,3,3,0,1728000.0
5.0,2.0,7.901377353792616,9.294313805752362,1.0,0,0,4,1540,7.057036981697891,1962,0,2014,6,5,3,6,0,580000.0
3.0,1.0,6.8885724595653635,8.881975184248867,1.0,0,0,4,980,0.0,1950,1983,2014,6,5,35,55,0,430000.0
4.0,2.5,7.8826922062890254,9.351926736038054,2.0,0,0,3,2110,6.293419278846481,1988,2000,2014,6,5,19,21,0,720000.0
7.0,4.25,8.208219383496834,8.294299608857235,2.0,0,1,3,2800,6.769641976852503,1964,2000,2014,6,5,35,74,0,824000.0
3.0,1.75,7.993282328101591,9.427143867544194,1.0,0,2,4,1480,7.300472814267799,1952,0,2014,6,5,35,55,0,936000.0
4.0,2.75,8.029758520440822,8.882114044208821,2.0,0,0,3,3070,0.0,2006,0,2014,6,5,32,37,0,535000.0
3.0,2.5,7.254177846456518,8.188966863648876,2.0,0,0,3,1413,0.0,2011,0,2014,6,5,18,19,0,286800.0
2.0,2.5,7.13966033596492,7.206377291472252,3.0,0,0,3,1260,0.0,2005,0,2014,6,5,35,47,0,350000.0
3.0,2.5,7.427144133408616,7.709756864454165,2.0,0,0,3,1680,0.0,2007,0,2014,6,5,36,67,0,345000.0
3.0,2.25,7.115582126184454,7.122059881629142,2.0,0,0,3,1080,5.017279836814924,2009,0,2014,6,5,35,74,0,435000.0
3.0,3.5,8.380456667842767,8.738895704934043,2.0,0,3,3,2960,7.244941546337007,2008,0,2014,6,5,35,47,0,1555000.0
4.0,4.0,8.394121193826242,9.712750686140826,2.0,0,0,3,4420,0.0,2013,1923,2014,6,5,33,43,0,1325000.0
3.0,3.25,7.9269635448629785,8.744966011114109,2.0,0,0,3,1980,6.673297967767654,2006,0,2014,6,6,32,34,0,461000.0
3.0,2.25,7.976251943745623,9.230633075243945,2.0,0,0,3,2910,0.0,1990,2009,2014,6,6,31,31,0,770000.0
4.0,3.25,8.364275084991524,9.401291255468191,1.0,0,3,3,2690,7.3783837129967145,1997,0,2014,6,6,3,5,0,1384000.0
3.0,2.5,7.3783837129967145,10.202776998029625,2.0,0,0,3,1600,0.0,2005,0,2014,6,6,11,11,0,330000.0
4.0,2.5,7.507141079727608,8.817890200945513,2.0,0,0,3,1820,0.0,1994,0,2014,6,6,21,23,0,322500.0
3.0,1.75,7.438971592395862,9.039907859574642,1.0,0,0,3,1230,6.154858094016418,1977,2004,2014,6,6,35,60,0,475000.0
2.0,1.0,6.673297967767654,9.326789184619429,1.0,0,0,4,790,0.0,1942,1982,2014,6,6,26,68,0,250275.0
3.0,2.25,7.450660796211539,9.105090961257085,1.0,0,0,4,1320,5.993961427306569,1969,0,2014,6,6,14,13,0,274500.0
3.0,1.0,6.898714534329988,9.28023949935585,1.0,0,0,5,990,0.0,1960,0,2014,6,6,32,37,0,284950.0
4.0,1.75,7.479299637782834,9.106312301552135,1.0,0,0,5,1050,6.580639137284949,1983,0,2014,6,6,9,26,0,264950.0
3.0,2.0,7.13966033596492,8.998754769495703,1.0,0,0,3,1260,0.0,1986,0,2014,6,6,21,23,0,242000.0
4.0,2.5,8.200013648175434,9.266437111328052,2.0,0,0,3,3640,0.0,1999,0,2014,6,6,33,43,0,913000.0
3.0,1.75,7.621195162809845,8.699681400989514,1.0,0,0,5,1120,6.825460036255307,1958,0,2014,6,6,35,55,0,555000.0
4.0,1.75,7.591357046698551,9.287394001418473,1.0,0,0,5,990,6.898714534329988,1948,1985,2014,6,6,23,25,0,711000.0
5.0,2.5,8.188966863648876,9.758519582283522,1.0,0,0,4,2410,7.0825485693553,1968,0,2014,6,6,26,68,0,403500.0
4.0,2.5,8.359603270841466,10.677915136047172,1.0,0,0,3,2680,7.372118028337787,1991,0,2014,6,6,31,32,0,975000.0
4.0,2.0,7.616283561580385,9.169622538697624,1.5,0,0,3,1430,6.398594934535208,1947,2012,2014,6,6,34,72,0,253779.0
3.0,3.25,7.432483807917119,7.236339342754344,3.0,0,0,3,1689,0.0,2008,0,2014,6,6,35,60,0,384400.0
5.0,2.75,7.962415680121064,8.403352374992478,1.0,0,0,3,1650,7.107425474110705,1976,0,2014,6,6,35,50,0,646000.0
3.0,1.75,7.147559271189454,8.476579508530941,1.0,0,0,3,1270,0.0,1952,2014,2014,6,6,35,61,0,415000.0
4.0,2.5,7.934155233536322,8.979542601725113,2.0,0,0,3,2790,0.0,1997,0,2014,6,6,33,42,0,764000.0
5.0,3.25,8.25608813381491,9.695848187757884,2.0,0,2,3,3030,6.710523109452428,2002,0,2014,6,6,1,45,0,507000.0
3.0,2.5,7.353081920515432,9.144414221860016,1.5,0,0,4,1360,5.303304908059076,1936,0,2014,6,6,35,51,0,545500.0
3.0,1.75,7.074116816197362,8.314097335405807,1.0,0,0,4,760,6.042632833682381,1928,0,2014,6,6,35,56,0,450000.0
4.0,1.75,7.507141079727608,9.001962272862446,1.0,0,0,4,1080,6.608000625296087,1980,0,2014,6,6,18,19,0,264000.0
5.0,1.75,7.13966033596492,8.412054873292933,1.5,0,0,3,1260,0.0,1926,2003,2014,6,6,35,58,0,650000.0
3.0,2.5,7.878912912297133,8.812248018197431,2.0,0,0,3,1680,6.8679744089702925,1991,0,2014,6,6,32,36,0,365000.0
2.0,1.0,7.00397413672268,8.343077871169383,1.0,0,0,3,1100,0.0,1954,2005,2014,6,6,35,63,0,343566.0
3.0,2.5,7.576097340623111,8.835210463664092,2.0,0,0,3,1950,0.0,1997,0,2014,6,6,36,67,0,375000.0
3.0,2.0,7.2305631534092925,9.069122370060645,1.0,0,0,4,1380,0.0,1966,0,2014,6,6,10,66,0,295000.0
3.0,2.75,7.696667081526462,8.853808274977197,1.0,0,0,4,1280,6.825460036255307,1977,0,2014,6,6,32,36,0,325000.0
4.0,1.5,7.62608275807238,8.867990898182093,1.0,0,0,3,1050,6.90875477931522,1963,2008,2014,6,6,1,0,0,265000.0
5.0,3.0,7.935945103353701,9.62258246436337,2.0,0,0,3,2795,0.0,1996,0,2014,6,6,11,11,0,562000.0
4.0,2.5,7.62608275807238,10.44065321163396,2.0,0,0,4,2050,0.0,1989,0,2014,6,6,42,44,0,540000.0
5.0,1.75,7.67368812926773,8.877939834725023,1.0,0,0,4,1460,6.53813982376767,1970,0,2014,6,6,18,19,0,279950.0
3.0,1.75,7.58629630715272,9.012011377036412,1.0,0,0,5,1420,6.311734809152915,1963,0,2014,6,6,36,70,0,540000.0
4.0,2.5,7.886457270977689,9.447229025082065,1.0,0,0,4,1740,6.825460036255307,1960,2001,2014,6,6,14,2,0,310000.0
1.0,1.0,6.580639137284949,8.476579508530941,1.0,0,0,3,720,0.0,1914,1996,2014,6,6,35,57,0,190000.0
4.0,2.5,7.787796878181171,8.472405008626103,2.0,0,0,3,2410,0.0,2000,0,2014,6,6,38,38,0,440000.0
3.0,2.0,7.611347717403621,8.612685172875459,1.5,0,3,3,1790,5.442417710521793,1937,1999,2014,6,6,35,74,0,1400000.0
2.0,1.0,6.985641817639208,9.152287440527566,1.0,0,0,3,1080,0.0,1958,2004,2014,6,6,32,36,0,230000.0
3.0,1.75,7.074116816197362,9.567525185909115,1.0,0,0,3,1180,0.0,1981,2013,2014,6,6,27,27,0,455000.0
2.0,1.0,6.493753839851686,8.517393171418904,1.0,0,0,3,660,0.0,1915,0,2014,6,6,35,49,0,175000.0
3.0,1.75,7.979681302387741,9.145375093123823,1.0,0,0,4,1620,7.170888478512505,1981,0,2014,6,6,3,5,0,650000.0
4.0,4.25,8.486940148245216,9.429154565129164,2.0,1,4,5,3850,6.90875477931522,1989,0,2014,6,6,19,22,0,3000000.0
3.0,1.0,6.985641817639208,9.057305735807121,1.5,0,0,3,1080,0.0,1900,2005,2014,6,6,40,69,0,192500.0
3.0,1.75,7.421177528595393,8.839421607620602,1.0,0,0,3,1170,6.2166061010848646,1978,0,2014,6,6,14,13,0,239950.0
6.0,1.0,7.223295679562314,8.533263371593732,1.5,0,0,3,1120,5.5254529391317835,1931,0,2014,6,6,35,49,0,175000.0
5.0,3.5,8.146419323098003,10.251500085896208,1.0,0,0,5,2350,7.00397413672268,1972,0,2014,6,6,19,21,0,850000.0
4.0,2.0,7.58629630715272,9.259225769705994,1.0,0,0,3,1820,5.017279836814924,1961,2004,2014,6,6,6,68,0,410000.0
4.0,2.5,7.736743682453495,8.815666824946216,2.0,0,0,3,2290,0.0,1996,0,2014,6,6,16,17,0,570000.0
5.0,2.5,7.714677473800927,8.928507824313293,1.0,0,0,3,1140,7.00397413672268,1966,1963,2014,6,6,36,70,0,469000.0
2.0,1.0,7.123672785204607,8.764209507142004,1.0,0,1,4,1060,5.198497031265826,1938,0,2014,6,6,35,61,0,559000.0
3.0,2.5,7.791935956938058,10.673086385256404,2.0,0,4,4,1690,6.594413459749778,1989,0,2014,6,6,33,43,0,739888.0
5.0,3.5,8.089789175789319,10.98201617442016,2.0,0,0,4,3260,0.0,1969,0,2014,6,6,18,26,0,568450.0
2.0,1.0,6.508769136971682,9.298442820197728,1.0,0,0,3,670,0.0,1942,1999,2014,6,6,35,65,0,240000.0
5.0,3.25,8.058643712215618,9.210440366976517,2.0,0,0,4,3160,0.0,1980,0,2014,6,6,16,15,0,574950.0
3.0,2.25,7.596392304064196,8.756367559802975,2.0,0,0,3,1990,0.0,1967,2011,2014,6,6,10,73,0,180000.0
4.0,3.5,8.45126704130007,9.179984251961283,2.0,0,0,3,3360,7.186144304522325,2005,0,2014,6,6,3,5,0,1160000.0
3.0,2.5,7.438971592395862,8.182000136293405,2.0,0,0,3,1700,0.0,2000,0,2014,6,6,35,51,0,300000.0
4.0,2.5,7.940227765145702,9.151757414543885,2.0,0,0,3,2807,0.0,1996,0,2014,6,6,17,16,0,630000.0
4.0,1.75,7.479299637782834,9.145908511816794,1.0,0,0,4,1170,6.398594934535208,1968,0,2014,6,6,31,31,0,507000.0
4.0,2.5,7.852050207265889,9.105090961257085,1.0,0,0,4,1590,6.8885724595653635,1979,0,2014,6,6,14,13,0,287500.0
3.0,3.0,8.146419323098003,9.692828247710418,2.0,0,0,3,3450,0.0,1983,2009,2014,6,6,33,42,0,688000.0
3.0,2.0,7.421177528595393,8.94910546953925,1.0,0,0,3,1170,6.2166061010848646,1972,2002,2014,6,6,19,22,0,424000.0
3.0,1.75,6.957497370876951,8.724369949208368,1.5,0,0,4,950,4.61512051684126,1928,0,2014,6,6,35,55,0,400000.0
4.0,2.5,7.555381944240273,8.946895523888447,2.0,0,0,3,1910,0.0,1987,2000,2014,6,6,16,15,0,620000.0
3.0,1.0,6.814542897259958,8.94910546953925,1.0,0,0,4,910,0.0,1971,0,2014,6,6,19,22,0,300000.0
5.0,2.25,7.816416983691801,9.398561160701128,2.0,0,0,3,2480,0.0,1978,0,2014,6,6,33,42,0,615000.0
2.0,1.5,7.507141079727608,9.090204570736201,2.0,0,0,3,1820,0.0,1921,2000,2014,6,6,40,69,0,206000.0
4.0,2.5,7.979681302387741,8.94910546953925,2.0,0,0,3,2920,0.0,2003,0,2014,6,6,11,11,0,515500.0
5.0,2.25,7.534228326274089,9.342420712333391,1.0,0,0,4,1170,6.55250788703459,1961,2001,2014,6,6,20,67,0,554000.0
4.0,3.5,8.24564690087386,9.189423123720795,2.0,0,0,3,3810,0.0,1938,2013,2014,6,6,35,65,0,825000.0
4.0,2.25,7.692113339595466,8.314097335405807,2.0,0,0,3,1800,5.968707559985366,1918,0,2014,6,6,35,58,0,855000.0
3.0,2.5,7.456454555176209,8.759197750371365,2.0,0,0,3,1730,0.0,1993,0,2014,6,6,21,23,0,315000.0
5.0,2.5,7.7057128238944275,9.144307401371744,1.0,0,0,4,1110,7.01301578963963,1968,0,2014,6,6,32,36,0,299000.0
3.0,1.5,7.186144304522325,9.00146947994869,1.0,0,0,3,1320,0.0,1951,1994,2014,6,6,3,3,0,650000.0
3.0,1.75,7.32052696227274,8.476579508530941,1.0,0,2,3,860,6.478509642208569,1925,2011,2014,6,6,35,61,0,465000.0
3.0,2.0,7.659642954564682,8.314097335405807,2.0,0,0,3,2120,0.0,2003,0,2014,6,6,31,32,0,535000.0
2.0,2.0,7.43307534889858,8.412054873292933,1.0,0,0,3,1690,0.0,2004,2003,2014,6,6,31,32,0,564000.0
3.0,3.5,7.215975002651466,7.258412150595307,2.0,0,0,3,1040,5.771441123130016,2007,0,2014,6,6,35,50,0,515000.0
4.0,2.5,8.086717920303906,8.517393171418904,2.0,0,0,3,3250,0.0,2008,0,2014,6,6,32,37,0,580000.0
3.0,2.25,7.307202314764738,7.166265974133638,2.0,0,0,3,1220,5.602118820879701,2010,0,2014,6,6,35,49,0,309000.0
3.0,1.75,7.565793282428515,8.757940876678804,1.0,0,0,3,1930,0.0,2013,1923,2014,6,6,38,38,0,536751.0
4.0,2.5,7.611347717403621,8.61286694148452,2.0,0,0,3,2020,0.0,2010,0,2014,6,6,32,37,0,415000.0
3.0,2.25,7.368339686311381,7.937731775260109,2.0,0,0,3,1584,0.0,2012,1912,2014,6,6,1,1,0,267000.0
4.0,2.5,8.061802274538348,9.050640993218508,2.0,0,0,3,3170,0.0,2008,0,2014,6,6,19,21,0,820000.0
4.0,2.75,8.261268150577648,9.215029361462314,2.0,0,0,3,3870,0.0,2005,0,2014,6,6,19,21,0,1399950.0
2.0,2.5,7.266128779556451,6.828712071641684,3.0,0,0,3,1410,3.044522437723423,2008,0,2014,6,6,35,47,0,485000.0
3.0,3.25,7.2305631534092925,7.02197642307216,3.0,0,0,3,1380,0.0,2008,0,2014,6,6,35,47,0,482000.0
4.0,2.5,7.8674885686991285,8.432941638968646,2.0,0,0,3,2610,0.0,2008,0,2014,6,6,17,16,0,535000.0
3.0,3.25,7.340186835320115,7.264730177929867,3.0,0,0,3,1540,0.0,2013,1923,2014,6,6,35,47,0,690000.0
3.0,2.5,7.57095858316901,9.105090961257085,1.0,0,0,4,970,6.878326468291325,1948,0,2014,6,4,35,56,0,576000.0
3.0,2.5,7.6783263565068856,8.006700845440367,1.5,0,0,3,1260,6.803505257608338,1909,2011,2014,6,4,35,57,0,378750.0
4.0,1.75,7.333676395657684,9.076923258535832,1.5,0,0,4,1530,0.0,1968,0,2014,6,4,32,36,0,269900.0
3.0,2.0,7.273092595999522,8.88336291691676,1.0,0,0,3,1440,0.0,1983,2009,2014,6,4,1,45,0,210000.0
4.0,2.5,7.878912912297133,9.062536177207788,2.0,0,0,3,2640,0.0,1987,2000,2014,6,4,32,36,0,429900.0
4.0,3.25,8.19450550976564,8.543250725735527,2.0,0,3,4,2350,7.147559271189454,1927,0,2014,6,4,35,58,0,1525000.0
4.0,2.5,7.955425088912672,8.444837529224097,2.0,0,0,3,2850,0.0,2004,2003,2014,6,4,21,23,0,360000.0
2.0,1.0,7.13966033596492,8.384347278082808,1.0,0,0,4,1260,0.0,1947,1988,2014,6,4,35,47,0,405000.0
3.0,1.75,7.384610383176974,9.32375833901174,1.0,0,0,3,1610,0.0,1955,2005,2014,6,4,19,21,0,450000.0
3.0,2.0,7.215975002651466,8.696343057044556,1.5,0,0,3,1360,0.0,1945,2008,2014,6,4,35,55,0,703000.0
4.0,2.5,7.822845290279774,8.994544758324512,2.0,0,0,3,2496,0.0,1998,2006,2014,6,4,31,31,0,661000.0
4.0,2.25,7.6783263565068856,9.168893182062009,1.0,0,0,3,2160,0.0,1969,2010,2014,6,4,3,7,0,580000.0
3.0,1.0,7.186144304522325,8.195885391314796,2.0,0,0,3,1320,0.0,1900,2005,2014,6,4,35,59,0,464000.0
2.0,2.5,7.840312983320164,8.866440619526173,2.0,0,0,3,2540,0.0,2004,2003,2014,6,4,35,55,0,945000.0
4.0,3.0,7.8713112033234065,9.81809304951918,1.0,0,0,4,1870,6.621405651764134,1956,0,2014,6,4,3,5,0,659500.0
3.0,1.5,7.039660349862076,9.028938392241612,1.0,0,0,3,1140,0.0,1960,2012,2014,6,4,40,69,0,200000.0
3.0,2.0,7.490529402060711,10.654903641220049,1.0,0,0,4,1790,0.0,1990,0,2014,6,4,1,45,0,280000.0
4.0,2.5,7.80016307039296,8.188966863648876,2.5,0,0,4,2440,0.0,1902,0,2014,6,4,35,58,0,1325000.0
3.0,2.0,7.669028288589683,8.881975184248867,1.0,0,0,4,1480,6.493753839851686,1966,0,2014,6,4,32,34,0,346150.0
3.0,1.0,7.193685818395112,8.596558746796978,2.0,0,0,5,1330,0.0,1905,0,2014,6,4,12,12,0,197500.0
4.0,2.5,7.85979918056211,8.976009475021396,2.0,0,0,3,2590,0.0,2001,0,2014,6,4,35,54,0,799000.0
4.0,4.5,8.46611040118692,9.540578933841877,2.0,0,2,3,3600,7.048386408721883,2005,0,2014,6,4,35,57,0,1309500.0
2.0,1.0,7.390798521735676,9.127610724377186,1.0,0,0,5,850,6.647688373563329,1921,0,2014,6,4,19,22,0,350000.0
4.0,2.5,7.80016307039296,10.442638208053022,2.0,0,0,3,2440,0.0,1987,2000,2014,6,4,31,32,0,720000.0
3.0,2.75,7.611347717403621,9.282195809076612,1.0,0,0,5,1270,6.621405651764134,1954,0,2014,6,4,26,68,0,519000.0
3.0,1.5,7.293697720601438,8.881975184248867,2.0,0,0,4,1470,0.0,1907,0,2014,6,4,35,57,0,590300.0
5.0,4.75,8.698013622083925,9.254452946594503,2.0,1,4,3,4050,7.57095858316901,2002,0,2014,6,4,16,15,0,2200000.0
6.0,2.75,7.83241092718792,9.140454244512016,1.0,0,0,4,1320,7.0909098220799835,1962,0,2014,6,4,20,67,0,410000.0
2.0,1.75,7.273092595999522,8.349011198176003,1.0,0,0,3,1440,0.0,2005,0,2014,6,4,31,32,0,437000.0
3.0,2.25,7.403061091090091,8.902591637374087,1.0,0,0,3,1140,6.2166061010848646,1984,0,2014,6,4,14,2,0,221000.0
4.0,2.25,7.67368812926773,9.912546397024474,1.0,0,0,3,1090,6.966967138613983,1963,2008,2014,6,4,17,16,0,380000.0
2.0,1.0,7.359467638255621,9.01322999770879,1.0,0,0,4,1150,6.042632833682381,1952,0,2014,6,4,35,70,0,506000.0
4.0,1.0,7.591357046698551,9.24483841238375,1.0,0,0,4,1430,6.311734809152915,1968,0,2014,6,4,16,15,0,395000.0
3.0,1.0,7.099201743553092,8.462103225098277,1.5,0,0,3,1210,0.0,1901,0,2014,6,4,35,56,0,285000.0
3.0,1.75,7.550135342488429,8.006700845440367,1.5,0,0,5,1070,6.7226297948554485,1903,0,2014,6,4,35,57,0,311000.0
3.0,1.75,7.1785454837637,8.995412975433313,1.0,0,0,4,1310,0.0,1948,0,2014,6,4,35,56,0,435000.0
2.0,1.0,6.898714534329988,10.595759350060119,1.0,0,0,2,990,0.0,1945,0,2014,6,4,18,26,0,120000.0
3.0,3.5,8.261268150577648,8.24800570160062,2.0,0,0,3,2760,7.01301578963963,2002,0,2014,6,4,35,46,0,1440000.0
3.0,2.0,7.201170883281678,8.371242135931933,1.0,0,0,3,920,6.042632833682381,1912,1993,2014,6,4,1,1,0,186000.0
4.0,2.25,7.6783263565068856,8.630700432209832,1.0,0,0,5,1080,6.985641817639208,1947,0,2014,6,4,35,58,0,756000.0
4.0,2.0,7.640603826393634,9.51125944745996,1.0,0,0,3,1040,6.947937068614969,1950,2005,2014,6,4,35,71,0,248000.0
3.0,2.0,7.170888478512505,9.33917324381915,1.5,0,0,5,1300,0.0,1933,0,2014,6,4,34,69,0,287000.0
4.0,2.5,7.8674885686991285,8.99118884193151,2.0,0,0,3,2610,0.0,1998,2006,2014,6,4,20,67,0,510000.0
3.0,1.0,6.957497370876951,9.047703788498627,1.0,0,0,4,1050,0.0,1959,0,2014,6,4,18,19,0,249000.0
3.0,2.5,7.816416983691801,8.718172930028725,2.0,0,0,3,2480,0.0,2004,2003,2014,6,4,32,36,0,340000.0
4.0,2.25,7.507141079727608,9.018695487721343,1.5,0,0,4,1320,6.2166061010848646,1930,0,2014,6,4,35,62,0,399888.0
3.0,1.75,7.065613363597717,9.075779878580487,1.0,0,0,4,1170,0.0,1968,0,2014,6,4,31,31,0,440000.0
4.0,2.25,7.771067086065406,8.699681400989514,1.0,0,2,3,1440,6.836259277277067,1959,1989,2014,6,4,35,70,0,899000.0
5.0,3.75,8.036249942132116,8.91139510724569,2.0,0,0,3,3090,0.0,2014,0,2014,6,4,6,66,0,540500.0
3.0,1.75,7.745435610274381,9.32375833901174,1.0,0,0,4,1630,6.523562306149512,1978,2000,2014,6,4,18,18,0,385000.0
4.0,2.25,7.630946580890459,9.245610986058102,1.0,0,0,4,1320,6.608000625296087,1962,0,2014,6,4,3,5,0,558000.0
4.0,2.5,7.783640596221253,8.94819608331224,2.0,0,0,3,2400,0.0,2003,0,2014,6,4,32,37,0,450000.0
3.0,1.0,7.186144304522325,9.042040056544483,1.0,0,0,3,880,6.089044875446846,1961,2004,2014,6,4,14,13,0,232500.0
2.0,1.0,6.673297967767654,8.79497643168877,1.0,0,0,3,790,0.0,1949,1998,2014,6,4,35,59,0,436000.0
4.0,2.0,7.490529402060711,9.594990340370426,1.0,0,1,4,1670,4.795790545596741,1960,2001,2014,6,4,10,73,0,240000.0
3.0,2.25,7.507141079727608,8.899321434159964,2.0,0,0,3,1820,0.0,1983,2009,2014,6,4,19,22,0,489950.0
6.0,2.0,7.421177528595393,8.006700845440367,1.0,0,0,5,900,6.647688373563329,1911,1984,2014,6,4,35,48,0,680000.0
5.0,3.5,8.291797105048733,9.204221690968005,2.0,0,0,3,3990,0.0,2001,0,2014,6,4,25,37,0,1068000.0
3.0,2.0,7.266128779556451,8.699681400989514,1.0,0,0,5,1430,0.0,1945,0,2014,6,4,36,67,0,352450.0
4.0,2.0,7.616283561580385,11.548996993874734,1.0,0,0,4,2030,0.0,1969,0,2014,6,4,12,12,0,335000.0
4.0,1.75,7.1631723908466425,8.026496938945412,2.0,0,0,4,1290,0.0,1906,1990,2014,6,4,35,47,0,549000.0
4.0,3.5,8.2482674474469,9.4898642567265,2.0,0,0,3,3280,6.293419278846481,1990,2009,2014,6,4,3,3,0,1240000.0
4.0,3.25,7.83241092718792,8.119993827725105,1.5,0,0,4,1550,6.878326468291325,1931,0,2014,6,4,35,54,0,618250.0
5.0,3.0,8.263848131368906,9.472781556562168,2.0,0,0,3,3880,0.0,1972,2003,2014,6,4,23,25,0,1815000.0
2.0,1.75,7.372118028337787,8.544224530467268,1.5,0,3,3,1320,5.602118820879701,1927,2011,2014,6,4,35,74,0,850000.0
5.0,2.0,8.169336395928386,9.146974496354362,1.5,0,0,3,3530,0.0,1925,2002,2014,6,4,35,64,0,930000.0
3.0,2.5,7.384610383176974,8.436416881388949,2.0,0,0,3,1610,0.0,1996,0,2014,6,4,16,17,0,505000.0
3.0,1.75,7.528869256642251,9.660268836790868,1.0,0,0,4,1860,0.0,1971,0,2014,6,4,14,13,0,275000.0
3.0,1.75,7.518064181233078,8.517393171418904,1.0,0,0,4,920,6.825460036255307,1910,0,2014,6,4,35,56,0,499000.0
3.0,2.5,7.659642954564682,8.882114044208821,2.0,0,0,3,2120,0.0,2003,0,2014,6,4,35,62,0,507000.0
4.0,2.5,7.7279755421055585,9.13216259091216,1.0,0,0,5,1500,6.647688373563329,1972,0,2014,6,4,3,5,0,619850.0
3.0,2.5,7.951911381854188,10.793783324133198,1.0,0,3,3,1870,6.878326468291325,1994,0,2014,6,4,7,10,0,500000.0
4.0,1.5,7.107425474110705,9.169622538697624,1.0,0,0,3,1220,0.0,1980,0,2014,6,4,7,10,0,310000.0
4.0,2.5,7.745435610274381,8.313852267398207,2.0,0,0,3,2310,0.0,2008,0,2014,6,4,35,56,0,646000.0
3.0,1.75,7.518064181233078,8.895766604056085,1.0,0,0,3,1840,0.0,1966,1963,2014,6,4,14,13,0,265000.0
3.0,2.5,6.85751406254539,7.01301578963963,2.0,0,0,3,950,0.0,2003,0,2014,6,4,35,46,0,475000.0
4.0,2.25,8.029758520440822,9.036106025364846,2.0,0,0,4,3070,0.0,1970,0,2014,6,4,19,22,0,600000.0
3.0,2.0,7.456454555176209,10.568363851129044,1.0,0,0,3,1730,0.0,1997,0,2014,6,4,21,23,0,470000.0
2.0,1.0,6.825460036255307,9.02905827475689,1.0,0,0,3,920,0.0,1939,1969,2014,6,4,35,65,0,319950.0
3.0,2.75,8.071218539969863,8.809862805379057,2.0,0,0,3,3200,0.0,2004,2003,2014,6,4,33,43,0,712000.0
4.0,2.75,8.010027528481734,9.67990640549087,2.0,0,0,3,3010,0.0,1996,0,2014,6,4,33,43,0,775000.0
3.0,2.25,7.3783837129967145,9.234154550075438,1.0,0,0,3,1090,6.236369590203704,1979,2014,2014,6,4,19,22,0,390000.0
4.0,2.5,7.951911381854188,9.309733115854218,2.0,0,0,3,2840,0.0,2001,0,2014,6,4,19,22,0,585000.0
3.0,2.5,7.796057974316123,9.259225769705994,2.0,0,1,3,2430,0.0,1989,0,2014,6,4,3,3,0,1027000.0
3.0,1.75,7.467942332285852,9.346792495111682,2.0,0,0,4,1750,0.0,1976,1992,2014,6,4,1,1,0,232603.0
3.0,2.25,7.123672785204607,6.856461984594587,3.0,0,0,3,1240,0.0,2008,0,2014,6,4,35,47,0,543000.0
3.0,3.25,7.333676395657684,7.385851078125209,3.0,0,0,3,1530,0.0,2006,0,2014,6,4,35,50,0,607500.0
3.0,3.5,8.128880142125638,9.218209330354878,2.0,0,0,3,3040,5.860786223465865,2012,1912,2014,6,4,25,37,0,750000.0
3.0,2.5,7.749753406274437,8.821142236331891,1.0,0,0,3,2320,0.0,2008,0,2014,6,4,31,32,0,728050.0
4.0,2.5,7.8826922062890254,8.837100411162755,2.0,0,0,3,2650,0.0,2012,1912,2014,6,4,31,32,0,734990.0
3.0,2.5,7.713784616598755,8.883224230278994,2.0,0,0,3,2238,0.0,2011,0,2014,6,4,14,13,0,330000.0
4.0,2.5,7.8713112033234065,8.929832503272403,2.0,0,0,3,2620,0.0,1996,0,2014,6,0,25,34,0,605000.0
3.0,2.75,7.555381944240273,8.893023494394711,1.0,0,0,3,1160,6.621405651764134,1979,2014,2014,6,0,19,22,0,441000.0
4.0,2.5,8.019941687677365,8.79300509129753,2.0,0,0,3,3040,0.0,2003,0,2014,6,0,31,32,0,650000.0
7.0,3.5,8.442685139241176,9.631416327598494,2.0,0,1,3,2860,7.484930283289661,1965,2003,2014,6,0,23,25,0,1950000.0
3.0,1.0,7.313886831633462,8.294299608857235,1.0,0,0,3,900,6.398594934535208,1925,2002,2014,6,0,35,56,0,395000.0
1.0,0.75,5.942799375126701,9.61587214452889,1.0,0,0,3,380,0.0,1963,2008,2014,6,0,6,69,0,245000.0
4.0,3.5,7.9966538754626075,9.581006974541651,2.0,0,0,3,2340,6.447305862541213,1997,0,2014,6,0,23,25,0,905000.0
4.0,3.25,8.016647877057803,9.134970064951407,2.0,0,0,5,3030,0.0,1988,0,2014,6,0,16,17,0,660000.0
4.0,2.5,7.544861068658458,9.412219427985669,1.0,0,0,3,1230,6.493753839851686,1978,0,2014,6,0,27,27,0,378000.0
2.0,1.0,6.947937068614969,8.188966863648876,1.0,0,0,4,1040,0.0,1919,1980,2014,6,0,35,53,0,600000.0
4.0,2.5,7.645397699428633,9.240578555036793,2.0,0,0,3,2090,0.0,1986,0,2014,6,0,33,42,0,632500.0
2.0,2.0,7.427144133408616,8.65817178467581,2.0,0,0,4,1680,0.0,1910,0,2014,6,0,1,1,0,210000.0
2.0,2.5,7.9269635448629785,8.9595686535445,2.0,0,0,3,2770,0.0,2006,0,2014,6,0,31,32,0,754800.0
2.0,1.0,6.928537818164665,8.543055850941965,1.0,0,0,4,1020,0.0,1948,0,2014,6,0,1,1,0,175000.0
3.0,2.25,7.293697720601438,8.445482343862237,2.0,0,0,4,1470,0.0,1985,0,2014,6,0,16,17,0,455000.0
3.0,2.0,7.266128779556451,8.15507488781144,1.0,0,0,3,980,6.111467339502679,1947,2012,2014,6,0,35,47,0,450000.0
4.0,1.75,7.62608275807238,9.298442820197728,1.0,0,3,3,1450,6.398594934535208,1974,0,2014,6,0,20,67,0,790000.0
4.0,1.0,7.640603826393634,8.612685172875459,1.0,0,0,3,1040,6.947937068614969,1941,1994,2014,6,0,35,56,0,480000.0
3.0,2.25,7.962415680121064,9.008346579384707,2.0,0,0,3,2250,6.431331081933479,1995,0,2014,6,0,35,63,0,850000.0
4.0,3.25,8.279189777195004,10.225281154616678,2.0,0,3,3,3440,6.2166061010848646,2000,0,2014,6,0,32,37,0,725000.0
3.0,1.5,7.327123292259293,8.36380888451688,1.0,0,0,3,1020,6.2166061010848646,1949,1998,2014,6,0,35,63,0,380000.0
3.0,1.5,7.438971592395862,9.5563385212508,1.0,0,1,4,1700,0.0,1954,1979,2014,6,0,3,3,0,979000.0
3.0,2.25,7.57095858316901,9.359880439245758,1.0,0,0,4,1100,6.734591659972948,1981,0,2014,6,0,35,71,0,359950.0
4.0,2.25,7.962415680121064,8.604104563405533,2.0,0,1,4,2220,6.478509642208569,1926,1993,2014,6,0,35,65,0,665900.0
3.0,3.25,8.083637203141548,9.028698584086985,2.0,0,0,3,3240,0.0,2001,0,2014,6,0,33,42,0,812000.0
3.0,1.0,7.048386408721883,8.875846177738598,1.0,0,0,4,1150,0.0,1953,1983,2014,6,0,6,69,0,203000.0
3.0,1.5,7.273092595999522,10.258255679654631,1.0,0,0,4,1440,0.0,1975,0,2014,6,0,33,43,0,456000.0
5.0,2.5,7.696667081526462,8.314097335405807,1.5,0,0,5,1420,6.660575149839686,1916,0,2014,6,0,35,47,0,547000.0
3.0,2.0,7.293697720601438,8.998384010052538,1.0,0,0,3,1470,0.0,1987,2000,2014,6,0,10,73,0,280000.0
2.0,1.75,7.473637108496206,8.38958706681109,1.0,0,0,4,880,6.78105762593618,1930,0,2014,6,0,35,47,0,640000.0
3.0,1.75,7.484930283289661,8.997889450200717,1.0,0,0,3,1210,6.3473892096560105,1976,0,2014,6,0,5,9,0,477000.0
4.0,2.25,7.804251383528112,9.952325334619427,1.0,0,2,4,1650,6.68586094706836,1954,1979,2014,6,0,6,68,0,455000.0
3.0,3.5,7.544861068658458,7.444833273892193,2.0,0,0,3,1640,5.5254529391317835,1999,0,2014,6,0,35,47,0,587206.0
3.0,2.5,7.840312983320164,8.6328406149422,2.0,0,0,3,2540,0.0,1999,0,2014,6,0,32,37,0,425000.0
4.0,1.0,7.215975002651466,8.699681400989514,1.5,0,0,3,1360,0.0,1917,2009,2014,6,0,35,54,0,511500.0
2.0,2.0,7.1785454837637,7.952263308657046,2.0,0,0,3,1310,0.0,2004,2003,2014,6,0,21,23,0,218000.0
3.0,2.0,7.32052696227274,8.972717499397138,1.0,0,0,3,1510,0.0,1942,2014,2014,6,0,6,68,0,332000.0
3.0,1.5,7.528869256642251,11.017989594425455,1.0,0,0,4,1140,6.580639137284949,1967,0,2014,6,0,9,26,0,291000.0
4.0,2.0,7.696667081526462,8.94910546953925,1.0,0,0,3,1100,7.00397413672268,1979,2014,2014,6,0,32,36,0,279000.0
4.0,2.5,8.119993827725105,9.354354132115088,2.0,0,0,3,3360,0.0,1988,2000,2014,6,0,19,21,0,950000.0
3.0,2.75,7.81237820598861,9.222861652529854,2.0,0,0,3,2470,0.0,1960,2012,2014,6,0,23,25,0,970500.0
2.0,1.0,7.13966033596492,8.284251797621916,1.0,0,0,3,690,6.3473892096560105,1925,2002,2014,6,0,35,56,0,412000.0
3.0,1.0,7.266128779556451,9.21094019204815,1.5,0,0,4,1430,0.0,1950,1983,2014,6,0,35,62,0,400000.0
3.0,2.25,7.115582126184454,8.912069097970134,1.5,0,0,5,1230,0.0,1913,0,2014,6,0,1,1,0,200000.0
4.0,2.5,7.749753406274437,9.368881400104733,2.0,0,0,3,2320,0.0,1997,0,2014,6,0,27,27,0,397000.0
4.0,2.5,8.098946748943339,8.79920924224139,2.0,0,0,3,3290,0.0,2003,0,2014,6,0,33,43,0,715000.0
4.0,2.5,7.844240718141811,8.470311205516108,2.0,0,0,3,2550,0.0,2005,0,2014,6,0,21,23,0,371000.0
3.0,2.5,7.534228326274089,8.519989278718239,2.0,0,0,3,1870,0.0,2003,0,2014,6,0,5,9,0,458000.0
5.0,3.0,8.042699496897637,9.427868184504756,1.0,0,0,3,1790,7.186144304522325,1977,2004,2014,6,0,5,9,0,436500.0
3.0,2.5,7.507141079727608,8.997889450200717,2.0,0,0,3,1820,0.0,1983,2009,2014,6,0,32,33,0,329950.0
3.0,3.25,8.02322468471667,9.846546762073318,1.0,1,4,4,1650,7.244941546337007,1962,0,2014,6,0,10,73,0,950000.0
4.0,2.0,7.544861068658458,8.74878098951311,2.0,0,0,3,1890,0.0,1997,0,2014,6,0,18,18,0,282000.0
1.0,1.0,6.68586094706836,9.699349742461278,1.0,0,0,2,680,4.795790545596741,1931,0,2014,6,0,35,69,0,250000.0
5.0,2.75,8.089789175789319,9.367429587218957,1.0,0,0,3,1630,7.396948602621014,1964,2000,2014,6,0,3,7,0,681500.0
2.0,1.0,6.7580945044277305,8.79497643168877,1.0,0,0,5,860,0.0,1949,0,2014,6,0,6,69,0,200000.0
5.0,4.0,8.121777419161074,8.962007209588313,2.5,0,2,3,2966,5.993961427306569,1937,1999,2014,6,0,35,74,0,1300000.0
5.0,3.25,8.253488028345904,8.476579508530941,3.0,0,3,3,2750,6.994849985833071,2008,0,2014,6,0,35,64,0,1462497.0
4.0,4.5,8.25608813381491,9.514289416891836,2.0,0,2,3,3000,6.7464121285733745,1998,2006,2014,6,0,3,5,0,995000.0
4.0,2.5,7.621195162809845,9.019905995071678,2.0,0,0,3,2040,0.0,1996,0,2014,6,0,35,65,0,355000.0
3.0,2.25,7.490529402060711,9.231122911158712,1.0,0,0,3,1290,6.2166061010848646,1967,2011,2014,6,0,42,41,0,425000.0
4.0,3.0,8.227108234348146,10.33802590813,2.0,0,0,3,3060,6.523562306149512,1988,2000,2014,6,0,42,41,0,869000.0
3.0,3.25,7.886457270977689,8.294299608857235,2.0,0,0,3,2170,6.19644412779452,2003,0,2014,6,0,35,59,0,915000.0
3.0,2.25,8.080546965824498,9.788862026694824,2.0,0,0,4,3230,0.0,1973,0,2014,6,0,3,5,0,2110000.0
4.0,2.0,8.052296499538647,9.25320827220336,1.0,0,0,4,2040,7.00397413672268,1959,0,2014,6,0,23,25,0,925000.0
6.0,4.5,8.609042845046117,9.287394001418473,2.0,0,3,4,4430,6.957497370876951,1999,0,2014,6,0,35,58,0,2400000.0
3.0,1.0,7.057036981697891,8.229777750081887,1.5,0,0,3,1160,0.0,1910,2006,2014,6,0,35,49,0,390000.0
3.0,2.25,7.528869256642251,9.326165937481774,2.0,0,0,3,1860,0.0,1995,0,2014,6,0,21,23,0,330000.0
4.0,3.0,7.396948602621014,8.939449862164238,1.0,0,0,5,1110,6.255750041753367,1990,0,2014,6,0,35,60,0,482500.0
3.0,2.25,7.467942332285852,7.539027055823995,3.0,0,0,3,1750,0.0,2001,0,2014,6,0,35,50,0,525000.0
3.0,1.0,7.170888478512505,9.007121989469242,1.0,0,0,4,1300,0.0,1960,2001,2014,6,0,32,34,0,237000.0
3.0,1.0,6.8679744089702925,8.897682313454224,1.0,0,0,5,960,0.0,1960,0,2014,6,0,1,1,0,205000.0
3.0,2.5,7.523481312573497,8.959054514715692,2.0,0,0,5,1850,0.0,1989,0,2014,6,0,19,21,0,623000.0
4.0,2.75,8.089789175789319,8.497194544909547,2.0,0,0,3,3260,0.0,2013,1923,2014,6,0,32,37,0,565000.0
4.0,2.25,7.791935956938058,8.978156076009824,1.0,0,0,4,1400,6.928537818164665,1973,0,2014,6,0,36,62,0,400000.0
3.0,1.0,7.2868764117507,9.210440366976517,1.5,0,0,3,1460,0.0,2002,0,2014,6,0,33,42,0,405000.0
4.0,3.0,7.714677473800927,9.048409504829962,2.0,0,0,3,2240,0.0,1992,0,2014,6,0,36,67,0,337000.0
2.0,1.0,7.123672785204607,10.205183470748327,1.0,0,1,3,1000,5.484796933490655,1943,2002,2014,6,0,41,40,0,355000.0
3.0,2.25,7.630946580890459,9.164610520270008,1.0,0,0,4,1610,6.111467339502679,1975,0,2014,6,0,23,25,0,885000.0
5.0,2.75,7.732369222284388,9.241839039035554,1.0,0,0,3,1300,6.8885724595653635,1959,1989,2014,6,0,36,70,0,420000.0
4.0,2.5,7.828436359157585,8.832587702434553,2.0,0,2,3,2510,0.0,2006,0,2014,6,0,21,23,0,448000.0
4.0,2.75,8.055475141757274,8.85879510585745,2.0,0,0,3,3150,0.0,2004,2003,2014,6,0,33,43,0,800000.0
5.0,2.25,7.930565854233965,9.229456489168413,2.0,0,0,4,2780,0.0,1978,2000,2014,6,0,3,6,0,830000.0
6.0,1.75,7.7752758464868625,8.314097335405807,2.0,0,0,3,2380,0.0,1917,2009,2014,6,0,35,48,0,725000.0
3.0,2.25,7.669028288589683,8.006700845440367,2.0,0,0,3,2140,0.0,1905,2006,2014,6,0,35,47,0,780000.0
2.0,1.0,6.734591659972948,8.352318548226004,1.0,0,0,3,840,0.0,1948,1994,2014,6,0,35,63,0,325000.0
4.0,2.25,7.682943169878292,9.17636985240503,1.0,0,0,4,1300,6.769641976852503,1976,1992,2014,6,0,3,5,0,488800.0
4.0,3.5,8.39185670010494,10.49684202174171,2.0,0,0,3,4410,0.0,1989,0,2014,6,0,3,5,0,1320000.0
4.0,2.0,7.659642954564682,9.348361669873558,1.0,0,0,4,1060,6.966967138613983,1940,2001,2014,6,0,35,60,0,489000.0
3.0,2.75,8.098946748943339,10.02791513091118,2.0,0,0,4,3290,0.0,1993,0,2014,6,0,25,34,0,595000.0
5.0,2.25,7.736743682453495,8.912069097970134,1.0,0,0,3,1290,6.90875477931522,1973,2013,2014,6,0,32,36,0,359900.0
3.0,3.0,8.499232866039245,10.681917533624532,2.0,0,0,4,4000,6.814542897259958,1989,0,2014,6,0,3,6,0,1080000.0
4.0,2.75,8.224431573221159,8.989070065043654,2.0,0,0,3,3730,0.0,2012,1912,2014,6,0,33,42,0,925000.0
3.0,2.5,7.80016307039296,8.476579508530941,2.0,0,0,3,2440,0.0,2014,0,2014,6,0,35,49,0,625000.0
3.0,2.5,7.852050207265889,8.434028950155469,2.0,0,0,3,2570,0.0,2014,0,2014,6,0,1,45,0,339990.0
4.0,2.5,7.9966538754626075,8.38958706681109,2.0,0,0,3,2970,0.0,2014,0,2014,6,0,31,31,0,775950.0
5.0,3.0,7.875119281040293,8.055157731819678,2.0,0,0,3,1670,6.8679744089702925,2013,1923,2014,6,0,32,34,0,420000.0
3.0,3.25,7.333676395657684,7.356279876550748,2.0,0,0,3,1280,5.5254529391317835,2005,0,2014,6,0,35,59,0,654000.0
3.0,3.5,8.213652703029998,9.086815885690685,2.0,0,0,3,3690,0.0,2001,0,2014,6,0,38,38,0,725000.0
2.0,1.0,7.115582126184454,7.507141079727608,2.0,0,0,4,830,5.993961427306569,1948,0,2014,6,2,35,50,0,375000.0
3.0,2.5,7.696667081526462,9.90353755128617,1.0,0,1,3,1400,6.68586094706836,1952,2008,2014,6,2,3,3,0,1100000.0
4.0,2.25,7.754052639035757,9.104424146384634,2.0,0,0,3,2330,0.0,1986,0,2014,6,2,31,31,0,639500.0
4.0,2.0,7.6783263565068856,8.748463629942055,1.5,0,1,4,2160,0.0,1928,0,2014,6,2,35,55,0,849000.0
4.0,1.5,7.346655163176539,9.124455632819013,1.0,0,0,3,1000,6.311734809152915,1956,2001,2014,6,2,3,7,0,418000.0
4.0,1.75,7.484930283289661,7.933438387627489,1.0,0,0,4,890,6.792344427470809,1943,0,2014,6,2,35,74,0,442900.0
3.0,1.75,7.8674885686991285,8.620651899784468,1.5,0,0,3,1680,6.836259277277067,1934,1978,2014,6,2,35,56,0,750000.0
3.0,2.5,8.098946748943339,8.82922635473185,2.0,0,0,3,3290,0.0,2000,0,2014,6,2,31,31,0,930000.0
2.0,1.75,7.193685818395112,8.699681400989514,1.0,0,0,4,960,5.916202062607435,1914,1945,2014,6,3,35,74,0,565000.0
4.0,3.5,8.169336395928386,9.575469478561473,2.0,0,1,3,2570,6.8679744089702925,1987,2000,2014,6,3,19,22,0,874150.0
4.0,2.5,7.645397699428633,8.703506769479729,2.0,0,0,3,2090,0.0,1990,2009,2014,6,3,16,17,0,545000.0
4.0,2.5,7.621195162809845,9.036106025364846,1.0,0,0,3,1420,6.431331081933479,1963,2008,2014,6,3,3,5,0,500000.0
4.0,2.5,7.771067086065406,9.218705288307811,2.0,0,0,5,2370,0.0,1966,0,2014,6,3,19,21,0,687000.0
4.0,2.5,7.941295570906532,9.26992916338784,2.0,0,0,3,2810,0.0,1989,0,2014,6,3,3,5,0,810000.0
3.0,2.5,7.62608275807238,10.596734728096406,1.0,0,0,4,1570,6.175867270105761,1977,0,2014,6,3,16,15,0,439500.0
3.0,1.75,7.962415680121064,8.517393171418904,1.5,0,0,4,1840,6.93828448401696,1907,0,2014,6,3,35,64,0,802000.0
4.0,2.5,7.664346632098617,8.895766604056085,1.0,0,0,4,1230,6.803505257608338,1963,0,2014,6,3,3,4,0,732600.0
4.0,2.5,7.855932199718614,8.74209519574531,2.0,0,0,3,2580,0.0,2004,2003,2014,6,3,32,34,0,374000.0
4.0,2.5,7.7752758464868625,9.514215624322715,2.0,0,0,3,2380,0.0,1999,0,2014,6,3,34,72,0,330000.0
4.0,2.0,7.57095858316901,10.150386692204734,1.0,0,0,1,1940,0.0,1962,0,2014,6,1,3,5,0,365000.0
2.0,2.0,7.384610383176974,9.77571099759397,2.0,0,0,3,1610,0.0,1930,1983,2014,6,1,40,71,0,290900.0
3.0,2.5,7.630946580890459,8.657129031713755,1.0,0,0,3,1330,6.594413459749778,1976,0,2014,6,1,35,55,0,577000.0
2.0,1.0,6.918695219020472,8.006700845440367,1.0,0,0,4,1010,0.0,1925,1968,2014,6,1,27,27,0,280000.0
4.0,2.5,7.941295570906532,9.316590491818841,2.0,0,0,3,2810,0.0,1982,0,2014,6,1,33,42,0,675000.0
3.0,2.25,7.7752758464868625,9.377971213360134,1.0,0,0,4,1450,6.836259277277067,1972,0,2014,6,1,23,25,0,800000.0
2.0,1.0,6.966967138613983,8.881975184248867,1.0,0,0,4,1060,0.0,1951,1999,2014,6,1,36,67,0,299995.0
3.0,1.75,7.353081920515432,8.882946799288174,1.0,0,0,3,1250,5.739792912179234,1983,2009,2014,6,1,19,22,0,440000.0
2.0,1.75,7.313886831633462,9.064852065227576,1.0,0,0,4,1500,0.0,1963,0,2014,6,1,9,26,0,249500.0
2.0,1.0,6.878326468291325,8.4252971767117,1.0,0,0,4,970,0.0,1907,0,2014,6,1,35,47,0,690000.0
3.0,1.0,7.065613363597717,9.314790473332646,1.0,0,0,4,1170,0.0,1968,0,2014,6,1,32,37,0,235000.0
3.0,2.5,7.732369222284388,8.911664758049536,2.0,0,0,3,2280,0.0,1998,2006,2014,6,1,1,0,0,320000.0
7.0,3.0,7.937731775260109,9.166388484447,1.0,0,2,3,1400,7.244941546337007,1963,2008,2014,6,1,32,34,0,350000.0
4.0,1.5,7.048386408721883,9.144307401371744,1.5,0,0,3,1150,0.0,1970,2014,2014,6,1,19,22,0,334000.0
6.0,3.0,7.687538766201629,8.981807323377534,2.0,0,0,3,2180,0.0,1980,0,2014,6,1,14,2,0,235000.0
4.0,2.5,7.83241092718792,8.889308319842847,2.0,0,0,3,2520,0.0,1990,2009,2014,6,1,32,37,0,442000.0
3.0,1.75,7.473637108496206,8.920389060080359,1.0,0,0,4,1760,0.0,1966,0,2014,6,1,14,13,0,264000.0
2.0,1.0,7.074116816197362,8.787678239039497,1.0,0,0,4,1180,0.0,1949,1985,2014,6,1,36,62,0,275000.0
2.0,1.5,6.85751406254539,8.439447842791385,1.0,0,0,4,950,0.0,1949,1985,2014,6,1,35,47,0,430000.0
3.0,2.5,7.550135342488429,8.08825472712243,2.0,0,0,3,1900,0.0,1988,2000,2014,6,1,3,6,0,550000.0
4.0,2.5,7.741099090035366,8.725669705687043,2.0,0,0,3,2300,0.0,1999,0,2014,6,1,35,54,0,775000.0
6.0,2.75,7.886457270977689,9.036106025364846,1.0,0,0,5,1550,7.01301578963963,1962,0,2014,6,1,3,5,0,603500.0
4.0,2.5,7.523481312573497,8.525359754082631,1.0,0,0,3,1230,6.431331081933479,1930,2013,2014,6,1,35,61,0,449000.0
4.0,3.5,8.350193650720067,9.92221116653423,2.0,0,0,3,4230,0.0,1997,0,2014,6,1,3,3,0,2075000.0
3.0,2.0,7.0909098220799835,8.523175263093785,1.0,0,0,3,880,5.771441123130016,1937,1999,2014,6,1,35,54,0,420000.0
4.0,2.25,7.7279755421055585,8.537583881063972,1.0,0,0,5,1340,6.836259277277067,1954,0,2014,6,1,35,74,0,735000.0
3.0,1.5,6.994849985833071,9.169622538697624,1.0,0,0,4,1090,0.0,1968,0,2014,6,1,9,26,0,200000.0
3.0,2.75,7.00397413672268,6.621405651764134,2.0,0,0,3,780,5.771441123130016,2008,0,2014,6,1,35,49,0,286000.0
3.0,2.5,7.403061091090091,7.146772179452637,3.0,0,0,3,1640,0.0,2009,0,2014,6,1,35,53,0,579000.0
3.0,3.75,7.576097340623111,9.062536177207788,1.0,0,0,3,1360,6.3818160174060985,1959,1989,2014,6,1,35,71,0,345100.0
3.0,1.75,7.415175109613295,9.225327501784431,1.5,0,0,3,1660,0.0,1957,2000,2014,6,1,36,62,0,350000.0
3.0,1.0,6.78105762593618,9.131188933670746,1.5,0,0,5,880,0.0,1946,0,2014,6,1,36,67,0,291500.0
3.0,2.5,7.313886831633462,7.226936018493289,2.0,0,0,3,1200,5.707110264748875,2014,0,2014,6,1,35,58,0,649950.0
3.0,2.0,7.544861068658458,7.3777589082278725,2.0,0,0,3,1430,6.133398042996649,2012,1912,2014,6,1,35,63,0,458500.0
3.0,1.0,7.048386408721883,8.537191877922927,2.0,0,0,3,1150,0.0,1911,2005,2014,6,1,35,63,0,500000.0
3.0,2.5,7.796057974316123,9.633317905168978,2.0,0,0,3,2430,0.0,1997,0,2014,6,1,18,18,0,362300.0
4.0,1.75,7.65491704784832,8.883085524404578,1.0,0,0,3,1170,6.846943139585379,1975,0,2014,6,1,32,36,0,324000.0
3.0,2.0,7.989899374942939,9.40894529884324,2.0,0,0,4,2310,6.46302945692067,1918,1974,2014,6,1,6,68,0,495000.0
3.0,2.25,7.409136443920128,7.99260665240021,2.0,0,0,3,1650,0.0,1985,0,2014,6,1,18,19,0,233500.0
3.0,2.25,7.65491704784832,9.334326351757174,2.0,0,0,4,2110,0.0,1978,2000,2014,6,1,42,41,0,479000.0
4.0,2.25,7.606387389772652,9.852246888342531,2.0,0,0,4,2010,0.0,1975,0,2014,6,1,9,26,0,322200.0
4.0,2.5,8.016647877057803,10.28069035092632,2.0,0,0,3,3030,0.0,1998,2006,2014,6,1,31,32,0,835000.0
3.0,1.0,7.147559271189454,9.036106025364846,1.0,0,0,3,1270,0.0,1955,2005,2014,6,1,5,9,0,347000.0
3.0,1.75,7.384610383176974,9.061144065614055,1.0,0,0,5,1610,0.0,1962,0,2014,6,1,19,21,0,725000.0
3.0,1.0,7.039660349862076,8.343077871169383,2.0,0,0,4,1140,0.0,1904,0,2014,6,1,35,64,0,345000.0
3.0,2.5,7.65491704784832,8.323365694436081,2.0,0,0,3,2110,0.0,1989,0,2014,6,1,18,26,0,345950.0
3.0,1.75,7.518064181233078,8.998013113095823,1.0,0,0,4,1840,0.0,1964,0,2014,6,1,31,31,0,550000.0
3.0,1.75,7.353081920515432,8.561018670956267,1.0,0,0,4,810,6.621405651764134,1940,2001,2014,6,1,35,60,0,399950.0
3.0,1.75,7.518064181233078,8.910990494656719,1.0,0,0,4,1240,6.398594934535208,1976,1992,2014,6,1,18,19,0,269500.0
4.0,2.5,7.5126175446745105,8.901911226379612,1.0,0,0,4,1540,5.673323267171493,1973,0,2014,6,1,36,70,0,494000.0
4.0,1.75,7.659642954564682,8.912069097970134,1.0,0,0,4,1060,6.966967138613983,1956,0,2014,6,1,3,7,0,453000.0
3.0,1.75,7.3783837129967145,9.238052810542719,1.0,0,0,3,1050,6.311734809152915,1977,2004,2014,6,1,19,22,0,442500.0
4.0,1.75,7.280008252884188,9.092907275084087,1.5,0,0,3,1180,5.602118820879701,1962,2003,2014,6,1,40,69,0,235000.0
3.0,1.75,7.53955882930103,9.458917724547202,1.0,0,0,3,1880,0.0,1959,1989,2014,6,1,20,67,0,389800.0
3.0,1.75,7.147559271189454,8.999742789830492,1.0,0,0,3,880,5.968707559985366,1950,2005,2014,6,1,6,65,0,346000.0
4.0,1.5,7.450660796211539,8.766861821669803,1.0,0,0,3,1720,0.0,1953,0,2014,6,1,35,60,0,360000.0
4.0,2.5,7.783640596221253,8.902727664035522,2.0,0,0,3,2400,0.0,1990,2009,2014,6,1,16,17,0,650000.0
3.0,1.0,7.048386408721883,9.005282288208358,1.0,0,0,4,990,5.081404364984463,1932,1958,2014,6,1,36,67,0,290000.0
2.0,1.0,6.769641976852503,9.314790473332646,1.0,0,0,3,870,0.0,1940,1996,2014,6,1,35,65,0,234000.0
4.0,2.5,7.601402334583733,10.519915662682669,2.0,0,0,3,2000,0.0,1989,0,2014,6,1,18,26,0,260000.0
3.0,2.0,7.791935956938058,10.565711500442564,1.0,0,0,5,1210,7.099201743553092,1949,0,2014,6,1,16,15,0,349900.0
3.0,1.0,6.985641817639208,8.699681400989514,1.0,0,0,4,1080,0.0,1952,0,2014,6,1,36,62,0,275000.0
4.0,2.5,8.137688184977605,10.322559664050509,2.0,0,0,3,3420,0.0,1988,2000,2014,6,1,42,44,0,725000.0
4.0,2.5,7.534228326274089,8.918917979908679,2.0,0,0,3,1870,0.0,1990,2009,2014,6,1,32,33,0,375000.0
3.0,2.5,7.67368812926773,9.014568767457824,2.0,0,0,3,2150,0.0,1992,0,2014,6,1,32,37,0,470000.0
3.0,2.25,7.293697720601438,7.824445930877619,2.0,0,0,3,1080,5.968707559985366,1984,0,2014,6,1,35,56,0,490000.0
5.0,2.0,7.664346632098617,8.338305731356565,1.5,0,0,5,1270,6.7580945044277305,1926,0,2014,6,1,35,55,0,615000.0
3.0,1.0,6.90875477931522,9.862925940780006,1.0,0,0,3,1000,0.0,1968,2010,2014,6,1,18,26,0,249000.0
3.0,1.75,7.779466967458324,8.874867635688053,1.0,0,0,3,1350,6.947937068614969,1955,2005,2014,6,1,35,60,0,396500.0
2.0,1.0,6.7580945044277305,7.8632667240095735,1.0,0,0,4,860,0.0,1901,0,2014,6,1,35,50,0,405000.0
3.0,2.5,7.581209826196346,9.431642228411022,2.0,0,0,4,1960,0.0,1989,0,2014,6,1,25,34,0,560000.0
4.0,2.5,7.601402334583733,8.717354666338522,2.0,0,0,3,2000,0.0,2003,0,2014,6,1,5,9,0,459950.0
3.0,1.0,7.390798521735676,9.153875834995056,1.5,0,0,3,1620,0.0,1928,1954,2014,6,1,35,69,0,265000.0
6.0,2.5,7.969357742016346,9.002454823050954,1.0,0,0,3,1630,7.13966033596492,1977,2004,2014,6,1,3,7,0,502000.0
3.0,1.75,7.170888478512505,9.451873788401983,1.0,0,0,3,1300,0.0,1981,2013,2014,6,1,33,42,0,430000.0
2.0,1.0,6.985641817639208,8.160803920954665,1.0,0,3,3,1080,0.0,1924,2011,2014,6,1,35,47,0,525000.0
4.0,2.5,7.682943169878292,9.05005424204284,1.0,0,3,3,1350,6.710523109452428,1955,2005,2014,6,1,35,71,0,415000.0
3.0,2.5,7.72356247227797,9.22562299550734,2.0,0,0,3,2260,0.0,1987,2000,2014,6,1,33,42,0,600000.0
3.0,1.75,7.365812837209472,9.084890521258767,1.0,0,0,4,1580,0.0,1967,0,2014,6,1,14,2,0,225000.0
4.0,2.5,7.8713112033234065,8.405143687607614,2.0,0,0,3,2620,0.0,2008,0,2014,6,1,9,26,0,300000.0
4.0,2.5,7.340186835320115,7.528869256642251,2.0,0,0,3,1540,0.0,2014,0,2014,6,1,16,17,0,491234.0
4.0,2.5,8.427487278331744,11.218393317568365,2.0,0,4,5,4570,0.0,1948,1985,2014,6,1,35,70,0,1580000.0
4.0,3.25,8.14351740579748,8.944028325260595,2.0,0,0,3,3440,0.0,2006,0,2014,6,1,16,17,0,905000.0
5.0,2.5,7.462214939768189,9.076923258535832,1.0,0,0,4,1740,0.0,1959,0,2014,6,1,10,73,0,199950.0
4.0,1.75,7.6783263565068856,8.374246182096304,1.0,0,0,4,1260,6.803505257608338,1942,1982,2014,6,1,35,56,0,450000.0
3.0,1.0,7.300472814267799,8.850660919017152,2.0,0,0,4,1480,0.0,1949,1985,2014,6,1,43,3,0,899000.0
4.0,3.5,8.271548374755515,10.999830601760195,2.0,0,0,4,2490,7.259116128097101,1987,0,2014,6,1,16,15,0,780000.0
4.0,1.75,7.438971592395862,9.91758767691491,1.5,0,0,3,1340,5.8888779583328805,1965,1993,2014,6,1,11,11,0,400000.0
5.0,2.5,8.405367376233981,10.466668406636046,2.5,0,0,3,4470,0.0,1984,0,2014,6,1,42,41,0,831500.0
3.0,1.75,7.496097345175956,8.699681400989514,1.0,0,0,5,900,6.803505257608338,1905,0,2014,6,1,35,47,0,471001.0
3.0,3.25,7.396948602621014,7.425357887027151,3.0,0,0,3,1630,0.0,2007,0,2014,6,1,35,62,0,385000.0
3.0,1.0,6.93828448401696,9.19370273082316,1.0,0,0,3,1030,0.0,1969,2010,2014,6,1,42,41,0,326000.0
1.0,1.0,6.580639137284949,8.537191877922927,1.0,0,0,3,720,0.0,1907,1983,2014,6,1,35,56,0,335000.0
4.0,1.5,7.544861068658458,10.681917533624532,1.0,0,0,4,1890,0.0,1974,0,2014,6,1,1,45,0,320000.0
4.0,2.5,7.518064181233078,8.621733370690162,2.0,0,0,3,1840,0.0,2004,2003,2014,6,1,18,19,0,300000.0
4.0,2.5,7.840312983320164,9.036106025364846,2.0,0,0,5,2540,0.0,1977,0,2014,6,1,18,20,0,269950.0
4.0,3.75,8.166500319155052,8.280204233279974,1.5,0,0,5,2200,7.186144304522325,1913,0,2014,6,1,35,52,0,1220000.0
4.0,2.5,8.0774471493312,8.971575439759016,1.5,0,0,4,3220,0.0,1966,0,2014,6,1,3,7,0,590000.0
3.0,2.0,7.507141079727608,8.517393171418904,1.5,0,0,4,1720,4.61512051684126,1941,1998,2014,6,1,35,55,0,750000.0
3.0,1.75,7.115582126184454,9.169622538697624,1.0,0,0,4,1230,0.0,1984,0,2014,6,1,9,26,0,239950.0
3.0,2.0,7.201170883281678,9.04852707581358,1.0,0,0,3,1340,0.0,1931,0,2014,6,1,34,69,0,215000.0
3.0,1.0,7.0909098220799835,9.48044384215367,1.0,0,0,3,1200,0.0,1943,2002,2014,6,1,40,69,0,165000.0
3.0,1.75,7.237778191923443,9.809231816610408,1.0,0,0,4,1390,0.0,1962,0,2014,6,1,14,13,0,261350.0
4.0,2.0,7.456454555176209,8.264878262801748,1.0,0,0,5,1060,6.508769136971682,1924,1956,2014,6,1,35,47,0,569000.0
3.0,2.25,7.365812837209472,10.576176891193677,1.0,0,0,3,1180,5.993961427306569,1992,0,2014,6,1,31,32,0,425000.0
4.0,3.0,8.166500319155052,8.496173824192162,1.0,0,0,3,1980,7.340186835320115,1954,2005,2014,6,1,35,50,0,800000.0
4.0,2.5,7.8826922062890254,10.32551474894327,1.0,0,0,4,1680,6.878326468291325,1960,2001,2014,6,1,16,17,0,715000.0
3.0,1.75,7.1785454837637,9.453364978883542,1.0,0,0,3,1310,0.0,1993,0,2014,6,1,32,37,0,337000.0
4.0,2.5,7.741099090035366,8.98594603876032,2.0,0,0,3,2300,0.0,1990,2009,2014,6,1,33,42,0,560000.0
3.0,2.25,7.484930283289661,8.893023494394711,1.0,0,2,3,1340,6.089044875446846,1972,2002,2014,6,1,19,22,0,449500.0
3.0,3.25,7.591357046698551,7.955425088912672,3.0,0,0,3,1980,0.0,1987,2000,2014,6,1,35,47,0,660000.0
2.0,1.5,7.170888478512505,7.424761761823209,1.0,0,2,3,1300,0.0,1943,2002,2014,6,1,35,59,0,685000.0
5.0,3.5,8.160803920954665,9.225819942824568,2.0,0,0,3,2570,6.836259277277067,1996,0,2014,6,1,3,5,0,905000.0
3.0,1.0,7.5126175446745105,8.987821625430815,1.0,0,0,3,1200,6.447305862541213,1960,2012,2014,6,1,35,60,0,403500.0
3.0,2.25,7.327123292259293,7.1276936993473985,3.0,0,0,3,1520,0.0,2004,2003,2014,6,1,35,47,0,405000.0
4.0,2.75,7.901377353792616,10.51899746336892,2.0,0,0,3,2700,0.0,1984,0,2014,6,1,18,26,0,385000.0
3.0,2.75,7.941295570906532,9.837988570303432,2.0,1,4,4,2810,0.0,1974,0,2014,6,1,31,31,0,1700000.0
3.0,2.5,7.415175109613295,8.74257423767064,2.0,0,0,3,1660,0.0,2003,0,2014,6,1,18,26,0,285000.0
3.0,2.0,7.1785454837637,8.815666824946216,1.0,0,0,4,1310,0.0,1990,0,2014,6,1,9,26,0,249900.0
4.0,3.5,7.993282328101591,8.699681400989514,2.0,0,0,3,2960,0.0,2014,0,2014,6,1,38,38,0,633634.0
3.0,2.5,7.715569534520208,8.516392871245468,2.0,0,0,3,2242,0.0,2011,0,2014,6,1,1,45,0,329900.0
3.0,2.5,7.840312983320164,8.471358655072438,2.0,0,0,3,2540,0.0,2006,0,2014,6,1,18,26,0,310000.0
3.0,1.5,7.259116128097101,7.084226422097916,2.0,0,0,3,1140,5.638354669333745,2008,0,2014,6,1,35,64,0,345000.0
3.0,1.5,7.147559271189454,7.7651449029361315,2.0,0,0,3,1270,0.0,2012,1912,2014,6,1,35,51,0,160797.0
3.0,2.25,7.170888478512505,6.811244378601294,2.0,0,0,3,1000,5.707110264748875,2006,0,2014,6,1,35,46,0,562500.0
5.0,3.0,8.068089626278244,8.86531163267185,1.0,0,2,3,1890,7.170888478512505,2013,1923,2014,6,1,35,71,0,664950.0
5.0,3.25,7.976251943745623,8.522777569710138,2.0,0,0,3,2040,6.769641976852503,2013,1923,2014,6,1,35,49,0,515000.0
3.0,2.25,7.396948602621014,8.247482004285693,2.0,0,0,3,1630,0.0,2005,0,2014,6,1,16,17,0,497000.0
5.0,3.0,7.741099090035366,9.01371703047137,2.0,0,0,3,2300,0.0,2013,1923,2014,6,1,14,0,0,312891.0
3.0,2.5,8.105005537547246,8.575650760987806,2.0,0,2,3,2440,6.769641976852503,2008,0,2014,6,1,35,63,0,670000.0
2.0,1.5,6.846943139585379,7.478169694159785,2.0,0,0,3,940,0.0,2009,0,2014,6,1,35,64,0,362500.0
2.0,0.75,6.928537818164665,7.208600337960199,2.0,0,0,3,1020,0.0,2009,0,2014,6,1,35,64,0,402101.0
3.0,1.75,7.327123292259293,8.761080103868347,1.0,0,0,3,790,6.594413459749778,1948,1994,2014,6,5,35,54,0,438000.0
4.0,1.75,7.754052639035757,8.517393171418904,1.5,0,0,4,1510,6.710523109452428,1929,0,2014,6,5,35,56,0,687500.0
3.0,1.5,6.918695219020472,9.169622538697624,1.0,0,0,4,1010,0.0,1962,0,2014,6,5,10,73,0,160000.0
3.0,1.75,6.976348070447749,8.987321812850125,1.0,0,0,3,1070,0.0,1977,2004,2014,6,5,31,31,0,415000.0
3.0,2.5,8.061802274538348,9.453364978883542,2.0,0,0,3,2360,6.698268054115413,1995,0,2014,6,5,14,13,0,405000.0
4.0,2.5,8.016647877057803,8.253748343328501,3.0,0,0,3,3030,0.0,2005,0,2014,6,5,35,56,0,880000.0
3.0,2.5,7.7279755421055585,11.518370613206123,2.0,0,0,3,2270,0.0,1998,2006,2014,6,5,41,40,0,585000.0
4.0,2.5,7.758760544157663,9.1689974084418,2.0,0,0,3,2341,0.0,1997,0,2014,6,5,31,31,0,640000.0
3.0,3.5,7.664346632098617,8.724369949208368,2.0,0,2,5,1530,6.398594934535208,1908,0,2014,6,5,35,74,0,819000.0
3.0,1.75,7.741099090035366,10.48355001802591,1.0,0,0,3,2300,0.0,1984,0,2014,6,5,42,41,0,520000.0
3.0,1.0,7.415175109613295,9.374497958142467,1.0,0,0,4,1160,6.2166061010848646,1978,2000,2014,6,5,42,44,0,367500.0
4.0,2.75,7.8674885686991285,9.078065332666364,1.0,0,0,4,1760,6.7464121285733745,1978,2000,2014,6,5,23,25,0,762500.0
3.0,1.0,7.67368812926773,8.854807632616227,1.0,0,0,3,2150,0.0,1954,2005,2014,6,5,36,70,0,300000.0
3.0,2.5,7.787796878181171,11.0677939443996,1.0,0,0,4,1820,6.3818160174060985,1976,1992,2014,6,5,42,41,0,625000.0
2.0,1.5,7.365812837209472,8.210939733379021,1.0,0,2,3,1280,5.707110264748875,1941,1994,2014,6,5,35,61,0,530000.0
3.0,2.5,7.462214939768189,10.338090662387614,2.0,0,0,3,1740,0.0,1992,0,2014,6,5,27,27,0,379000.0
2.0,1.0,7.147559271189454,8.517393171418904,1.0,0,0,3,1090,5.198497031265826,1949,1998,2014,6,5,35,56,0,615000.0
2.0,2.25,7.844240718141811,8.699681400989514,2.0,0,0,5,1860,6.53813982376767,1902,0,2014,6,5,35,54,0,660000.0
3.0,2.25,7.528869256642251,9.652458797732383,2.0,0,0,4,1860,0.0,1963,0,2014,6,5,12,12,0,380000.0
4.0,1.75,7.901377353792616,10.206292200258018,1.0,0,0,3,1380,7.186144304522325,1958,2004,2014,6,5,14,2,0,314900.0
3.0,1.5,7.2868764117507,9.072341873818893,1.0,0,0,3,1460,0.0,1955,2005,2014,6,5,6,68,0,324950.0
3.0,1.75,7.193685818395112,9.480596490604585,1.0,0,0,3,1330,0.0,1968,1997,2014,6,5,14,2,0,225000.0
3.0,2.5,7.635786861395585,8.326758814511733,2.0,0,0,3,2070,0.0,1999,0,2014,6,5,33,42,0,535000.0
3.0,1.5,7.215975002651466,9.280519206597429,1.0,0,0,4,1360,0.0,1966,0,2014,6,5,32,37,0,348500.0
4.0,2.5,7.8826922062890254,9.814437735702617,2.0,0,0,3,2650,0.0,1986,0,2014,6,5,3,4,0,725000.0
4.0,3.0,8.183397369998433,10.470561175840706,1.5,0,0,3,3580,0.0,1985,0,2014,6,5,42,41,0,925000.0
2.0,1.0,7.618251097876695,9.502487461387123,1.0,1,4,5,1159,6.775366090936392,1947,0,2014,6,5,41,40,0,549000.0
3.0,2.0,7.115582126184454,9.342595951096653,1.0,0,0,3,990,5.484796933490655,1984,0,2014,6,5,33,42,0,400000.0
4.0,2.5,7.804251383528112,10.922118242774605,2.0,0,0,3,2450,0.0,1994,0,2014,6,5,31,32,0,620000.0
6.0,2.75,7.951911381854188,9.029657471850737,1.0,0,0,5,1420,7.259116128097101,1961,0,2014,6,5,35,57,0,665000.0
4.0,3.75,8.2482674474469,10.888837820341777,1.0,0,0,3,3820,0.0,1994,0,2014,6,5,42,41,0,1215000.0
3.0,2.5,7.916078096302786,8.68710472813351,2.0,0,2,3,2740,0.0,1913,1992,2014,6,5,35,53,0,1157400.0
4.0,2.5,7.645397699428633,8.573573524852344,2.0,0,0,3,2090,0.0,1989,0,2014,6,5,32,36,0,349950.0
5.0,4.75,8.762646029650282,9.486531677712465,2.0,0,0,3,4560,7.5126175446745105,1940,1996,2014,6,5,35,53,0,2466350.0
4.0,2.0,7.81237820598861,8.533263371593732,1.5,0,0,3,1970,6.2166061010848646,1948,1988,2014,6,5,35,49,0,339000.0
3.0,1.75,7.450660796211539,8.314097335405807,1.0,0,0,4,960,6.634633357861686,1924,0,2014,6,5,35,64,0,615000.0
4.0,3.25,8.036249942132116,9.166597449028265,2.0,0,0,3,2370,6.580639137284949,2004,2003,2014,6,5,31,31,0,751000.0
4.0,1.75,7.749753406274437,8.249575150000199,1.5,0,0,5,1820,6.2166061010848646,1926,0,2014,6,5,35,48,0,941000.0
4.0,1.75,7.462214939768189,8.94910546953925,1.0,0,0,5,1740,0.0,1968,0,2014,6,5,3,7,0,600000.0
4.0,2.5,7.989899374942939,8.412499120301572,2.0,0,0,3,2950,0.0,2005,0,2014,6,5,32,37,0,455000.0
0.0,0.0,8.478660241699453,10.240281166081672,2.0,0,0,3,4810,0.0,1990,2009,2014,6,5,31,32,0,1295648.0
3.0,2.5,7.313886831633462,8.596558746796978,1.0,0,0,5,900,6.398594934535208,1920,0,2014,6,5,35,63,0,485000.0
3.0,1.5,7.501634457883413,11.514813681167466,1.0,0,0,5,1810,0.0,1969,0,2014,6,5,12,12,0,358000.0
3.0,1.0,7.00397413672268,8.32579052588609,1.0,0,0,4,720,5.942799375126701,1942,1982,2014,6,5,35,61,0,339000.0
3.0,1.0,7.307202314764738,8.914088348841334,1.0,0,0,3,1120,5.916202062607435,1969,2010,2014,6,5,10,73,0,258000.0
2.0,1.5,7.0909098220799835,7.138866999945524,2.0,0,0,3,1000,5.303304908059076,2013,1923,2014,6,5,35,64,0,455000.0
4.0,2.5,7.544861068658458,9.04852707581358,1.0,0,0,3,1290,6.398594934535208,1980,0,2014,6,5,31,31,0,437000.0
3.0,1.75,7.696667081526462,9.194312610898985,1.0,0,0,5,1500,6.55250788703459,1978,0,2014,6,5,3,5,0,689000.0
4.0,2.5,7.828436359157585,8.98632143762602,1.0,0,0,3,1610,6.803505257608338,1978,0,2014,6,5,18,20,0,319000.0
3.0,2.25,7.259116128097101,7.177782416195197,3.0,0,0,3,1420,0.0,2006,0,2014,6,5,35,47,0,510000.0
3.0,1.75,7.601402334583733,9.200391041122515,1.0,0,2,4,1480,6.255750041753367,1957,2001,2014,6,5,26,68,0,440000.0
2.0,2.0,7.2868764117507,9.11085147347544,1.0,0,2,5,1460,0.0,1900,0,2014,6,5,19,21,0,1010000.0
4.0,2.5,8.0774471493312,10.025218341107275,2.0,0,0,3,3220,0.0,1996,0,2014,6,5,42,44,0,875000.0
4.0,2.0,7.1785454837637,9.042513261332681,1.0,0,0,4,1310,0.0,1953,1983,2014,6,5,36,67,0,304000.0
2.0,1.0,6.53813982376767,8.571870752706934,1.0,0,0,4,690,0.0,1942,1982,2014,6,5,32,34,0,139000.0
3.0,1.75,7.048386408721883,9.255982729854884,1.0,0,0,5,1150,0.0,1959,0,2014,6,5,3,5,0,464500.0
3.0,1.0,7.300472814267799,8.893572718629306,1.0,0,0,3,970,6.236369590203704,1963,2008,2014,6,5,36,62,0,336500.0
4.0,1.75,7.523481312573497,8.699681400989514,1.0,0,0,4,1270,6.364750756851911,1944,0,2014,6,5,35,71,0,230000.0
3.0,2.5,7.565793282428515,8.412054873292933,2.0,0,0,3,1930,0.0,1990,2009,2014,6,5,16,17,0,425000.0
2.0,1.0,6.621405651764134,8.54110501146255,1.0,0,0,4,750,0.0,1941,1998,2014,6,5,35,61,0,300000.0
3.0,2.25,7.266128779556451,7.602900462204755,2.0,0,0,3,980,6.111467339502679,1996,0,2014,6,5,35,64,0,457500.0
3.0,1.75,7.518064181233078,9.344958673700944,1.0,0,0,4,1340,6.2166061010848646,1977,0,2014,6,5,32,37,0,366000.0
3.0,2.0,7.170888478512505,9.571574905170932,1.0,0,0,3,1300,0.0,1955,2013,2014,6,5,3,5,0,502000.0
3.0,1.0,6.957497370876951,8.933004591578547,1.0,0,0,3,1050,0.0,1983,2009,2014,6,5,14,13,0,194000.0
4.0,2.25,7.701200180857446,9.145481799627687,2.0,0,0,4,2210,0.0,1968,0,2014,6,5,18,20,0,305000.0
4.0,2.5,8.0774471493312,9.65509029374725,1.0,0,0,5,1680,7.340186835320115,1973,0,2014,6,5,3,5,0,1250000.0
4.0,2.5,8.438366410870266,9.942419762537915,2.0,0,0,4,4620,0.0,1991,0,2014,6,5,14,13,0,575000.0
4.0,1.75,7.473637108496206,8.733110697638708,1.0,0,2,4,1180,6.364750756851911,1950,1983,2014,6,5,35,71,0,343500.0
3.0,1.0,6.7464121285733745,8.840290669088972,1.0,0,0,3,850,0.0,1948,1994,2014,6,5,36,67,0,325000.0
4.0,3.25,8.453401058328458,9.611194867526663,2.0,0,2,3,3680,6.918695219020472,1995,0,2014,6,5,20,67,0,600000.0
4.0,3.5,8.27410200229233,10.521992002599978,2.0,0,0,3,3920,0.0,1996,0,2014,6,5,31,32,0,850000.0
3.0,2.5,7.669028288589683,8.248529124800218,2.0,0,0,3,2140,0.0,2005,0,2014,6,5,16,17,0,420000.0
2.0,2.0,7.074116816197362,9.134107065976593,1.0,0,0,3,1180,0.0,1940,1996,2014,6,5,35,60,0,257500.0
5.0,2.5,7.766840537085513,9.339261152043022,1.0,0,0,4,1180,7.074116816197362,1962,0,2014,6,5,35,71,0,317000.0
3.0,2.25,8.026496938945412,9.205428327615163,1.5,0,2,4,1810,7.1316985104669115,1930,0,2014,6,5,35,64,0,970000.0
3.0,2.25,7.421177528595393,8.97233695775495,1.0,0,0,4,1190,6.175867270105761,1977,0,2014,6,5,18,19,0,252000.0
3.0,1.5,7.507141079727608,8.65817178467581,1.5,0,0,3,1640,5.198497031265826,1946,0,2014,6,5,35,58,0,683500.0
3.0,2.5,7.58629630715272,9.170351363759819,2.0,0,0,3,1090,6.78105762593618,1988,2000,2014,6,5,1,0,0,289000.0
2.0,2.25,6.836259277277067,6.617402977974478,2.0,0,0,3,630,5.707110264748875,2007,0,2014,6,5,35,64,0,355000.0
3.0,3.5,7.741099090035366,8.632662441222351,1.0,0,0,3,2300,0.0,2004,2003,2014,6,5,31,32,0,675000.0
3.0,2.5,7.85979918056211,9.851193757814993,1.0,0,0,4,2590,0.0,1976,1992,2014,6,5,18,26,0,396500.0
4.0,1.75,7.280008252884188,9.042040056544483,1.0,0,0,3,1450,0.0,1960,2012,2014,6,5,16,15,0,362500.0
4.0,1.75,7.340186835320115,8.54110501146255,1.0,0,0,5,770,6.647688373563329,1943,0,2014,6,5,35,61,0,395000.0
5.0,2.75,7.912423121473705,10.024509780783578,1.0,0,0,3,2080,6.478509642208569,1968,1992,2014,6,5,33,43,0,599000.0
3.0,1.0,6.78105762593618,9.809506489065233,1.0,0,0,4,880,0.0,1945,0,2014,6,5,35,71,0,218000.0
4.0,2.5,8.068089626278244,9.011401509358791,2.0,0,0,3,3190,0.0,2006,0,2014,6,5,21,23,0,589950.0
3.0,1.5,7.193685818395112,8.936035096566041,1.0,0,0,4,1330,0.0,1968,0,2014,6,5,14,13,0,218000.0
3.0,1.75,7.313886831633462,8.881975184248867,1.0,0,0,3,1500,0.0,1957,2000,2014,6,5,36,62,0,360000.0
2.0,1.0,6.608000625296087,8.946505025998682,1.0,0,0,4,740,0.0,1922,0,2014,6,5,35,61,0,350000.0
4.0,3.0,7.848153086199526,8.631771096123673,2.0,0,0,3,2560,0.0,2004,2003,2014,6,5,1,45,0,350000.0
3.0,2.0,7.840312983320164,8.46611040118692,1.5,0,0,5,1840,6.55250788703459,1930,0,2014,6,5,35,56,0,845000.0
4.0,3.0,8.11102783819368,8.294299608857235,1.0,0,0,3,1790,7.340186835320115,1958,2004,2014,6,5,35,47,0,850000.0
2.0,1.0,6.803505257608338,8.560444233410552,1.0,0,0,4,900,0.0,1956,0,2014,6,5,35,65,0,329950.0
4.0,1.5,7.3783837129967145,8.729235349659273,1.5,0,0,3,1600,0.0,1946,0,2014,6,5,35,57,0,425000.0
2.0,1.0,6.878326468291325,8.612685172875459,1.0,0,0,3,970,0.0,1956,2001,2014,6,5,35,57,0,210000.0
2.0,1.0,7.030857476116121,7.878912912297133,1.0,0,0,4,1130,0.0,1927,0,2014,6,5,35,52,0,631500.0
2.0,1.0,6.478509642208569,8.594339400592892,1.0,0,0,3,650,0.0,1950,2005,2014,6,5,35,59,0,295000.0
3.0,2.25,7.783640596221253,8.517393171418904,1.5,0,0,4,1440,6.8679744089702925,1926,1993,2014,6,5,35,56,0,575000.0
3.0,2.5,7.732369222284388,8.704833909687792,2.0,0,0,3,2280,0.0,2011,0,2014,6,5,11,11,0,415000.0
4.0,2.25,8.174984532943087,9.539716058977092,1.0,0,0,3,1830,7.450660796211539,2010,0,2014,6,5,3,5,0,859000.0
4.0,2.5,7.62608275807238,7.927685045615778,2.0,0,0,3,2050,0.0,2012,1912,2014,6,5,16,17,0,639888.0
2.0,1.5,6.7226297948554485,7.02108396428914,2.0,0,0,3,830,0.0,2005,0,2014,6,5,35,64,0,329445.0
4.0,2.5,7.80016307039296,8.486940148245216,2.0,0,0,3,2440,0.0,2013,1923,2014,6,5,31,31,0,745641.0
3.0,2.5,7.3783837129967145,7.5688956634069955,2.0,0,0,3,1600,0.0,2007,0,2014,6,5,35,51,0,395000.0
4.0,3.5,8.068089626278244,10.356186058125473,2.0,0,0,3,3190,0.0,2010,0,2014,6,5,16,15,0,790000.0
4.0,1.0,7.844240718141811,8.294299608857235,2.0,0,0,3,2370,5.198497031265826,1905,2010,2014,6,6,35,52,0,890000.0
3.0,2.5,7.687538766201629,8.923857580099885,1.0,0,0,4,1420,6.634633357861686,1962,0,2014,6,6,36,62,0,400000.0
3.0,2.0,7.252053951852814,9.169622538697624,1.0,0,0,4,1410,0.0,1983,0,2014,6,6,42,41,0,365500.0
3.0,2.0,7.252053951852814,8.658866349732383,1.0,0,0,3,1410,0.0,1985,0,2014,6,6,18,18,0,245000.0
4.0,2.5,7.75833346749091,9.053569596026234,2.0,0,0,3,2340,0.0,1993,0,2014,6,6,18,19,0,390000.0
3.0,1.0,7.186144304522325,9.105090961257085,1.0,0,0,3,1320,0.0,1966,1963,2014,6,6,1,0,0,196500.0
4.0,1.75,8.291797105048733,9.508294505698569,2.0,0,0,3,3990,0.0,2006,0,2014,6,6,25,37,0,1200000.0
3.0,1.0,7.147559271189454,8.931551966694522,1.0,0,0,4,1270,0.0,1958,1972,2014,6,6,32,34,0,276900.0
3.0,4.5,8.385032287813898,10.758859869440865,2.0,1,3,3,3720,6.493753839851686,1968,1990,2014,6,6,6,68,0,995000.0
4.0,3.25,8.35490952835879,9.056139690898883,2.0,0,0,3,4250,0.0,2004,2003,2014,6,6,3,3,0,2300000.0
3.0,2.5,7.528869256642251,8.9947928972836,2.0,0,0,4,1860,0.0,1987,0,2014,6,6,16,17,0,505000.0
4.0,3.5,8.235095497258357,10.51961869044739,2.0,0,0,3,2830,6.846943139585379,1989,0,2014,6,6,3,6,0,1229000.0
4.0,1.0,7.333676395657684,9.09279480812114,1.0,0,0,3,980,6.311734809152915,1925,2002,2014,6,6,35,49,0,352000.0
4.0,4.0,8.18060094759445,9.018089684104343,2.0,0,0,3,2860,6.566672429803241,2013,1923,2014,6,6,23,25,0,597326.0
2.0,1.0,7.462214939768189,8.651724084373843,1.0,0,0,3,1740,0.0,1955,2005,2014,6,6,35,47,0,800000.0
3.0,2.5,7.421177528595393,9.031811613420924,1.0,0,0,4,1300,5.916202062607435,1990,0,2014,6,6,9,26,0,270000.0
4.0,2.0,7.359467638255621,9.150165648940114,2.0,0,0,4,1570,0.0,1984,0,2014,6,6,1,45,0,235000.0
2.0,2.5,7.372118028337787,7.520776415062797,2.0,0,0,3,1590,0.0,1997,0,2014,6,6,19,21,0,409900.0
5.0,2.5,8.000014093678072,8.59007183682881,2.0,0,0,3,2980,0.0,2006,0,2014,6,6,31,31,0,739900.0
4.0,2.5,7.897668150726906,8.463159302923751,2.0,0,0,3,2690,0.0,2001,0,2014,6,6,31,32,0,608000.0
2.0,1.0,6.803505257608338,7.976251943745623,1.0,0,0,5,900,0.0,1924,1956,2014,6,6,35,54,0,381500.0
2.0,0.75,7.273092595999522,8.216358332386156,1.0,0,0,3,1200,5.484796933490655,1914,1996,2014,6,6,35,50,0,562100.0
4.0,2.5,8.006700845440367,9.248887781588422,2.0,0,0,3,3000,0.0,1995,0,2014,6,6,16,15,0,740000.0
3.0,1.0,7.403061091090091,9.806150319647172,1.5,0,0,3,1640,0.0,1942,1999,2014,6,6,35,69,0,308000.0
5.0,3.5,8.03947991910045,9.23024103368252,1.0,0,4,3,1660,7.273092595999522,1970,2014,2014,6,6,3,7,0,905000.0
4.0,3.5,8.294299608857235,9.632597042724184,2.0,0,0,3,4000,0.0,2007,0,2014,6,6,38,38,0,762000.0
4.0,2.0,7.611347717403621,10.793311098195112,1.5,0,0,3,2020,0.0,1949,1998,2014,6,6,27,27,0,356000.0
3.0,1.5,7.518064181233078,8.517393171418904,1.5,0,0,5,1340,6.2166061010848646,1915,0,2014,6,6,35,50,0,750000.0
4.0,2.25,7.650168700845001,9.208839245849916,1.0,0,0,4,1290,6.698268054115413,1973,0,2014,6,6,17,16,0,418800.0
4.0,2.25,7.8083230503910555,9.328212292571072,1.0,0,0,4,2460,0.0,1959,0,2014,6,6,1,1,0,276000.0
3.0,2.5,7.8674885686991285,8.924123891686012,2.0,0,0,3,2610,0.0,1996,0,2014,6,6,31,31,0,725000.0
3.0,2.0,7.2868764117507,8.760609847570002,1.0,0,0,3,1460,0.0,1995,0,2014,6,6,21,23,0,285000.0
3.0,1.0,6.957497370876951,9.047703788498627,1.0,0,0,3,1050,0.0,1958,2004,2014,6,6,18,19,0,205000.0
3.0,2.5,7.490529402060711,9.005159521036145,2.0,0,0,3,1790,0.0,1989,0,2014,6,6,33,42,0,583000.0
4.0,2.5,7.687538766201629,8.124446855715847,1.5,0,0,4,1420,6.634633357861686,1926,1993,2014,6,6,35,56,0,657000.0
4.0,2.25,7.62608275807238,9.16785032035523,2.0,0,2,3,1770,5.638354669333745,1965,1993,2014,6,6,10,73,0,386000.0
5.0,3.0,7.934155233536322,9.87508807801443,1.0,0,3,5,1500,7.1631723908466425,1973,0,2014,6,6,32,36,0,589950.0
3.0,2.25,7.438971592395862,8.111928063310739,1.5,0,0,3,1100,6.398594934535208,1924,2011,2014,6,6,35,56,0,575000.0
3.0,2.5,7.7752758464868625,8.829519094780778,2.0,0,0,3,2380,0.0,2002,0,2014,6,6,38,38,0,574000.0
5.0,2.0,7.601402334583733,8.345692873253865,1.5,0,2,4,1280,6.580639137284949,1908,0,2014,6,6,35,53,0,690500.0
2.0,1.75,7.421177528595393,8.296297112642508,1.0,0,0,3,1670,0.0,2005,0,2014,6,6,16,17,0,565000.0
3.0,1.5,7.0825485693553,8.46611040118692,1.0,0,0,3,970,5.3981627015177525,1940,1996,2014,6,6,35,50,0,500000.0
6.0,2.25,8.019941687677365,10.258921727038727,1.0,0,0,3,1890,7.048386408721883,1951,1994,2014,6,6,18,18,0,330000.0
2.0,1.0,6.660575149839686,8.153637486385282,1.0,0,0,4,780,0.0,1930,0,2014,6,6,27,27,0,286000.0
3.0,1.5,7.754052639035757,9.370842268630211,1.0,0,0,3,1330,6.90875477931522,1954,2005,2014,6,6,20,67,0,450000.0
4.0,2.75,7.951911381854188,8.294299608857235,1.5,0,0,5,1960,6.78105762593618,1912,0,2014,6,6,35,64,0,870000.0
4.0,2.5,7.820439515262181,8.550821372396221,2.0,0,0,4,2490,0.0,2000,0,2014,6,6,31,31,0,725000.0
2.0,1.0,6.647688373563329,8.484876589939695,1.0,0,0,4,770,0.0,1927,0,2014,6,6,35,61,0,275000.0
3.0,2.75,7.523481312573497,9.738671869871839,1.0,0,2,4,1850,0.0,1953,1983,2014,6,6,35,70,0,645000.0
3.0,1.0,6.994849985833071,8.09101504171053,1.0,0,0,4,1090,0.0,1969,0,2014,6,6,1,45,0,152000.0
4.0,2.0,7.484930283289661,8.582418976333944,1.5,0,0,5,930,6.7464121285733745,1918,0,2014,6,6,35,71,0,315000.0
1.0,0.75,6.836259277277067,10.283942497640124,1.0,0,0,3,930,0.0,1941,1994,2014,6,6,35,71,0,190000.0
4.0,2.5,7.9269635448629785,8.645938147306799,2.0,0,0,3,2770,0.0,2004,2003,2014,6,6,33,43,0,700000.0
3.0,1.0,7.1316985104669115,8.729235349659273,1.5,0,0,3,1250,0.0,1955,2005,2014,6,6,36,67,0,233000.0
4.0,2.25,7.5126175446745105,8.722091302389098,2.0,0,0,3,1830,0.0,1990,2009,2014,6,6,18,18,0,249000.0
2.0,1.0,6.769641976852503,8.594339400592892,1.0,0,0,3,870,0.0,1950,2007,2014,6,6,35,61,0,310000.0
3.0,1.5,7.048386408721883,9.042040056544483,1.0,0,0,4,1150,0.0,1951,1999,2014,6,6,35,71,0,265950.0
5.0,3.25,8.412054873292933,9.174609562020384,2.0,0,4,4,3000,7.313886831633462,1968,0,2014,6,6,35,60,0,860000.0
3.0,1.0,7.048386408721883,8.476579508530941,1.5,0,0,4,1150,0.0,1938,0,2014,6,6,1,1,0,200000.0
4.0,2.25,7.601402334583733,8.208764045819667,2.0,0,0,5,1650,5.860786223465865,1926,0,2014,6,6,35,56,0,402000.0
6.0,2.0,7.550135342488429,9.016876974763383,1.0,0,0,2,1200,6.55250788703459,1964,0,2014,6,6,35,60,0,305000.0
3.0,1.75,7.403061091090091,9.27762511878178,1.0,0,2,3,1640,0.0,1975,0,2014,6,6,19,22,0,505000.0
3.0,1.5,7.893945138235959,8.471358655072438,2.0,0,2,5,1880,6.68586094706836,1913,0,2014,6,6,35,52,0,1355000.0
3.0,2.5,7.791935956938058,8.896724917497897,2.0,0,0,3,2420,0.0,1998,2006,2014,6,6,38,38,0,482000.0
3.0,1.75,7.490529402060711,8.942591637231851,1.0,0,3,3,1790,0.0,1978,0,2014,6,6,14,13,0,299950.0
4.0,2.5,8.27410200229233,9.426741242423,2.0,0,0,3,3920,0.0,1997,0,2014,6,6,33,43,0,770000.0
3.0,2.25,7.403061091090091,9.036106025364846,1.0,0,0,3,1180,6.133398042996649,1968,1997,2014,6,6,18,20,0,245700.0
3.0,1.0,6.792344427470809,9.036106025364846,1.0,0,0,4,890,0.0,1954,1979,2014,6,6,32,34,0,283000.0
4.0,2.75,7.555381944240273,9.713113662551345,1.0,0,0,4,1420,6.19644412779452,1940,2001,2014,6,6,35,56,0,650000.0
5.0,2.25,7.669028288589683,8.976009475021396,1.0,0,0,3,1070,6.976348070447749,1962,2003,2014,6,6,3,6,0,530000.0
3.0,1.75,7.616283561580385,9.746892220313054,1.0,0,0,4,2030,0.0,1953,1983,2014,6,6,6,68,0,440000.0
3.0,2.25,7.893945138235959,9.122928914965213,1.0,0,0,3,1570,7.01301578963963,1978,0,2014,6,6,16,15,0,599990.0
4.0,2.5,7.616283561580385,8.287780027088433,2.0,0,0,3,2030,0.0,1994,0,2014,6,6,16,17,0,544000.0
5.0,3.5,8.674367865788236,10.03828064887766,2.0,0,2,4,4670,7.074116816197362,1978,2000,2014,6,6,3,3,0,1700000.0
2.0,1.0,7.630946580890459,9.035867930125628,1.0,0,0,3,1260,6.68586094706836,1962,2003,2014,6,6,35,69,0,270000.0
2.0,1.0,6.966967138613983,8.01862546504575,1.5,0,0,4,1060,0.0,1943,0,2014,6,6,35,48,0,435000.0
3.0,1.0,6.918695219020472,9.010058489805235,1.0,0,0,4,1010,0.0,1947,1988,2014,6,6,36,67,0,349000.0
4.0,2.5,7.601402334583733,9.215526898663482,2.0,0,0,3,2000,0.0,1997,0,2014,6,6,21,23,0,320000.0
4.0,2.5,8.029758520440822,8.998013113095823,2.0,0,0,3,3070,0.0,2005,0,2014,6,6,25,37,0,804100.0
3.0,2.25,7.147559271189454,7.249215057114389,2.0,0,0,3,1060,5.351858133476067,2014,0,2014,6,6,35,48,0,594000.0
4.0,2.75,8.042699496897637,10.81508729892216,1.0,0,0,4,3110,0.0,1958,1972,2014,6,6,4,8,0,531500.0
3.0,2.0,7.65491704784832,9.842462850698354,2.0,0,0,5,2110,0.0,1979,0,2014,6,6,33,43,0,1150000.0
3.0,2.25,7.244941546337007,9.34145634983372,2.0,0,0,3,1400,0.0,1984,0,2014,6,6,17,16,0,374500.0
4.0,2.75,7.745435610274381,8.639587799629844,1.0,0,2,3,1330,6.8885724595653635,1952,2012,2014,6,6,35,57,0,450000.0
5.0,2.5,7.901377353792616,9.715409458629793,1.0,0,0,4,1750,6.85751406254539,1967,0,2014,6,6,3,4,0,744500.0
5.0,2.25,7.771067086065406,9.64943366106433,2.0,0,0,4,2370,0.0,1981,0,2014,6,6,3,5,0,913888.0
4.0,2.5,7.923348211930154,8.699681400989514,2.0,0,0,5,2230,6.274762021241939,1942,0,2014,6,6,35,54,0,760000.0
2.0,1.75,7.384610383176974,8.748463629942055,1.0,0,0,3,1010,6.398594934535208,1941,1994,2014,6,6,35,51,0,346500.0
3.0,1.75,7.115582126184454,9.018089684104343,1.0,0,0,3,1230,0.0,1966,1963,2014,6,6,32,36,0,280000.0
3.0,1.75,7.550135342488429,9.320628725870305,1.0,0,0,4,1900,0.0,1959,0,2014,6,6,3,7,0,557500.0
3.0,1.5,7.365812837209472,9.010058489805235,1.0,0,0,3,1140,6.089044875446846,1954,2005,2014,6,6,10,66,0,260000.0
3.0,1.5,7.57095858316901,7.9676267393338165,1.5,0,2,3,1940,0.0,1900,2005,2014,6,6,35,58,0,1330000.0
3.0,1.75,7.390798521735676,8.699681400989514,1.0,0,0,5,1040,6.364750756851911,1947,0,2014,6,6,35,47,0,640000.0
7.0,2.5,7.57095858316901,8.605020901781758,2.0,0,0,3,1940,0.0,1994,0,2014,6,6,1,45,0,280000.0
3.0,1.0,7.115582126184454,9.076923258535832,1.0,0,0,3,1230,0.0,1965,1993,2014,6,6,14,2,0,205000.0
5.0,3.25,8.058643712215618,8.517393171418904,2.0,0,2,3,2180,6.8885724595653635,2005,0,2014,6,6,35,74,0,957000.0
5.0,2.5,7.901377353792616,9.962180898875346,1.0,0,0,4,1950,6.621405651764134,1955,2009,2014,6,6,3,4,0,625000.0
4.0,1.5,7.53955882930103,8.732465848349879,1.0,0,2,5,1440,6.089044875446846,1954,0,2014,6,6,35,65,0,680000.0
2.0,1.0,6.792344427470809,8.999742789830492,1.0,0,0,3,890,0.0,1942,1999,2014,6,6,6,65,0,150000.0
3.0,2.5,7.450660796211539,8.209852481301272,2.0,0,0,3,1720,0.0,1992,0,2014,6,6,18,19,0,255950.0
3.0,2.5,7.390798521735676,8.947285869349132,2.0,0,0,3,1620,0.0,1989,0,2014,6,6,21,23,0,246500.0
2.0,1.0,7.2305631534092925,8.387312270561717,1.0,0,0,4,880,6.2166061010848646,1931,0,2014,6,6,35,54,0,450000.0
3.0,1.75,7.534228326274089,9.105090961257085,1.0,0,0,5,1870,0.0,1958,0,2014,6,6,35,70,0,595888.0
3.0,1.0,7.58629630715272,10.0053670163573,1.0,0,0,4,1970,0.0,1970,0,2014,6,6,38,38,0,454000.0
3.0,1.0,7.01301578963963,9.058819564334941,1.0,0,0,3,1110,0.0,1979,2014,2014,6,6,36,67,0,299900.0
3.0,2.0,7.0825485693553,8.829665432675236,1.0,0,0,3,1190,0.0,1995,0,2014,6,6,1,45,0,200000.0
3.0,1.0,7.048386408721883,9.37610901542907,1.0,0,0,4,1150,0.0,1932,1958,2014,6,6,35,49,0,346500.0
4.0,2.75,7.969357742016346,8.828494129466652,1.0,0,0,3,1560,7.193685818395112,1973,2013,2014,6,6,19,22,0,585000.0
3.0,1.75,7.313886831633462,9.505320746909074,1.0,0,0,3,1500,0.0,1977,2004,2014,6,6,42,41,0,383000.0
4.0,2.5,7.576097340623111,7.870165946469845,1.5,0,0,4,1250,6.55250788703459,1910,0,2014,6,6,35,50,0,519000.0
3.0,1.5,7.1316985104669115,8.94910546953925,1.0,0,0,5,1250,0.0,1968,0,2014,6,6,25,34,0,410000.0
4.0,2.5,7.635786861395585,8.59711281459211,2.0,0,0,3,2070,0.0,1996,0,2014,6,6,16,17,0,578000.0
4.0,3.5,8.446985296372741,9.764168012286715,2.0,0,2,3,4660,0.0,2003,0,2014,6,6,3,5,0,1280000.0
2.0,2.25,7.208600337960199,7.309212365692763,2.0,0,0,3,1050,5.707110264748875,2007,0,2014,6,6,35,63,0,395000.0
3.0,2.5,7.496097345175956,7.934155233536322,2.0,0,0,3,1800,0.0,2011,0,2014,6,6,35,61,0,364000.0
3.0,2.25,7.301147805856032,7.944846711001996,2.0,0,0,3,1481,0.0,2012,1912,2014,6,6,1,1,0,240000.0
3.0,2.5,7.456454555176209,8.188966863648876,2.0,0,0,3,1730,0.0,2014,0,2014,6,6,35,65,0,328423.0
4.0,2.75,7.908754738783246,8.4368504387337,2.0,0,0,3,2720,0.0,2005,0,2014,6,6,17,16,0,594000.0
3.0,2.5,7.749753406274437,7.7266536648476425,3.0,0,0,3,2320,0.0,2009,0,2014,6,6,35,70,0,425000.0
3.0,2.5,7.528869256642251,8.224431573221159,2.0,0,0,3,1860,0.0,2012,1912,2014,6,6,11,11,0,309620.0
5.0,2.5,7.613818684808629,8.95686647085414,2.0,0,0,3,2025,0.0,2007,0,2014,6,6,28,28,0,260000.0
3.0,2.5,7.244941546337007,7.180069874302796,3.5,0,0,3,1400,0.0,2007,0,2014,6,6,35,47,0,563500.0
5.0,3.0,7.8713112033234065,8.608495349823023,2.0,0,0,3,2620,0.0,2009,0,2014,6,6,35,54,0,975000.0
3.0,1.75,7.804251383528112,7.898039690764619,2.0,0,0,3,1750,6.55250788703459,1915,0,2014,6,4,35,58,0,937000.0
3.0,3.5,7.372118028337787,7.005789019253503,3.0,0,0,3,1590,0.0,2010,0,2014,6,4,35,47,0,518500.0
4.0,3.5,8.146419323098003,8.96610085736724,2.0,0,0,3,3450,0.0,2007,0,2014,6,4,3,5,0,1050000.0
3.0,2.25,7.484930283289661,9.69836808706617,2.0,0,0,4,1780,0.0,1987,0,2014,6,4,32,36,0,350000.0
4.0,2.5,8.026496938945412,8.87360810154911,2.0,0,0,3,3060,0.0,2006,0,2014,6,4,16,17,0,826000.0
3.0,2.0,7.438971592395862,9.348013177101256,1.0,0,0,5,970,6.594413459749778,1945,0,2014,6,4,6,65,0,225000.0
4.0,2.0,7.193685818395112,8.687273461787838,1.0,0,0,4,1330,0.0,1942,1982,2014,6,4,32,34,0,235867.0
4.0,3.0,8.026496938945412,8.517393171418904,2.0,0,0,3,3060,0.0,2001,0,2014,6,4,9,26,0,399000.0
3.0,1.5,7.107425474110705,8.699681400989514,1.0,0,0,3,1220,0.0,1968,1997,2014,6,4,32,35,0,177500.0
4.0,1.5,7.3783837129967145,9.136693831807884,1.0,0,0,4,1600,0.0,1959,0,2014,6,4,1,1,0,224000.0
4.0,1.75,7.333676395657684,9.779340559793246,1.5,0,0,3,1530,0.0,1968,1997,2014,6,4,32,36,0,302000.0
3.0,2.5,7.591357046698551,9.544309478379278,1.0,0,0,5,1980,0.0,1959,0,2014,6,4,23,25,0,760000.0
3.0,2.5,7.456454555176209,9.046762057999363,1.0,0,0,3,1210,6.255750041753367,1969,2010,2014,6,4,19,22,0,460000.0
3.0,1.0,7.065613363597717,8.81001204797317,1.0,0,0,3,1170,0.0,1957,2000,2014,6,4,35,60,0,415000.0
2.0,1.75,7.576097340623111,9.284241179815718,1.0,0,3,4,1160,6.673297967767654,1952,0,2014,6,4,6,68,0,669000.0
3.0,2.0,7.293697720601438,9.90353755128617,1.0,0,0,4,1470,0.0,1968,0,2014,6,4,1,45,0,254600.0
3.0,1.5,7.244941546337007,9.087155271405804,1.0,0,0,4,1400,0.0,1952,0,2014,6,4,35,60,0,357250.0
4.0,3.5,8.304247465078474,10.829332497215095,2.0,0,0,3,4040,0.0,1987,2000,2014,6,4,42,44,0,910000.0
6.0,3.0,8.042699496897637,8.517393171418904,1.5,0,0,5,1810,7.170888478512505,1921,0,2014,6,4,35,47,0,725000.0
3.0,1.5,7.307202314764738,8.38958706681109,1.5,0,0,4,1490,0.0,1906,1990,2014,6,4,35,59,0,670000.0
4.0,1.5,7.479299637782834,8.657129031713755,2.0,0,0,3,1770,0.0,1947,2012,2014,6,4,35,55,0,440000.0
4.0,3.5,8.108021221376747,9.89600966268017,1.0,0,2,4,2040,7.155396301896734,1977,0,2014,6,4,23,25,0,1025000.0
2.0,1.0,6.85751406254539,8.57866451350434,1.0,0,2,3,950,0.0,1948,1994,2014,6,4,35,61,0,320000.0
4.0,2.5,7.796057974316123,8.612503371220562,2.0,0,0,3,2430,0.0,2002,0,2014,6,4,9,26,0,310000.0
4.0,2.5,7.886457270977689,9.287394001418473,1.0,0,0,3,2660,0.0,1955,2014,2014,6,4,3,4,0,772650.0
4.0,2.5,7.890208213109961,9.382443228575806,2.0,0,0,3,2670,0.0,1996,0,2014,6,4,33,42,0,669950.0
5.0,3.5,7.908754738783246,8.935771938669784,2.0,0,0,3,1860,6.7580945044277305,1993,0,2014,6,4,35,54,0,690000.0
4.0,2.5,8.071218539969863,10.028003427233696,1.0,0,0,5,1610,7.372118028337787,1970,0,2014,6,4,18,19,0,385000.0
3.0,2.5,7.816416983691801,10.541227725824335,1.5,1,3,4,2480,0.0,1974,0,2014,6,4,41,40,0,663000.0
3.0,2.25,7.484930283289661,9.249176395761381,1.0,0,0,3,1780,0.0,1967,2011,2014,6,4,32,36,0,300000.0
2.0,1.75,7.372118028337787,9.330520532232288,1.0,0,0,4,1590,0.0,1972,0,2014,6,4,1,1,0,225500.0
3.0,2.0,7.346655163176539,10.439278922319867,1.5,0,0,3,1550,0.0,1999,0,2014,6,4,27,27,0,320000.0
3.0,2.75,7.955425088912672,9.60245002503719,1.0,0,0,4,1920,6.836259277277067,1976,1992,2014,6,4,3,5,0,775000.0
3.0,2.75,7.8636512654486515,8.678631537293768,1.5,0,2,5,1600,6.90875477931522,1929,0,2014,6,4,35,55,0,805000.0
4.0,1.0,7.115582126184454,8.910720661951359,1.5,0,0,3,1230,0.0,1944,0,2014,6,4,6,68,0,252750.0
5.0,2.0,7.640603826393634,9.687691938884457,1.0,0,0,5,1740,5.831882477283517,1959,0,2014,6,4,1,0,0,254000.0
6.0,3.5,8.188966863648876,8.83579236650274,2.0,0,0,3,2740,6.7580945044277305,2004,2003,2014,6,4,38,38,0,620000.0
4.0,2.75,7.65491704784832,9.077037524661762,1.0,0,0,3,1510,6.398594934535208,1962,2003,2014,6,4,5,9,0,435000.0
4.0,2.5,7.844240718141811,9.85314117809939,1.0,0,0,4,1300,7.1316985104669115,1961,2001,2014,6,4,20,67,0,460000.0
3.0,2.5,7.409136443920128,8.807621489536043,2.0,0,0,3,1650,0.0,1991,0,2014,6,4,18,19,0,268000.0
2.0,1.5,7.223295679562314,7.108244139731541,2.0,0,0,3,1080,5.673323267171493,2008,0,2014,6,4,35,59,0,446000.0
2.0,1.0,6.918695219020472,8.881975184248867,1.0,0,0,3,1010,0.0,1975,0,2014,6,4,20,67,0,285000.0
3.0,2.0,7.754052639035757,10.187613308785131,2.5,0,0,3,2330,0.0,1987,2000,2014,6,4,3,4,0,530000.0
2.0,1.0,6.431331081933479,7.814399633804487,1.0,0,0,5,620,0.0,1911,1984,2014,6,4,35,50,0,402000.0
3.0,1.5,7.804251383528112,9.433323910489028,1.0,0,0,4,2450,0.0,1967,0,2014,6,4,38,38,0,358000.0
4.0,2.75,7.836369760545124,8.902591637374087,1.0,0,0,5,1280,7.1316985104669115,1977,0,2014,6,4,14,13,0,354950.0
4.0,2.5,7.7057128238944275,8.445267451844648,2.0,0,0,3,2220,0.0,2001,0,2014,6,4,32,37,0,405000.0
5.0,3.0,8.213652703029998,10.813961399088718,1.0,0,2,3,2690,6.90875477931522,1960,2012,2014,6,4,10,73,0,575000.0
4.0,2.5,7.57095858316901,9.23024103368252,1.0,0,0,4,1140,6.68586094706836,1977,0,2014,6,4,18,26,0,315000.0
4.0,2.25,7.635786861395585,8.902591637374087,2.0,0,0,4,2070,0.0,1977,0,2014,6,4,18,20,0,280927.0
4.0,2.5,7.6783263565068856,8.965334573804839,1.0,0,0,4,1390,6.647688373563329,1976,1992,2014,6,4,20,67,0,440000.0
4.0,2.25,7.8636512654486515,9.200391041122515,1.0,0,0,3,1600,6.90875477931522,1965,1993,2014,6,4,35,71,0,270000.0
4.0,2.75,7.9658927350845286,8.294299608857235,1.5,0,0,3,2100,6.660575149839686,1912,2000,2014,6,4,35,64,0,755000.0
4.0,2.25,7.72356247227797,8.881975184248867,2.0,0,0,4,2260,0.0,1984,0,2014,6,4,18,19,0,289659.0
5.0,3.0,8.200013648175434,8.843759381917984,2.0,0,0,3,3640,0.0,2004,2003,2014,6,4,21,23,0,555000.0
3.0,1.5,7.333676395657684,10.0715834020661,1.0,0,0,3,1530,0.0,1952,2008,2014,6,4,20,67,0,450000.0
3.0,2.5,7.820439515262181,8.294299608857235,2.0,0,0,5,1670,6.710523109452428,1918,0,2014,6,4,35,52,0,1145000.0
3.0,1.75,7.273092595999522,9.374837343857585,1.0,0,0,3,1440,0.0,1983,2009,2014,6,4,33,42,0,495000.0
3.0,3.0,8.232440158470336,9.04793908261736,2.5,0,3,4,3060,6.55250788703459,1910,0,2014,6,4,35,55,0,1250000.0
4.0,1.75,7.450660796211539,8.850230965588816,1.0,0,0,3,1420,5.707110264748875,1975,0,2014,6,4,31,31,0,580000.0
4.0,2.5,7.816416983691801,9.702655732983077,1.0,0,0,5,1510,6.878326468291325,1959,0,2014,6,4,17,16,0,560000.0
4.0,3.5,8.291797105048733,8.569406062863171,2.0,0,0,3,3990,0.0,2008,0,2014,6,4,3,5,0,1080000.0
2.0,1.75,6.734591659972948,8.114025442356757,1.0,0,0,3,700,4.948759890378168,1912,1994,2014,6,4,35,50,0,450000.0
3.0,2.0,7.7279755421055585,9.39182824802156,1.0,0,0,4,2270,0.0,1968,0,2014,6,4,23,25,0,815000.0
4.0,2.5,7.855932199718614,8.608312784783722,2.0,0,0,3,2580,0.0,2005,0,2014,6,4,18,19,0,354000.0
3.0,1.75,7.365812837209472,8.798001694924846,1.0,0,0,3,1580,0.0,1988,2000,2014,6,4,14,2,0,279900.0
2.0,1.0,6.85751406254539,8.981555940771887,1.0,0,0,4,950,0.0,1941,1998,2014,6,4,35,51,0,339000.0
4.0,3.5,8.068089626278244,8.525359754082631,2.0,0,3,3,2160,6.93828448401696,2003,0,2014,6,4,35,64,0,1340000.0
4.0,2.75,7.8713112033234065,8.464635940677562,1.0,0,2,4,1310,7.1785454837637,1949,1985,2014,6,4,35,56,0,815000.0
3.0,1.75,7.640603826393634,11.235787606394119,1.0,0,0,3,2080,0.0,1958,2004,2014,6,4,19,21,0,800000.0
3.0,2.0,7.415175109613295,8.224163512637862,1.0,0,0,5,970,6.53813982376767,1922,1956,2014,6,4,35,55,0,638000.0
3.0,1.75,7.327123292259293,9.31343832997975,1.0,0,0,3,1520,0.0,1983,2009,2014,6,4,33,42,0,475580.0
3.0,1.0,7.039660349862076,10.231387437026681,1.0,0,0,4,1140,0.0,1981,0,2014,6,4,16,15,0,243800.0
3.0,2.5,8.083637203141548,8.989319566042951,2.0,0,0,3,2910,5.802118375377063,2004,2003,2014,6,4,38,38,0,600000.0
3.0,2.0,7.8083230503910555,10.629682587142273,1.0,0,0,4,2460,0.0,1988,0,2014,6,4,16,15,0,620000.0
4.0,2.75,7.467942332285852,8.533263371593732,1.5,0,0,3,1750,0.0,1903,2005,2014,6,4,35,59,0,750000.0
3.0,1.75,7.796057974316123,8.517393171418904,2.0,0,0,4,1760,6.508769136971682,1945,0,2014,6,4,35,56,0,626000.0
3.0,1.0,6.966967138613983,9.205026277152413,1.0,0,0,4,1060,0.0,1956,0,2014,6,4,34,72,0,230000.0
3.0,3.0,7.787796878181171,8.919988070968524,2.0,0,2,3,2410,0.0,1942,1988,2014,6,4,20,67,0,537000.0
2.0,1.0,6.580639137284949,8.99230873254815,1.0,0,0,3,720,0.0,1943,2002,2014,6,4,6,68,0,210000.0
3.0,1.75,7.13966033596492,9.142810715182584,1.0,0,0,4,1260,0.0,1963,0,2014,6,4,18,18,0,200500.0
3.0,1.0,7.403061091090091,9.42424134192346,1.0,0,0,4,1090,6.311734809152915,1954,1979,2014,6,4,14,2,0,253500.0
3.0,1.0,7.1785454837637,9.170871628065816,1.0,0,0,3,960,5.860786223465865,1962,2003,2014,6,4,1,0,0,150000.0
3.0,1.5,7.659642954564682,8.74687531957003,1.0,0,0,4,1220,6.803505257608338,1949,1985,2014,6,4,35,51,0,440000.0
3.0,1.0,7.099201743553092,9.171911345356401,1.0,0,1,3,1210,0.0,1955,2009,2014,6,4,3,5,0,660000.0
3.0,2.75,7.85979918056211,9.397981090247738,2.0,0,0,3,2590,0.0,1993,0,2014,6,4,3,5,0,695000.0
4.0,2.5,7.719129840906732,8.926251835034533,2.0,0,0,3,2250,0.0,1989,0,2014,6,4,32,37,0,440000.0
4.0,3.0,8.304247465078474,9.90358754753646,1.0,0,0,3,2020,7.611347717403621,1972,2001,2014,6,4,8,3,0,1388000.0
3.0,1.0,6.994849985833071,8.811503250158239,1.5,0,0,5,1090,0.0,1912,0,2014,6,4,1,1,0,219500.0
3.0,1.5,7.415175109613295,9.65509029374725,2.0,0,0,3,1660,0.0,1981,2013,2014,6,4,1,0,0,220000.0
2.0,1.0,7.484930283289661,11.302476001714904,1.0,0,3,4,1780,0.0,1954,1979,2014,6,4,1,0,0,270000.0
4.0,3.5,8.12296471523406,8.517393171418904,2.0,0,2,3,2470,6.803505257608338,2008,0,2014,6,4,35,61,0,900000.0
5.0,3.0,8.407601514786142,8.517393171418904,2.5,0,0,5,3420,6.966967138613983,1902,0,2014,6,4,35,53,0,1990000.0
4.0,2.5,8.003363058629947,9.729729226402661,2.0,0,0,3,2990,0.0,1990,2009,2014,6,4,42,44,0,800000.0
5.0,2.0,7.732369222284388,9.852246888342531,1.5,0,0,3,2280,0.0,1924,2011,2014,6,4,6,68,0,365000.0
3.0,3.0,7.816416983691801,8.612685172875459,2.0,0,3,3,1730,6.621405651764134,1950,2005,2014,6,4,35,74,0,1387800.0
5.0,2.75,7.9483852851118995,9.096723645189215,1.5,0,0,3,2830,0.0,1967,2011,2014,6,4,19,22,0,451000.0
2.0,1.0,6.825460036255307,8.931948346431495,1.0,0,0,4,920,0.0,1950,1983,2014,6,4,6,69,0,202000.0
4.0,2.25,8.086717920303906,9.722265391185474,2.0,0,0,3,3250,0.0,1979,2014,2014,6,4,22,24,0,1410000.0
2.0,1.75,7.123672785204607,8.766861821669803,1.0,0,0,5,1240,0.0,1924,1956,2014,6,4,35,61,0,471000.0
4.0,2.5,8.080546965824498,9.401043372798053,1.0,0,0,3,1870,7.215975002651466,1977,2004,2014,6,4,3,5,0,827000.0
5.0,2.5,7.824445930877619,9.16785032035523,1.0,0,0,3,1300,7.0909098220799835,1979,2014,2014,6,4,10,73,0,235000.0
2.0,1.75,7.237778191923443,8.40804774415544,1.0,0,0,4,1390,0.0,1980,0,2014,6,4,10,73,0,216500.0
5.0,1.75,7.57095858316901,8.803123730829212,1.5,0,0,4,1940,0.0,1953,1983,2014,6,4,6,68,0,359000.0
3.0,2.0,7.550135342488429,8.987571750367046,1.0,0,0,3,1900,0.0,1991,0,2014,6,4,14,13,0,252500.0
3.0,1.5,7.7752758464868625,9.581972891547895,1.0,0,0,4,1850,6.274762021241939,1961,2001,2014,6,4,17,16,0,370000.0
3.0,2.0,7.300472814267799,8.262816937670928,1.0,0,0,5,860,6.431331081933479,1928,1970,2014,6,4,35,56,0,663000.0
4.0,3.75,8.149312843635345,8.815666824946216,2.0,0,0,3,3460,0.0,2013,1923,2014,6,4,32,37,0,971971.0
4.0,3.0,7.565793282428515,8.016977746762262,1.0,0,0,3,1200,6.594413459749778,2006,0,2014,6,4,11,11,0,330675.0
4.0,1.0,7.0909098220799835,7.683403681053826,1.5,0,0,3,1200,0.0,1933,0,2014,6,4,35,62,0,240000.0
3.0,2.5,7.478734825567875,8.899048433885268,2.0,0,0,3,1769,0.0,2012,1912,2014,6,4,1,45,0,334888.0
3.0,2.5,7.820439515262181,8.420902531097951,2.5,0,0,3,2490,0.0,2012,1912,2014,6,4,32,37,0,414000.0
4.0,3.25,8.026496938945412,8.268475388982598,2.0,0,0,3,2300,6.634633357861686,2014,0,2014,6,4,16,15,0,782900.0
4.0,2.75,8.016647877057803,8.798756582859841,2.0,0,0,3,3030,0.0,2011,0,2014,6,4,32,37,0,525000.0
3.0,2.5,7.771067086065406,8.585599224080298,2.0,0,0,3,2370,0.0,2009,0,2014,6,4,11,11,0,429900.0
3.0,3.25,7.223295679562314,6.81783057145415,2.0,0,0,3,1100,5.602118820879701,2006,0,2014,6,4,35,55,0,390000.0
3.0,1.75,7.313886831633462,9.39007525287337,1.0,0,0,3,1500,0.0,2014,0,2014,6,4,4,8,0,224000.0
3.0,2.25,7.447751280047908,8.827614750837508,2.0,0,0,3,1715,0.0,1995,0,2014,6,0,14,2,0,257500.0
2.0,1.0,7.01301578963963,8.071218539969863,1.0,0,0,3,1110,0.0,1925,2002,2014,6,0,35,58,0,665000.0
5.0,2.75,7.783640596221253,8.993551586299981,2.0,0,0,3,2400,0.0,1998,2006,2014,6,0,1,45,0,327000.0
4.0,2.75,8.068089626278244,9.30301070681749,2.0,0,0,3,3190,0.0,1994,0,2014,6,0,33,43,0,687500.0
3.0,2.25,7.783640596221253,8.575650760987806,1.5,0,0,4,1250,7.048386408721883,1939,1989,2014,6,0,35,56,0,672500.0
3.0,1.0,6.966967138613983,8.91918561004543,1.0,0,0,3,1060,0.0,1959,1989,2014,6,0,10,73,0,140000.0
2.0,1.75,7.107425474110705,9.65509029374725,1.0,0,0,3,1220,0.0,1972,2002,2014,6,0,1,0,0,215500.0
4.0,2.25,7.611347717403621,9.038958755220563,1.0,0,0,4,1380,6.46302945692067,1979,0,2014,6,0,19,22,0,464900.0
4.0,2.25,7.741099090035366,8.94910546953925,1.0,0,0,3,1380,6.825460036255307,1959,1989,2014,6,0,35,60,0,417000.0
4.0,2.75,7.741099090035366,10.533002467851217,1.0,0,3,5,1550,6.621405651764134,1979,0,2014,6,0,41,40,0,453000.0
3.0,2.5,7.415175109613295,7.343426229147367,2.0,0,2,3,1400,5.564520407322694,2002,0,2014,6,0,35,52,0,700000.0
4.0,3.0,8.268988209506656,9.18512512283512,1.0,0,4,5,2520,7.2305631534092925,1972,0,2014,6,0,3,5,0,1619999.0
3.0,1.75,7.409136443920128,9.421411342056123,1.0,0,0,3,1650,0.0,1957,2000,2014,6,0,34,72,0,259500.0
4.0,2.5,7.65491704784832,10.465728463248274,1.0,0,0,4,1290,6.710523109452428,1985,0,2014,6,0,16,15,0,460000.0
3.0,1.75,7.581209826196346,8.761080103868347,1.0,0,0,4,980,6.8885724595653635,1939,1989,2014,6,0,35,54,0,561500.0
4.0,2.5,7.9269635448629785,11.05277711255522,2.0,0,0,3,2770,0.0,1997,0,2014,6,0,7,10,0,641000.0
4.0,1.75,7.80016307039296,8.902591637374087,1.0,0,0,3,1610,6.7226297948554485,1978,0,2014,6,0,18,20,0,330000.0
2.0,1.0,7.186144304522325,9.033722518098907,1.0,0,0,3,1320,0.0,1953,0,2014,6,0,35,70,0,447000.0
4.0,2.5,7.852050207265889,8.490027523343468,2.0,0,0,3,2570,0.0,2005,0,2014,6,0,21,23,0,320000.0
2.0,1.0,6.846943139585379,8.525359754082631,1.0,0,0,3,940,0.0,1926,2003,2014,6,0,35,61,0,212700.0
2.0,1.0,6.55250788703459,8.476579508530941,1.0,0,0,3,700,0.0,1922,2008,2014,6,0,35,59,0,260000.0
3.0,2.0,7.244941546337007,10.73070660463555,2.0,0,0,4,1400,0.0,1981,0,2014,6,0,41,40,0,410000.0
4.0,2.5,7.544861068658458,8.97055917950895,2.0,0,0,3,1890,0.0,1996,0,2014,6,0,21,23,0,355000.0
2.0,1.0,6.580639137284949,9.34145634983372,1.0,0,0,5,720,0.0,1951,0,2014,6,0,36,62,0,275500.0
3.0,1.75,7.787796878181171,9.09884999594282,1.0,0,0,4,1860,6.311734809152915,1967,0,2014,6,0,32,36,0,415000.0
3.0,2.5,7.396948602621014,8.981052985901483,1.0,0,0,3,1320,5.739792912179234,1985,0,2014,6,0,18,26,0,279000.0
5.0,1.75,7.754052639035757,9.569621915779866,1.0,0,0,4,1180,7.048386408721883,1968,0,2014,6,0,32,37,0,350000.0
2.0,2.25,7.193685818395112,9.29090601981575,2.0,0,0,3,1330,0.0,1985,0,2014,6,0,17,16,0,355000.0
4.0,2.25,8.068089626278244,9.358587948436385,2.0,0,0,3,2300,6.792344427470809,1984,0,2014,6,0,33,42,0,750000.0
3.0,1.75,7.244941546337007,8.748463629942055,1.0,0,0,3,1400,0.0,1998,2006,2014,6,0,12,12,0,235000.0
3.0,1.0,6.878326468291325,9.16785032035523,1.0,0,0,4,970,0.0,1967,0,2014,6,0,14,13,0,209950.0
3.0,1.75,6.918695219020472,9.169622538697624,1.0,0,0,5,1010,0.0,1969,0,2014,6,0,9,26,0,230000.0
3.0,2.5,8.183397369998433,10.905056493665374,1.5,0,0,3,3580,0.0,1990,2009,2014,6,0,21,23,0,725000.0
2.0,1.0,6.957497370876951,7.852050207265889,1.0,0,0,5,850,5.303304908059076,1927,0,2014,6,0,35,56,0,430000.0
5.0,2.5,7.824445930877619,8.881975184248867,1.0,0,0,4,1490,6.918695219020472,1977,0,2014,6,0,31,31,0,661500.0
3.0,3.0,7.875119281040293,8.496378051702317,2.0,0,0,3,2630,0.0,2006,0,2014,6,0,31,31,0,738000.0
3.0,1.0,6.814542897259958,9.081369990679223,1.0,0,0,3,910,0.0,1966,1963,2014,6,0,35,66,0,221000.0
3.0,2.5,7.8674885686991285,10.463131911491967,2.0,0,0,3,2610,0.0,1988,2000,2014,6,0,42,41,0,665000.0
3.0,2.5,7.450660796211539,8.731497794063243,2.0,0,0,3,1720,0.0,1998,2006,2014,6,0,1,45,0,255000.0
5.0,2.75,8.202756381655638,9.495368926962401,2.0,0,0,5,2750,6.803505257608338,1969,0,2014,6,0,23,25,0,1195000.0
3.0,1.75,7.621195162809845,10.029855851350934,1.0,0,0,4,2040,0.0,1980,0,2014,6,0,18,26,0,355000.0
5.0,2.5,8.089789175789319,10.098272780745283,1.5,0,1,4,2310,6.85751406254539,1950,1983,2014,6,0,20,67,0,755000.0
3.0,1.5,7.372118028337787,9.095153962167066,1.0,0,0,3,1590,0.0,1956,2001,2014,6,0,17,16,0,300000.0
4.0,1.0,7.273092595999522,8.867990898182093,1.5,0,0,3,1440,0.0,1906,2014,2014,6,0,35,50,0,500000.0
2.0,1.0,6.803505257608338,8.131824785007195,1.0,0,0,5,900,0.0,1905,0,2014,6,0,35,51,0,191000.0
6.0,4.0,8.045908742270779,8.352554369474591,2.0,0,2,4,2090,6.93828448401696,1993,0,2014,6,0,35,49,0,315000.0
3.0,2.5,6.966967138613983,7.337587743538596,2.0,0,0,3,1060,0.0,2000,0,2014,6,0,35,56,0,415000.0
4.0,2.5,8.006700845440367,9.189525232262262,2.0,0,0,3,3000,0.0,2002,0,2014,6,0,21,23,0,394000.0
3.0,2.5,7.7102051944325325,8.58466490653125,2.0,0,0,3,2230,0.0,2000,0,2014,6,0,38,38,0,490000.0
5.0,1.75,7.544861068658458,8.517393171418904,1.5,0,0,3,1090,6.68586094706836,1906,2014,2014,6,0,35,50,0,523460.0
4.0,3.5,8.33110454805304,9.692643056808935,2.0,0,0,3,4150,0.0,2006,0,2014,6,0,1,45,0,550000.0
3.0,1.75,7.484930283289661,9.250522161609014,1.0,0,0,3,1280,6.2166061010848646,1981,2013,2014,6,0,32,36,0,342000.0
4.0,2.5,7.905072849498666,8.792397742356906,2.0,0,0,3,2710,0.0,2003,0,2014,6,0,32,37,0,560000.0
4.0,4.25,8.387312270561717,9.53488460916053,2.0,0,3,3,3320,6.976348070447749,2003,0,2014,6,0,16,17,0,1050000.0
2.0,1.5,7.403061091090091,8.314097335405807,1.5,0,0,5,1540,4.61512051684126,1916,0,2014,6,0,35,48,0,710000.0
3.0,2.25,7.421177528595393,8.476579508530941,1.5,0,3,3,1670,0.0,1903,2005,2014,6,0,35,58,0,1020000.0
3.0,2.5,7.852050207265889,9.252633284166434,2.0,0,0,3,2570,0.0,1989,0,2014,6,0,18,19,0,399950.0
2.0,1.0,7.313886831633462,8.137688184977605,1.0,0,0,3,1500,0.0,1902,0,2014,6,0,35,47,0,480000.0
3.0,1.0,7.905072849498666,9.852246888342531,2.0,0,3,4,2710,0.0,1950,1983,2014,6,0,6,68,0,410000.0
4.0,1.75,7.95892649305011,10.786262865072466,1.0,0,0,3,1710,7.048386408721883,1978,0,2014,6,0,42,44,0,530000.0
2.0,0.75,6.734591659972948,10.612581898425521,1.0,1,4,4,840,0.0,1937,0,2014,6,0,41,40,0,528000.0
4.0,2.5,8.003363058629947,9.0953783535065,2.0,0,0,4,2990,0.0,1991,0,2014,6,0,32,36,0,469900.0
5.0,1.0,7.065613363597717,8.818482267274236,1.0,0,0,4,800,5.916202062607435,1944,0,2014,6,0,35,60,0,397000.0
3.0,1.5,7.0909098220799835,8.738895704934043,1.0,0,0,3,1030,5.14166355650266,1952,2008,2014,6,0,35,53,0,718500.0
2.0,1.0,6.928537818164665,8.999742789830492,1.0,0,0,3,1020,0.0,1940,1996,2014,6,0,35,69,0,195000.0
2.0,1.0,6.814542897259958,9.006509131694346,1.0,0,0,4,910,0.0,1948,0,2014,6,0,36,67,0,285000.0
1.0,1.0,6.55250788703459,7.824445930877619,1.0,0,0,4,700,0.0,1907,0,2014,6,0,35,49,0,295000.0
4.0,1.75,7.791935956938058,10.540090836284206,1.0,0,0,4,1880,6.293419278846481,1981,0,2014,6,0,31,32,0,602000.0
3.0,1.75,7.576097340623111,9.072571442231286,1.0,0,0,3,1950,0.0,1960,2012,2014,6,0,32,33,0,235000.0
4.0,2.5,8.026496938945412,8.699681400989514,2.0,0,0,3,3060,0.0,2012,1912,2014,6,0,21,23,0,465000.0
4.0,1.0,7.237778191923443,9.798182590890704,1.0,0,0,3,1390,0.0,1955,2013,2014,6,0,18,20,0,234000.0
2.0,1.5,7.0909098220799835,7.431299675155903,3.0,0,0,3,1200,0.0,2008,0,2014,6,0,35,47,0,504200.0
3.0,2.5,7.80016307039296,8.331827004436057,2.0,0,0,3,2440,0.0,2003,0,2014,6,0,31,31,0,710000.0
3.0,3.25,7.745435610274381,8.031385330625534,2.0,0,0,3,1730,6.364750756851911,2005,0,2014,6,0,35,55,0,589500.0
3.0,2.75,7.8636512654486515,11.076387559107486,1.5,0,0,3,2600,0.0,2009,0,2014,6,0,37,75,0,415000.0
3.0,2.25,7.307202314764738,7.10085190894405,2.0,0,0,3,1040,6.111467339502679,2011,0,2014,6,0,35,53,0,735000.0
3.0,2.5,7.796880342783522,9.147613542067878,2.0,0,2,3,2432,0.0,2005,0,2014,6,0,14,0,0,427000.0
4.0,2.75,8.191740021277457,9.057305735807121,2.0,0,0,3,3610,0.0,2014,0,2014,6,0,19,21,0,982000.0
4.0,3.0,7.836369760545124,9.210440366976517,2.0,0,0,3,2530,0.0,2013,1923,2014,6,0,6,66,0,459000.0
4.0,2.75,7.934155233536322,8.617581365447506,2.0,0,0,3,2790,0.0,2014,0,2014,6,0,27,27,0,483453.0
3.0,3.0,7.421177528595393,8.398634855292102,1.0,0,0,3,1670,0.0,2014,0,2014,6,0,12,12,0,246950.0
1.0,1.5,7.065613363597717,7.284134806195205,2.0,0,0,3,1070,4.61512051684126,2007,0,2014,6,0,35,61,0,235000.0
4.0,2.0,7.208600337960199,6.849066282633458,3.0,0,0,3,1350,0.0,2008,0,2014,6,0,16,17,0,288790.0
2.0,1.75,7.01301578963963,7.480992162869525,2.0,0,0,3,1110,0.0,2014,0,2014,6,0,35,51,0,229800.0
1.0,1.25,7.00397413672268,6.459904454377535,3.0,0,0,3,1100,0.0,2014,0,2014,6,0,35,53,0,516500.0
3.0,4.25,7.944846711001996,8.881975184248867,2.0,0,0,4,2460,5.8888779583328805,1930,0,2014,6,2,35,53,0,1600000.0
3.0,1.0,6.947937068614969,9.003193193746572,1.0,0,0,3,1040,0.0,1983,2009,2014,6,2,11,11,0,234000.0
2.0,1.75,7.555381944240273,8.124743020385568,2.0,0,0,3,1910,0.0,1980,0,2014,6,2,21,23,0,230000.0
4.0,1.0,7.223295679562314,9.047821442478408,1.0,0,0,3,1370,0.0,1949,1998,2014,6,2,36,67,0,300000.0
3.0,1.5,7.313886831633462,8.517393171418904,1.5,0,0,4,1140,5.8888779583328805,1927,0,2014,6,2,35,56,0,470000.0
3.0,1.0,7.0909098220799835,9.114710140960932,1.0,0,0,5,1200,0.0,1969,0,2014,6,2,25,34,0,339900.0
2.0,1.0,6.957497370876951,7.841099765422119,1.0,0,0,3,880,5.14166355650266,1904,0,2014,6,2,35,59,0,650000.0
5.0,2.5,7.890208213109961,9.72782378340624,1.5,0,0,4,1620,6.957497370876951,1920,0,2014,6,2,35,60,0,585000.0
4.0,2.5,7.692113339595466,9.350189267092581,1.0,0,0,4,1430,6.634633357861686,1972,0,2014,6,2,3,5,0,699900.0
4.0,2.5,8.049107721326406,10.619349781839288,2.0,0,0,3,3130,0.0,1994,0,2014,6,2,27,27,0,598000.0
3.0,2.5,7.438971592395862,9.116139576577355,1.0,0,0,3,1160,6.293419278846481,1998,2006,2014,6,2,35,61,0,475000.0
3.0,1.75,7.438971592395862,9.761693546918242,1.0,0,0,3,1200,6.2166061010848646,1978,0,2014,6,2,21,23,0,314500.0
3.0,3.5,7.215975002651466,7.151485463904735,2.0,0,0,3,1240,4.795790545596741,2007,0,2014,6,3,35,64,0,397000.0
3.0,2.0,7.384610383176974,9.616205400105674,1.0,0,0,4,1610,0.0,1986,0,2014,6,3,7,10,0,345000.0
5.0,2.75,7.664346632098617,8.736007384569218,1.0,0,0,3,1300,6.7226297948554485,1991,0,2014,6,3,35,57,0,325000.0
3.0,1.0,7.496097345175956,8.942591637231851,1.0,0,0,5,1800,0.0,1957,0,2014,6,3,32,34,0,265000.0
4.0,2.75,7.989899374942939,9.651236971915612,1.0,0,0,4,2120,6.7226297948554485,1974,0,2014,6,3,18,26,0,402000.0
3.0,2.25,7.659642954564682,10.897017064751084,2.0,0,0,4,2120,0.0,1964,0,2014,6,3,3,4,0,835000.0
4.0,2.5,8.160803920954665,8.860641041773876,2.0,0,0,3,3500,0.0,2005,0,2014,6,1,31,32,0,780000.0
3.0,2.0,7.273092595999522,9.129238770539141,1.0,0,0,3,1440,0.0,1965,1993,2014,6,1,10,73,0,250000.0
4.0,2.0,7.659642954564682,8.119993827725105,2.0,0,0,3,2120,0.0,1905,2010,2014,6,1,35,53,0,1200000.0
2.0,2.5,7.484930283289661,7.63433723562832,2.0,0,0,5,1780,0.0,1974,0,2014,6,1,3,3,0,935000.0
2.0,1.0,6.8679744089702925,9.006263883379198,1.0,0,0,3,960,0.0,1947,2012,2014,6,1,36,67,0,300000.0
2.0,1.75,7.32052696227274,8.513385953073284,1.0,0,0,3,1510,0.0,2006,0,2014,6,1,31,32,0,419000.0
1.0,1.5,6.918695219020472,8.657129031713755,1.0,0,0,3,1010,0.0,1911,1948,2014,6,1,35,63,0,410000.0
3.0,3.0,8.240385115516334,8.517593111437565,2.0,0,0,3,2810,6.8885724595653635,1989,0,2014,6,1,35,59,0,1165000.0
3.0,1.75,8.188966863648876,9.067277989134345,2.0,0,0,4,2400,7.0909098220799835,1948,0,2014,6,1,19,21,0,461000.0
3.0,1.75,7.170888478512505,8.858084222199162,1.0,0,0,3,1300,0.0,1968,1997,2014,6,1,19,22,0,385000.0
4.0,2.25,7.824445930877619,8.305731144875866,1.5,0,0,4,1520,6.8885724595653635,1940,2001,2014,6,1,35,56,0,669500.0
3.0,2.25,7.645397699428633,9.281171552736774,1.0,0,0,3,1440,6.478509642208569,1958,2004,2014,6,1,35,54,0,491950.0
3.0,1.75,7.696667081526462,9.590897844378162,1.5,0,1,3,2200,0.0,1948,2003,2014,6,1,3,3,0,1230000.0
3.0,2.25,7.635786861395585,9.616005460087013,1.5,0,0,3,2070,0.0,1955,2013,2014,6,1,20,67,0,560000.0
3.0,1.0,7.186144304522325,8.90136656405678,1.0,0,0,3,1320,0.0,1982,0,2014,6,1,36,67,0,370000.0
4.0,2.0,7.215975002651466,11.01120823356823,1.0,0,0,3,960,5.993961427306569,1960,2012,2014,6,1,1,0,0,263400.0
2.0,1.0,6.836259277277067,8.939056445334039,1.0,0,0,2,930,0.0,1942,0,2014,6,1,6,68,0,100000.0
3.0,2.5,7.473637108496206,9.057771773331575,1.5,0,0,5,1760,0.0,1937,0,2014,6,1,6,66,0,289950.0
3.0,1.75,7.252053951852814,8.999742789830492,2.0,0,0,3,1410,0.0,1985,0,2014,6,1,21,23,0,263000.0
4.0,2.5,7.852050207265889,8.969541885423252,2.0,0,0,3,2570,0.0,1992,0,2014,6,1,21,23,0,397500.0
3.0,2.75,7.170888478512505,9.560856388599332,1.0,0,0,3,860,6.089044875446846,1996,0,2014,6,1,18,18,0,245000.0
3.0,1.0,7.365812837209472,8.748463629942055,1.0,0,0,3,1180,5.993961427306569,1925,2002,2014,6,1,35,74,0,535000.0
4.0,2.5,7.993282328101591,8.704833909687792,2.0,0,0,3,2960,0.0,2005,0,2014,6,1,21,23,0,449000.0
4.0,3.0,7.754052639035757,8.159946655578548,2.0,0,0,3,1920,6.018593214496234,2003,0,2014,6,1,35,51,0,490000.0
4.0,2.25,7.635786861395585,10.582713277755028,1.0,0,0,3,1470,6.398594934535208,1977,2004,2014,6,1,20,67,0,445800.0
2.0,1.0,6.878326468291325,8.657129031713755,1.0,0,0,4,970,0.0,1932,1958,2014,6,1,35,61,0,345000.0
3.0,2.25,7.745435610274381,8.881975184248867,2.0,0,0,3,2310,0.0,1990,2009,2014,6,1,18,19,0,327500.0
4.0,2.5,7.736743682453495,9.321344930019094,2.0,0,0,4,2290,0.0,1988,0,2014,6,1,32,36,0,436500.0
3.0,2.25,7.450660796211539,9.169622538697624,1.0,0,0,4,1220,6.2166061010848646,1967,0,2014,6,1,31,31,0,550000.0
2.0,1.5,7.0825485693553,8.131824785007195,1.0,0,0,3,990,5.303304908059076,1919,2001,2014,6,1,35,54,0,441000.0
2.0,1.0,6.769641976852503,8.657129031713755,1.0,0,0,4,870,0.0,1947,1988,2014,6,1,35,55,0,406500.0
2.0,1.5,6.974478911025045,7.472500744737558,2.0,0,0,3,1068,0.0,1990,2009,2014,6,1,17,16,0,243000.0
4.0,2.75,7.669028288589683,9.241548299100376,2.0,0,0,3,2140,0.0,1993,0,2014,6,1,1,0,0,359500.0
5.0,4.25,8.482808764554406,8.993551586299981,2.5,0,2,4,3710,7.02197642307216,1914,1945,2014,6,1,35,64,0,1925000.0
5.0,3.25,7.944846711001996,8.793308627496552,1.5,0,0,3,2320,6.2166061010848646,1906,2014,2014,6,1,35,57,0,408000.0
4.0,3.0,7.80016307039296,9.17626639164243,2.0,0,0,3,1890,6.311734809152915,1981,2013,2014,6,1,17,16,0,480000.0
4.0,1.5,7.496097345175956,8.085178748074537,1.5,0,0,4,1800,0.0,1929,0,2014,6,1,35,47,0,875000.0
3.0,1.0,6.918695219020472,9.082620630373812,1.0,0,0,4,1010,0.0,1954,1979,2014,6,1,35,57,0,308000.0
4.0,2.75,8.0774471493312,8.38776764397578,1.5,0,0,4,2320,6.803505257608338,1931,0,2014,6,1,35,48,0,880000.0
5.0,3.5,8.517393171418904,10.186445986151496,2.0,0,3,3,3410,7.372118028337787,2008,0,2014,6,1,23,25,0,1730000.0
2.0,1.0,7.0909098220799835,10.118316634246252,2.0,0,0,2,1200,0.0,1976,0,2014,6,1,31,32,0,170000.0
3.0,2.25,7.293697720601438,8.371704884667631,2.0,0,0,3,1470,0.0,1985,0,2014,6,1,16,17,0,491500.0
3.0,2.5,7.8636512654486515,8.413387022690648,2.0,0,0,3,2600,0.0,2003,0,2014,6,1,17,16,0,515000.0
2.0,1.0,7.186144304522325,9.207135241027235,1.0,0,0,3,940,5.942799375126701,1919,2001,2014,6,1,35,51,0,255000.0
3.0,2.5,8.11701408773731,8.2960476427647,2.0,0,0,3,2550,6.68586094706836,2005,0,2014,6,1,19,22,0,635000.0
3.0,2.5,7.8826922062890254,7.778211474512493,2.0,0,0,3,1830,6.710523109452428,1920,1979,2014,6,1,35,58,0,850000.0
2.0,2.0,7.528869256642251,9.292565312231853,1.0,0,0,3,1260,6.398594934535208,1952,2008,2014,6,1,35,71,0,265000.0
3.0,1.0,6.8679744089702925,9.088850474388472,1.0,0,0,4,960,0.0,1958,1972,2014,6,1,36,67,0,349810.0
4.0,1.75,7.606387389772652,8.748463629942055,1.0,0,2,5,1610,5.993961427306569,1937,0,2014,6,1,35,74,0,972000.0
2.0,1.0,6.803505257608338,10.268165387743457,1.0,0,0,1,900,0.0,1928,0,2014,6,1,38,38,0,235000.0
4.0,2.5,7.75833346749091,9.374582815370232,2.0,0,0,3,2340,0.0,1997,0,2014,6,1,18,26,0,330000.0
4.0,3.0,8.221747728346623,9.619066822786719,3.0,0,0,3,3720,0.0,1979,2014,2014,6,1,32,37,0,500000.0
3.0,2.0,7.544861068658458,10.281444421227691,1.0,0,0,3,1470,6.042632833682381,1949,2013,2014,6,1,3,5,0,570000.0
4.0,2.5,7.893945138235959,9.410501846898468,1.0,1,4,3,1590,6.994849985833071,1956,2001,2014,6,1,26,68,0,1309500.0
3.0,2.5,7.2868764117507,7.3864708488298945,2.0,0,0,3,1180,5.638354669333745,2007,0,2014,6,1,35,56,0,544000.0
3.0,2.5,8.064950891749143,8.975250749643573,1.0,0,0,3,1810,7.223295679562314,2006,0,2014,6,1,32,34,0,439000.0
4.0,2.25,7.591357046698551,9.621588724840075,2.0,0,0,3,1980,0.0,1981,2013,2014,6,1,33,42,0,530000.0
2.0,2.0,6.994849985833071,6.840546529288687,3.0,0,0,3,1090,0.0,2008,0,2014,6,1,35,52,0,427500.0
4.0,2.5,7.7102051944325325,8.694669696546992,2.0,0,0,4,2230,0.0,2002,0,2014,6,1,9,26,0,337000.0
4.0,2.75,8.11102783819368,9.120853205474647,2.0,0,0,4,3330,0.0,1995,0,2014,6,1,19,21,0,1095000.0
4.0,2.0,7.53955882930103,8.253488028345904,1.0,0,0,3,970,6.814542897259958,1904,0,2014,6,1,35,64,0,435000.0
5.0,3.0,7.962415680121064,8.648396877031582,1.0,0,0,3,1950,6.825460036255307,1964,2000,2014,6,1,35,47,0,765000.0
4.0,1.75,7.659642954564682,9.18881025342582,1.0,0,0,3,1640,6.175867270105761,1967,2011,2014,6,1,36,70,0,492650.0
4.0,2.5,7.901377353792616,8.85352256068954,2.0,0,0,3,2700,0.0,2001,0,2014,6,1,40,69,0,383962.0
4.0,2.5,8.208219383496834,8.946505025998682,2.5,0,0,3,3670,0.0,2007,0,2014,6,1,16,17,0,950000.0
3.0,2.5,7.107425474110705,7.193685818395112,2.0,0,0,3,1010,5.351858133476067,2008,0,2014,6,1,35,56,0,457000.0
5.0,3.25,8.387312270561717,9.328212292571072,2.0,0,0,3,4390,0.0,2007,0,2014,6,1,23,25,0,1510000.0
4.0,2.5,8.177796683277778,8.569026340056254,3.0,0,0,3,3560,0.0,2014,0,2014,6,1,31,31,0,882566.0
4.0,3.25,8.169336395928386,9.0583540149783,2.0,0,0,3,3530,0.0,2007,0,2014,6,1,19,21,0,963000.0
4.0,2.5,7.732369222284388,8.517393171418904,2.0,0,0,3,2280,0.0,2006,0,2014,6,1,21,23,0,345000.0
4.0,3.75,8.37816098272068,8.982937763741589,2.0,0,0,3,4350,0.0,2013,1923,2014,6,1,3,3,0,2065000.0
3.0,2.0,7.62608275807238,9.495820020872763,1.0,0,0,3,2050,0.0,1993,0,2014,7,5,14,2,0,314500.0
3.0,2.5,8.205491613120236,10.583524163945977,2.0,0,2,4,3260,5.993961427306569,1989,0,2014,7,5,12,12,0,530000.0
4.0,2.5,8.11701408773731,10.752548144113725,2.0,0,0,3,3350,0.0,2004,2003,2014,7,5,4,8,0,650000.0
3.0,2.0,7.147559271189454,8.188966863648876,1.0,0,0,3,1270,0.0,1963,2008,2014,7,5,35,59,0,349500.0
4.0,3.5,8.131824785007195,8.25608813381491,2.5,0,0,3,2790,6.415096959171596,2008,0,2014,7,5,35,53,0,1198000.0
3.0,1.0,7.0909098220799835,9.049584593096789,1.0,0,0,3,1200,0.0,1959,1989,2014,7,5,12,12,0,165050.0
3.0,2.5,7.696667081526462,9.305741456739435,2.0,0,2,3,2200,0.0,1978,0,2014,7,5,3,7,0,580000.0
3.0,2.5,7.427144133408616,9.333707785926467,1.0,0,0,3,1080,6.398594934535208,1959,1989,2014,7,5,35,65,0,330000.0
5.0,3.5,8.253488028345904,9.021598247379305,2.0,0,0,3,3840,0.0,2001,0,2014,7,5,33,42,0,875000.0
2.0,1.0,6.85751406254539,8.412054873292933,1.0,0,2,3,850,4.61512051684126,1926,2003,2014,7,5,35,47,0,500000.0
4.0,2.5,7.732369222284388,10.647280317764965,2.0,0,0,3,2280,0.0,1994,0,2014,7,5,18,26,0,445000.0
4.0,2.5,7.58629630715272,8.79497643168877,2.0,0,0,3,1970,0.0,1987,2000,2014,7,5,18,18,0,274900.0
3.0,1.5,7.390798521735676,9.138951775888529,1.0,0,0,4,1620,0.0,1967,0,2014,7,5,9,26,0,219950.0
4.0,2.5,7.8636512654486515,8.881975184248867,2.0,0,0,3,2600,0.0,1962,2002,2014,7,5,35,54,0,691500.0
2.0,1.0,7.1316985104669115,8.249575150000199,1.0,0,0,3,850,5.993961427306569,1929,0,2014,7,5,35,56,0,459500.0
4.0,1.75,7.664346632098617,8.533263371593732,1.5,0,0,3,2130,0.0,1914,1993,2014,7,5,35,58,0,955500.0
4.0,1.75,7.844240718141811,9.10242102975669,1.0,0,0,5,1300,7.1316985104669115,1978,0,2014,7,5,18,19,0,328950.0
3.0,1.0,7.048386408721883,8.699681400989514,1.5,0,0,3,1150,0.0,1927,2011,2014,7,5,27,27,0,307000.0
3.0,1.75,6.947937068614969,9.105090961257085,1.0,0,0,4,1040,0.0,1967,0,2014,7,5,16,15,0,382500.0
4.0,2.5,8.114025442356757,9.251770181739323,2.0,0,0,3,3340,0.0,1996,0,2014,7,5,19,21,0,1150000.0
6.0,2.75,7.875119281040293,9.150696519048667,2.0,0,0,5,2510,4.795790545596741,1900,0,2014,7,5,35,47,0,1297000.0
3.0,2.25,7.403061091090091,8.26796230533871,2.0,0,0,3,1640,0.0,1994,0,2014,7,5,16,17,0,478000.0
2.0,1.0,6.647688373563329,8.975503722070927,1.0,0,0,4,770,0.0,1948,0,2014,7,5,36,67,0,260000.0
4.0,3.25,8.37816098272068,11.632937126505194,1.0,0,0,3,2200,7.67368812926773,2006,0,2014,7,5,16,15,0,850000.0
4.0,1.75,7.438971592395862,8.67368398817567,1.0,0,0,3,1700,0.0,1957,2000,2014,7,5,35,74,0,616000.0
3.0,1.75,7.62608275807238,9.167537249650874,1.0,0,0,3,1400,6.478509642208569,1984,0,2014,7,5,33,42,0,540000.0
3.0,2.25,7.415175109613295,8.542665987389269,2.0,0,0,3,1660,0.0,2001,0,2014,7,5,11,11,0,300000.0
3.0,1.75,7.596392304064196,9.1689974084418,1.0,0,0,3,1190,6.68586094706836,1977,2004,2014,7,5,31,31,0,507500.0
3.0,2.0,7.479299637782834,8.853808274977197,1.0,0,0,3,1770,0.0,1986,0,2014,7,5,1,0,0,241000.0
3.0,2.25,7.80016307039296,10.77722562648903,2.0,0,0,3,2090,5.860786223465865,1991,0,2014,7,5,31,32,0,485000.0
3.0,2.5,7.8713112033234065,10.846517581599905,2.0,0,0,3,2620,0.0,1998,2006,2014,7,5,42,44,0,695000.0
4.0,2.5,7.80016307039296,9.306195857619704,2.0,0,0,3,2440,0.0,1994,0,2014,7,5,25,34,0,548000.0
2.0,1.0,6.985641817639208,8.958797346140274,1.0,0,0,3,1080,0.0,1955,2005,2014,7,5,35,63,0,345000.0
3.0,1.0,6.994849985833071,9.27902652976463,1.0,0,0,4,1090,0.0,1962,0,2014,7,5,32,34,0,280000.0
3.0,1.75,7.244941546337007,9.530683226667511,1.0,0,0,3,1400,0.0,1963,2008,2014,7,5,17,16,0,450000.0
3.0,2.5,7.606387389772652,8.881975184248867,2.0,0,0,3,2010,0.0,1994,0,2014,7,5,17,16,0,515000.0
3.0,1.0,7.403061091090091,9.461565907417349,1.5,0,0,5,1500,4.948759890378168,1920,0,2014,7,5,3,3,0,1014250.0
5.0,2.5,8.098946748943339,8.523175263093785,2.0,0,0,3,3290,0.0,2004,2003,2014,7,5,33,43,0,739900.0
2.0,2.5,7.828436359157585,9.607706101827697,2.0,0,0,3,2510,0.0,1990,2009,2014,7,5,5,9,0,600000.0
2.0,1.0,6.7580945044277305,8.707978826622321,1.0,0,0,3,860,0.0,1952,2008,2014,7,5,35,55,0,370000.0
4.0,2.5,7.951911381854188,9.46242117318499,1.0,0,0,4,1780,6.966967138613983,1977,0,2014,7,5,3,4,0,729032.0
3.0,1.75,7.467942332285852,8.85666093701725,2.0,0,0,3,1750,0.0,1934,1978,2014,7,5,4,8,0,510000.0
3.0,1.5,7.170888478512505,9.860788798003012,1.0,0,0,3,1300,0.0,1964,2000,2014,7,5,31,31,0,425000.0
3.0,2.75,8.266421472984554,8.884194633072273,2.0,0,1,3,3260,6.447305862541213,1967,2010,2014,7,5,35,57,0,1080000.0
3.0,2.25,7.2868764117507,6.848005274576363,3.0,0,0,3,1460,0.0,2006,0,2014,7,5,35,62,0,337000.0
4.0,1.0,7.252053951852814,8.124743020385568,1.5,0,0,5,1410,0.0,1911,1984,2014,7,5,35,50,0,563000.0
4.0,2.75,8.235095497258357,9.296609807128359,2.0,0,2,5,3070,6.55250788703459,1924,1956,2014,7,5,35,64,0,1695000.0
3.0,2.0,7.0825485693553,8.312135107648412,1.5,0,0,5,1190,0.0,1907,0,2014,7,5,35,57,0,245000.0
3.0,2.0,7.252053951852814,8.7662383802531,1.0,0,0,4,910,6.2166061010848646,1947,1988,2014,7,5,35,54,0,590000.0
3.0,2.0,7.824445930877619,8.314097335405807,1.5,0,0,5,1680,6.710523109452428,1922,1956,2014,7,5,35,47,0,695000.0
2.0,1.0,6.68586094706836,7.732369222284388,1.0,0,0,5,800,0.0,1946,0,2014,7,5,35,50,0,402500.0
3.0,2.5,7.836369760545124,9.50651131182387,2.0,0,0,3,2530,0.0,1993,0,2014,7,5,11,11,0,435000.0
3.0,2.0,7.852050207265889,10.25769445336048,1.0,0,0,3,1970,6.398594934535208,1983,2009,2014,7,5,31,31,0,660000.0
3.0,2.75,7.645397699428633,9.171703488361265,1.0,0,0,3,1340,6.621405651764134,1987,2000,2014,7,5,14,13,0,300000.0
5.0,2.25,8.000014093678072,8.9595686535445,1.0,0,0,3,1580,7.244941546337007,1960,2012,2014,7,5,35,60,0,600000.0
3.0,1.75,7.065613363597717,9.016755622903517,1.0,0,0,3,1170,0.0,1981,2013,2014,7,5,9,26,0,205000.0
3.0,3.5,7.640603826393634,8.537191877922927,2.0,0,0,3,2080,0.0,2004,2003,2014,7,5,21,23,0,357500.0
5.0,3.25,8.11701408773731,8.294299608857235,2.0,0,0,4,2510,6.734591659972948,1997,0,2014,7,5,35,48,0,1110000.0
2.0,2.5,6.957497370876951,6.937314081223682,2.0,0,0,3,950,4.61512051684126,2007,0,2014,7,5,35,59,0,332888.0
2.0,1.0,6.803505257608338,9.512812529900598,1.0,0,0,3,900,0.0,1979,2014,2014,7,5,28,28,0,174000.0
2.0,1.0,6.957497370876951,8.517393171418904,1.0,0,0,5,1050,0.0,1907,0,2014,7,5,35,50,0,515000.0
5.0,2.25,8.227108234348146,10.388441368734549,1.5,0,0,3,2240,7.313886831633462,1958,2004,2014,7,5,10,73,0,392000.0
4.0,1.75,7.266128779556451,8.318010277546872,2.0,0,0,3,1430,0.0,1900,2005,2014,7,5,35,59,0,485000.0
3.0,1.75,7.244941546337007,9.163982247998034,1.0,0,0,4,1400,0.0,1984,0,2014,7,5,14,2,0,217500.0
3.0,2.25,7.3783837129967145,10.727969965926095,2.0,0,0,4,1600,0.0,1983,0,2014,7,5,42,41,0,502000.0
3.0,2.25,7.9658927350845286,9.18512512283512,2.0,0,0,3,2880,0.0,1989,0,2014,7,5,3,5,0,820000.0
3.0,3.25,8.052296499538647,8.602636673233706,2.0,0,3,4,2240,6.803505257608338,1913,0,2014,7,5,35,52,0,1640000.0
2.0,1.0,6.710523109452428,8.371242135931933,1.0,0,0,3,820,0.0,1937,1999,2014,7,5,35,49,0,102500.0
4.0,2.5,7.687538766201629,9.224341891611996,1.0,0,0,4,1180,6.90875477931522,1968,0,2014,7,5,31,31,0,540000.0
2.0,1.0,6.814542897259958,7.602401335665818,1.5,0,0,3,910,0.0,1900,2005,2014,7,5,35,53,0,600000.0
4.0,1.0,7.365812837209472,9.04499391938819,1.5,0,2,4,1580,0.0,1928,0,2014,7,5,35,71,0,406000.0
4.0,3.0,7.664346632098617,8.752423403865594,1.0,0,0,5,1440,6.53813982376767,1948,1985,2014,7,5,35,55,0,620000.0
4.0,2.5,8.427487278331744,9.681343501555002,2.0,0,2,3,4570,0.0,1990,2009,2014,7,5,33,42,0,1060000.0
3.0,2.0,7.123672785204607,9.321255432547337,1.0,0,0,3,1000,5.484796933490655,1984,0,2014,7,5,33,42,0,401000.0
3.0,1.75,7.528869256642251,8.699681400989514,2.0,0,2,4,1860,0.0,1959,0,2014,7,5,35,64,0,725000.0
1.0,0.75,5.916202062607435,7.496652438168283,1.0,0,0,5,370,0.0,1923,0,2014,7,5,35,56,0,276000.0
5.0,3.25,8.049107721326406,9.399968503952575,2.0,0,0,3,2180,6.85751406254539,1975,0,2014,7,5,16,15,0,500000.0
3.0,1.75,7.836369760545124,10.467408346336265,1.0,0,0,4,1800,6.594413459749778,1977,0,2014,7,5,18,26,0,375000.0
4.0,4.75,8.286773231131251,9.187992508312275,2.0,0,2,4,3390,6.364750756851911,1928,0,2014,7,5,35,58,0,2300000.0
3.0,2.25,7.560601162768557,9.177920480720072,1.0,0,0,4,1300,6.431331081933479,1961,2001,2014,7,5,18,19,0,260000.0
4.0,2.75,7.9966538754626075,9.453364978883542,1.5,0,1,4,2130,6.734591659972948,1918,1986,2014,7,5,3,3,0,1565000.0
4.0,2.5,7.741099090035366,8.714074899541522,2.0,0,0,3,2300,0.0,2001,0,2014,7,5,32,34,0,431000.0
4.0,2.5,7.5126175446745105,9.169726689090886,2.0,0,0,3,1830,0.0,2003,0,2014,7,5,21,23,0,321000.0
4.0,1.5,7.346655163176539,8.52793528794814,1.0,0,0,4,1180,5.916202062607435,1963,0,2014,7,5,35,57,0,433000.0
4.0,3.5,8.314097335405807,9.274910142625483,2.0,0,0,3,4080,0.0,2005,0,2014,7,5,31,32,0,920000.0
3.0,2.25,7.444833273892193,9.975156839226488,2.0,0,0,3,1710,0.0,1989,0,2014,7,5,33,42,0,482000.0
3.0,2.5,7.773173680482536,8.31752199628717,2.0,0,0,3,2375,0.0,2002,0,2014,7,5,31,31,0,712000.0
4.0,2.75,7.696667081526462,9.187992508312275,1.0,0,0,4,1100,7.00397413672268,1962,0,2014,7,5,3,5,0,505000.0
3.0,2.25,8.169336395928386,9.767152232578871,1.0,1,3,3,1840,7.43307534889858,1930,1993,2014,7,5,23,25,0,2367000.0
3.0,1.75,7.01301578963963,9.10642325855641,1.0,0,0,4,1110,0.0,1966,0,2014,7,5,31,31,0,452000.0
4.0,1.0,7.396948602621014,7.8504931808711405,1.5,0,0,3,1630,0.0,1921,2000,2014,7,5,35,59,0,581000.0
4.0,1.5,7.844240718141811,8.528330935826693,2.0,0,0,4,2550,0.0,1910,0,2014,7,5,35,53,0,952500.0
4.0,2.25,7.824445930877619,9.090091799380007,2.0,0,0,4,2500,0.0,1987,0,2014,7,5,3,6,0,808000.0
4.0,3.0,7.969357742016346,8.83724564389847,1.0,0,0,3,1590,7.170888478512505,1945,2013,2014,7,5,35,54,0,476000.0
4.0,1.75,7.259116128097101,8.517393171418904,1.5,0,0,4,1420,0.0,1945,0,2014,7,5,35,56,0,535000.0
4.0,3.5,8.359603270841466,8.665785595466064,2.0,0,3,5,3170,7.00397413672268,1937,0,2014,7,5,35,74,0,1356925.0
3.0,2.5,7.779466967458324,7.59337419312129,2.0,0,0,3,2220,5.14166355650266,2008,0,2014,7,5,16,17,0,629800.0
4.0,2.5,7.836369760545124,8.526945482858915,2.0,0,0,3,2530,0.0,2014,0,2014,7,5,21,23,0,417838.0
4.0,2.5,7.9017475185201445,8.412054873292933,2.0,0,0,3,2701,0.0,2014,0,2014,7,5,1,45,0,399895.0
4.0,2.75,8.291797105048733,8.80056599227992,2.0,0,0,3,3990,0.0,2003,0,2014,7,5,31,32,0,825000.0
4.0,2.5,7.742402021815782,8.249836485425702,2.0,0,0,3,2303,0.0,2006,0,2014,7,5,1,45,0,300000.0
2.0,2.25,7.340186835320115,6.873163834212518,3.0,0,0,3,1540,0.0,2007,0,2014,7,5,35,59,0,640000.0
3.0,2.5,7.280008252884188,6.960347729101308,2.0,0,0,3,940,6.236369590203704,2008,0,2014,7,5,35,50,0,460000.0
2.0,2.5,7.057036981697891,7.285506548522785,2.0,0,0,3,1040,4.795790545596741,2012,1912,2014,7,5,35,58,0,525000.0
4.0,2.75,7.976251943745623,8.75384509275524,2.0,0,0,3,2910,0.0,2013,1923,2014,7,5,27,27,0,499990.0
4.0,3.5,8.235095497258357,9.048056708918736,2.0,0,0,3,3770,0.0,2008,0,2014,7,5,19,21,0,1020000.0
5.0,2.25,7.972810784121404,9.239996256883693,1.0,0,0,3,1450,7.280008252884188,1985,0,2014,7,6,3,5,0,675000.0
3.0,1.75,7.340186835320115,8.006700845440367,1.0,0,2,3,770,6.647688373563329,1920,1979,2014,7,6,35,56,0,512031.0
2.0,1.0,6.55250788703459,8.006700845440367,1.0,0,0,4,700,0.0,1918,1974,2014,7,6,35,47,0,310000.0
3.0,2.5,8.0959035329611,9.240190393945069,1.0,0,0,3,1680,7.3783837129967145,1970,2014,2014,7,6,35,54,0,1075000.0
4.0,2.0,7.796057974316123,9.10063710688422,1.0,0,0,3,1430,6.90875477931522,1960,2012,2014,7,6,35,71,0,255000.0
3.0,2.5,7.550135342488429,8.985320060649112,2.0,0,0,3,1900,0.0,1993,0,2014,7,6,5,9,0,435000.0
3.0,2.0,7.415175109613295,9.619199713152362,1.0,0,0,3,1260,5.993961427306569,1983,2009,2014,7,6,19,22,0,453000.0
4.0,2.0,7.390798521735676,8.98632143762602,2.0,0,0,4,1620,0.0,1975,0,2014,7,6,18,19,0,260000.0
4.0,2.0,7.645397699428633,9.287394001418473,1.0,0,0,4,2090,0.0,1951,1999,2014,7,6,23,25,0,659000.0
3.0,2.0,7.01301578963963,8.886270902072013,1.0,0,0,4,1110,0.0,1991,0,2014,7,6,18,19,0,223000.0
5.0,3.25,8.232440158470336,9.189423123720795,2.0,0,0,3,2550,7.099201743553092,1984,0,2014,7,6,3,5,0,851000.0
3.0,2.25,7.640603826393634,9.403849118160702,1.0,0,0,4,1530,6.311734809152915,1973,0,2014,7,6,31,31,0,605000.0
4.0,2.25,7.576097340623111,8.691314551644853,1.0,0,0,3,1330,6.431331081933479,1947,2012,2014,7,6,35,52,0,895000.0
5.0,2.25,7.852050207265889,9.47692648113323,1.0,0,1,3,1470,7.00397413672268,1950,1992,2014,7,6,26,68,0,519000.0
3.0,1.75,7.754052639035757,9.40442579569038,1.0,0,0,3,1390,6.846943139585379,1983,2009,2014,7,6,42,41,0,535000.0
3.0,3.0,8.216358332386156,9.24725072599628,2.0,0,0,3,3700,0.0,1982,0,2014,7,6,34,72,0,489000.0
3.0,2.25,7.560601162768557,8.95402775927046,1.0,0,0,3,1520,5.993961427306569,1965,1993,2014,7,6,6,66,0,250000.0
3.0,2.25,7.550135342488429,8.284251797621916,1.5,0,0,3,1200,6.55250788703459,1905,2010,2014,7,6,35,59,0,580000.0
4.0,1.75,7.273092595999522,9.495293724856706,1.0,0,0,4,1440,0.0,1967,0,2014,7,6,3,3,0,1038000.0
4.0,2.25,7.9865049385539955,10.795260156596557,1.0,0,0,5,1520,7.259116128097101,1961,0,2014,7,6,17,16,0,605000.0
4.0,3.5,7.824445930877619,8.033009498596668,2.0,0,0,3,1810,6.53813982376767,2008,0,2014,7,6,31,31,0,599950.0
3.0,2.5,7.820439515262181,10.081298953852196,2.0,0,0,3,2490,0.0,1993,0,2014,7,6,31,32,0,700000.0
3.0,2.0,7.293697720601438,9.215626376405421,1.0,0,0,4,1470,0.0,1956,0,2014,7,6,35,60,0,480000.0
4.0,2.5,7.659642954564682,8.424858580213442,2.0,0,0,3,2120,0.0,2002,0,2014,7,6,21,23,0,329950.0
3.0,1.75,7.0909098220799835,10.118840838375275,1.0,0,0,3,1200,0.0,1984,0,2014,7,6,18,19,0,250000.0
5.0,2.5,7.804251383528112,8.852950887099581,2.0,0,0,3,2450,0.0,2002,0,2014,7,6,18,18,0,345000.0
4.0,2.5,7.484930283289661,8.699681400989514,2.0,0,0,3,1780,0.0,1991,0,2014,7,6,10,73,0,175000.0
5.0,1.0,7.372118028337787,8.81001204797317,1.5,0,0,3,1090,6.2166061010848646,1942,1999,2014,7,6,35,65,0,185000.0
4.0,2.0,7.771067086065406,11.247213603547241,2.0,0,0,4,2370,0.0,1978,2000,2014,7,6,1,0,0,411000.0
3.0,1.5,7.473637108496206,8.294299608857235,2.0,0,0,3,1760,0.0,1922,2008,2014,7,6,35,46,0,690000.0
4.0,3.0,7.57095858316901,9.008346579384707,1.0,0,0,4,1940,0.0,1948,0,2014,7,6,36,67,0,265000.0
4.0,3.0,8.174984532943087,9.419628376999952,1.5,0,0,4,2180,7.223295679562314,1990,0,2014,7,6,5,9,0,720000.0
4.0,2.5,7.62608275807238,8.663542087751374,2.0,0,0,3,2050,0.0,2002,0,2014,7,6,10,73,0,256000.0
4.0,2.25,7.427144133408616,8.064636475774222,2.0,0,0,3,1680,0.0,2002,0,2014,7,6,1,45,0,255000.0
3.0,2.25,7.186144304522325,7.496097345175956,2.0,0,0,3,1320,0.0,1994,0,2014,7,6,35,59,0,540000.0
3.0,2.25,7.346655163176539,8.614682812693495,2.0,0,0,3,1550,0.0,1987,2000,2014,7,6,19,21,0,481015.0
3.0,1.75,7.893945138235959,9.062536177207788,1.0,0,0,5,1590,6.994849985833071,1974,0,2014,7,6,16,15,0,575000.0
3.0,2.5,7.779466967458324,10.435350335367918,1.0,0,0,3,1840,6.311734809152915,1984,0,2014,7,6,18,26,0,339950.0
4.0,2.5,7.621195162809845,8.890272839380247,2.0,0,0,4,2040,0.0,1963,0,2014,7,6,36,62,0,475000.0
3.0,3.75,7.890208213109961,8.782322859397507,2.5,0,4,4,2020,6.478509642208569,1977,0,2014,7,6,35,61,0,732000.0
4.0,1.75,7.53955882930103,8.221747728346623,1.5,0,0,4,1880,0.0,1924,0,2014,7,6,35,52,0,860000.0
4.0,1.75,7.783640596221253,8.94910546953925,1.5,0,0,4,1500,6.803505257608338,1927,0,2014,7,6,35,62,0,389000.0
3.0,1.75,7.7279755421055585,9.347751727799142,1.0,0,0,4,1370,6.803505257608338,1956,0,2014,7,6,35,70,0,645000.0
4.0,2.5,7.523481312573497,8.602453035367061,2.0,0,0,5,1850,0.0,1981,0,2014,7,6,19,22,0,475000.0
4.0,2.75,7.6783263565068856,8.518392471991719,1.0,0,0,3,1430,6.594413459749778,1987,2000,2014,7,6,35,54,0,550000.0
2.0,1.0,7.6783263565068856,9.469700127423375,1.0,0,0,3,1360,6.68586094706836,1968,1997,2014,7,6,40,69,0,305000.0
2.0,1.5,7.359467638255621,8.188966863648876,1.5,0,2,4,1320,5.5254529391317835,1906,1990,2014,7,6,35,58,0,782000.0
3.0,2.0,7.201170883281678,8.881975184248867,1.5,0,0,4,1340,0.0,1923,0,2014,7,6,35,57,0,545000.0
4.0,2.5,8.00736706798333,8.706655856361559,2.0,0,0,3,3002,0.0,2004,2003,2014,7,6,18,19,0,394500.0
5.0,2.0,7.692113339595466,9.11305824916963,1.0,0,0,5,1110,6.985641817639208,1965,0,2014,7,6,31,31,0,600000.0
4.0,1.75,7.8674885686991285,9.980494888896912,1.0,0,0,4,2610,0.0,1966,0,2014,7,6,8,3,0,1300000.0
2.0,1.0,6.918695219020472,9.385972940619341,1.0,0,0,3,1010,0.0,1947,2012,2014,7,6,36,67,0,300000.0
4.0,2.5,7.652545692693921,8.715059959545654,2.0,0,0,3,2105,0.0,2003,0,2014,7,6,18,26,0,330000.0
4.0,2.25,7.796057974316123,8.465689348549121,1.5,0,0,3,1630,6.68586094706836,1928,1954,2014,7,6,35,55,0,723000.0
4.0,3.25,8.304247465078474,9.847816267665664,1.0,0,0,4,4040,0.0,1954,1979,2014,7,6,22,24,0,2271150.0
5.0,2.5,7.6783263565068856,8.953898535260459,2.0,0,0,3,2160,0.0,1998,2006,2014,7,6,38,38,0,480000.0
2.0,1.0,6.803505257608338,9.13356731317027,1.0,0,0,3,900,0.0,1946,0,2014,7,6,35,50,0,496000.0
3.0,3.0,7.507141079727608,7.403670290012373,3.0,0,0,3,1540,5.638354669333745,2006,0,2014,7,6,35,58,0,625000.0
4.0,2.0,7.650168700845001,9.508146027598816,1.0,0,0,5,1050,6.957497370876951,1962,0,2014,7,6,35,60,0,475000.0
3.0,2.25,7.327123292259293,8.881836305004146,2.0,0,0,4,1520,0.0,1992,0,2014,7,6,21,23,0,275250.0
2.0,1.0,7.1785454837637,8.871926251117628,1.0,0,0,4,940,5.916202062607435,1980,0,2014,7,6,18,19,0,253000.0
4.0,2.5,7.692113339595466,9.198369000194964,1.0,0,0,4,1410,6.660575149839686,1979,0,2014,7,6,19,21,0,630000.0
5.0,2.5,7.989899374942939,8.612685172875459,1.5,0,0,5,1720,7.115582126184454,1918,0,2014,7,6,35,64,0,660500.0
5.0,1.0,7.534228326274089,8.962007209588313,1.0,0,0,3,1580,5.673323267171493,1962,2003,2014,7,6,35,69,0,262000.0
3.0,3.5,8.446985296372741,8.612685172875459,2.0,0,4,5,3040,7.390798521735676,1909,1988,2014,7,6,35,46,0,2147500.0
3.0,2.5,7.518064181233078,9.200391041122515,1.0,0,0,3,1840,0.0,1978,0,2014,7,6,3,6,0,552000.0
2.0,2.5,8.064950891749143,9.148571345578551,2.0,0,4,5,2610,6.3473892096560105,1985,0,2014,7,6,3,5,0,1411600.0
2.0,1.0,7.313886831633462,8.294299608857235,1.0,0,0,3,1100,5.993961427306569,1933,0,2014,7,6,35,52,0,736000.0
3.0,1.75,7.456454555176209,8.911529941736559,1.5,0,0,3,1730,0.0,1954,2005,2014,7,6,36,62,0,355000.0
3.0,1.0,7.365812837209472,8.9126079636709,1.0,0,0,3,1010,6.3473892096560105,1962,2003,2014,7,6,32,36,0,305000.0
4.0,2.5,7.340186835320115,7.534228326274089,2.0,0,0,3,1540,0.0,2014,0,2014,7,6,16,17,0,484998.0
4.0,3.5,8.128880142125638,8.289037098278483,2.0,0,0,3,2610,6.660575149839686,2014,0,2014,7,6,35,74,0,1054690.0
2.0,1.5,6.7226297948554485,7.527793987721444,2.0,0,0,3,830,0.0,2005,0,2014,7,6,35,64,0,334500.0
4.0,2.75,7.8713112033234065,8.72891172506098,2.0,0,0,3,2620,0.0,2013,1923,2014,7,6,27,27,0,475000.0
3.0,2.5,7.715569534520208,8.412054873292933,2.0,0,0,3,2242,0.0,2014,0,2014,7,6,1,45,0,309780.0
4.0,2.5,7.969357742016346,8.961750799330497,2.0,0,0,3,2890,0.0,2005,0,2014,7,6,3,5,0,795000.0
3.0,2.25,7.280008252884188,8.30671904320269,2.0,0,0,3,1450,0.0,2010,0,2014,7,6,21,23,0,274500.0
2.0,1.5,6.68586094706836,7.659171367666058,2.0,0,0,3,800,0.0,2008,0,2014,7,6,35,49,0,265050.0
3.0,2.5,7.732369222284388,7.8252452914317745,2.0,0,0,3,1880,5.993961427306569,2006,0,2014,7,6,16,15,0,567500.0
3.0,4.5,8.25608813381491,11.046547255939533,2.0,0,0,3,3120,6.594413459749778,2013,1923,2014,7,6,31,32,0,915000.0
5.0,2.5,7.7279755421055585,8.748463629942055,2.0,0,0,3,2270,0.0,1995,0,2014,7,4,1,45,0,285000.0
3.0,2.5,7.719129840906732,8.646992628951082,2.0,0,0,3,2250,0.0,2000,0,2014,7,4,35,65,0,445838.0
4.0,1.75,7.8636512654486515,9.33485624667375,1.0,0,0,4,1610,6.898714534329988,1969,0,2014,7,4,18,19,0,304900.0
4.0,2.0,7.820439515262181,9.161780181360806,2.0,0,0,5,2490,0.0,1968,0,2014,7,4,23,25,0,940000.0
4.0,2.5,8.058643712215618,9.021839764105513,2.0,0,0,4,3160,0.0,1995,0,2014,7,4,19,21,0,1127000.0
4.0,4.25,8.503297086224126,10.154829758209017,2.0,0,0,3,4930,0.0,2005,0,2014,7,4,1,45,0,835000.0
3.0,1.0,7.273092595999522,9.328212292571072,1.0,0,0,3,1440,0.0,1967,2011,2014,7,4,32,33,0,290000.0
3.0,1.75,7.479299637782834,9.090317329376452,1.0,0,0,4,1770,0.0,1959,0,2014,7,4,1,1,0,250000.0
4.0,2.5,7.741099090035366,8.771680359010377,2.0,0,0,3,2300,0.0,2001,0,2014,7,4,18,18,0,342000.0
4.0,2.5,8.000014093678072,9.696709355308183,2.0,0,0,3,2980,0.0,1989,0,2014,7,4,3,5,0,1012000.0
4.0,2.25,7.7102051944325325,8.881975184248867,1.0,0,0,4,1300,6.836259277277067,1963,0,2014,7,4,36,62,0,400000.0
3.0,1.75,7.5126175446745105,8.98343977178426,1.0,0,0,3,930,6.803505257608338,1950,2008,2014,7,4,32,33,0,312500.0
3.0,1.0,7.462214939768189,9.294313805752362,1.0,0,0,4,1020,6.580639137284949,1962,0,2014,7,4,40,72,0,267000.0
3.0,1.75,7.333676395657684,8.81640849968169,1.0,0,0,3,1410,4.795790545596741,1955,2005,2014,7,4,35,55,0,575000.0
3.0,1.5,7.327123292259293,9.109635667854551,1.0,0,0,4,1520,0.0,1954,1979,2014,7,4,3,3,0,810000.0
3.0,2.5,8.080546965824498,8.517393171418904,2.0,0,2,5,2430,6.68586094706836,1945,0,2014,7,4,35,56,0,850000.0
3.0,3.25,8.19450550976564,8.294299608857235,2.0,0,0,3,2730,6.792344427470809,2005,0,2014,7,4,35,74,0,1015000.0
4.0,3.75,8.531293315795018,11.004164375253117,2.0,0,0,3,5070,0.0,2000,0,2014,7,4,31,32,0,1100000.0
3.0,1.75,7.359467638255621,9.076923258535832,1.0,0,0,3,1570,0.0,1960,2012,2014,7,4,6,66,0,240000.0
4.0,1.75,7.640603826393634,8.881975184248867,1.0,0,0,4,1050,6.93828448401696,1966,0,2014,7,4,1,0,0,198000.0
4.0,2.5,7.7102051944325325,9.062420241899561,1.0,0,0,4,1430,6.68586094706836,1969,0,2014,7,4,31,31,0,565000.0
5.0,3.0,8.137688184977605,9.805323303748898,2.0,0,0,3,2540,6.78105762593618,1952,2005,2014,7,4,23,25,0,1195000.0
8.0,2.75,7.934155233536322,8.80926561216931,1.0,0,0,3,1470,7.186144304522325,1977,2004,2014,7,4,36,62,0,340000.0
4.0,2.5,8.055475141757274,8.343791731996841,2.0,0,0,3,3150,0.0,2002,0,2014,7,4,19,21,0,815000.0
4.0,3.25,8.27664912542186,9.299266581170585,2.0,0,0,3,3930,0.0,2006,0,2014,7,4,3,3,0,1875000.0
5.0,3.0,7.692113339595466,8.497194544909547,2.0,0,0,5,1490,6.55250788703459,1940,0,2014,7,4,35,56,0,588000.0
4.0,2.5,7.544861068658458,8.848365694942547,2.0,0,0,3,1890,0.0,1997,0,2014,7,4,1,45,0,280500.0
4.0,2.0,7.550135342488429,11.249975028737632,1.0,0,0,3,1900,0.0,2004,2003,2014,7,4,18,26,0,390000.0
2.0,1.5,7.565793282428515,8.166784289056151,2.0,0,0,3,1930,0.0,1989,0,2014,7,4,3,6,0,509000.0
3.0,2.5,8.106816038947052,9.345570321236286,2.0,0,0,3,3316,0.0,1986,0,2014,7,4,14,13,0,490600.0
3.0,1.5,7.2305631534092925,8.412054873292933,1.0,0,0,5,1380,0.0,1960,0,2014,7,4,23,25,0,650000.0
3.0,4.0,7.640603826393634,7.719129840906732,3.0,0,4,3,2080,0.0,1997,0,2014,7,4,35,47,0,715000.0
3.0,1.0,7.123672785204607,8.517393171418904,1.5,0,0,5,1240,0.0,1909,1988,2014,7,4,35,50,0,529950.0
3.0,1.0,6.928537818164665,9.060795734696166,1.0,0,0,5,1020,0.0,1959,0,2014,7,4,32,34,0,265000.0
3.0,2.0,7.766840537085513,8.476579508530941,2.0,0,0,3,2360,0.0,1909,2014,2014,7,4,35,53,0,1755000.0
3.0,2.5,7.930565854233965,10.419420113670263,1.5,0,1,4,2110,6.508769136971682,1969,0,2014,7,4,33,43,0,1140000.0
3.0,2.0,7.741099090035366,9.504426892100957,1.0,0,0,3,1430,6.769641976852503,1955,2005,2014,7,4,3,3,0,610000.0
4.0,2.5,7.611347717403621,8.37816098272068,2.0,0,0,5,1730,5.673323267171493,1943,0,2014,7,4,35,74,0,554729.0
5.0,1.75,7.518064181233078,9.254739959272866,1.0,0,2,3,1360,6.175867270105761,1948,1994,2014,7,4,6,68,0,395000.0
3.0,1.0,7.237778191923443,8.479491324232226,1.5,0,0,3,1390,0.0,1908,1988,2014,7,4,35,54,0,341000.0
4.0,2.25,7.630946580890459,9.340139809511028,1.0,0,0,4,1200,6.7580945044277305,1962,0,2014,7,4,14,13,0,264500.0
4.0,2.75,7.878912912297133,10.465129857127469,1.5,0,0,3,2640,0.0,1963,2008,2014,7,4,18,19,0,395000.0
3.0,2.25,7.591357046698551,9.221873607789856,1.0,0,0,3,1980,0.0,1959,1989,2014,7,4,3,4,0,640000.0
3.0,1.5,7.501634457883413,8.533263371593732,1.0,0,0,3,1030,6.660575149839686,1958,2004,2014,7,4,35,54,0,430000.0
4.0,2.5,7.438971592395862,9.105090961257085,1.0,0,0,5,1700,0.0,1972,0,2014,7,4,19,22,0,410000.0
4.0,1.0,7.0909098220799835,8.699681400989514,1.5,0,0,3,1200,0.0,1923,1998,2014,7,4,35,49,0,220000.0
4.0,3.25,8.000014093678072,8.188966863648876,2.0,0,0,3,2150,6.7226297948554485,1999,0,2014,7,4,35,53,0,1625000.0
2.0,2.75,7.208600337960199,7.133295954896068,2.0,0,0,3,1120,5.442417710521793,2006,0,2014,7,4,35,63,0,405500.0
4.0,2.5,7.766840537085513,9.210440366976517,1.0,0,3,3,1980,5.942799375126701,1977,2004,2014,7,4,35,61,0,633000.0
2.0,1.0,7.0825485693553,8.732465848349879,1.0,0,0,3,1190,0.0,1948,1994,2014,7,4,36,62,0,295950.0
4.0,2.5,7.937731775260109,9.28609698437543,1.0,0,0,3,1420,7.2305631534092925,1970,2014,2014,7,4,3,7,0,605000.0
2.0,1.5,6.825460036255307,7.377133712833954,2.0,0,0,3,920,0.0,1995,0,2014,7,4,35,62,0,255000.0
3.0,1.75,7.333676395657684,8.987321812850125,2.0,0,0,3,1530,0.0,1978,0,2014,7,4,31,31,0,474000.0
2.0,1.0,6.7580945044277305,8.525359754082631,1.0,0,0,3,860,0.0,1956,2001,2014,7,4,35,56,0,370000.0
3.0,2.5,7.327123292259293,8.187021067343505,2.0,0,0,3,1520,0.0,2004,2003,2014,7,4,21,23,0,288000.0
2.0,0.75,6.493753839851686,8.564267598802166,1.0,0,0,4,660,0.0,1912,1989,2014,7,4,18,20,0,100000.0
5.0,2.5,8.183397369998433,9.09627541568821,2.0,0,0,3,3580,0.0,2000,0,2014,7,4,19,21,0,1150000.0
5.0,2.25,8.006700845440367,9.539644119118783,2.0,0,0,4,3000,0.0,1975,0,2014,7,4,31,31,0,600000.0
5.0,3.25,7.916078096302786,9.172638504792172,1.0,0,0,5,1390,7.208600337960199,1977,0,2014,7,4,5,9,0,515000.0
4.0,2.5,7.621195162809845,8.616857514529183,2.0,0,0,3,2040,0.0,1999,0,2014,7,4,6,66,0,345000.0
6.0,2.75,7.83241092718792,10.899716371226633,2.0,1,4,3,2520,0.0,1954,2005,2014,7,4,35,65,0,975000.0
3.0,2.0,7.81237820598861,9.082620630373812,2.0,0,0,3,2470,0.0,1961,2004,2014,7,4,23,25,0,850000.0
3.0,2.5,7.565793282428515,7.207118856207756,2.0,0,0,3,1300,6.447305862541213,2005,0,2014,7,4,35,74,0,439990.0
3.0,2.5,7.989899374942939,9.235520670506482,2.0,0,0,3,2950,0.0,2006,0,2014,7,4,32,37,0,554950.0
3.0,2.5,7.8674885686991285,8.764990330169104,2.0,0,0,3,2610,0.0,2001,0,2014,7,4,38,38,0,605000.0
3.0,1.75,7.396948602621014,7.3310603052186325,3.0,0,0,3,1630,0.0,2014,0,2014,7,4,35,47,0,609000.0
3.0,1.5,7.244941546337007,6.930494765951626,3.0,0,0,3,1400,0.0,2007,0,2014,7,4,35,54,0,425000.0
2.0,1.75,7.252053951852814,6.913737350659685,1.5,0,0,3,900,6.236369590203704,2011,0,2014,7,4,16,17,0,399900.0
4.0,3.5,8.382747094863314,9.292933670280036,2.0,0,0,3,4370,0.0,2008,0,2014,7,4,32,37,0,1025000.0
4.0,4.25,8.519390774959724,9.873698223725375,2.0,0,1,3,4000,6.918695219020472,2014,0,2014,7,4,23,25,0,2351956.0
4.0,3.0,7.85979918056211,8.725994381014571,2.0,0,0,3,2590,0.0,2014,0,2014,7,4,32,37,0,519995.0
3.0,1.5,7.170888478512505,8.881975184248867,1.0,0,0,5,1300,0.0,1960,0,2014,7,0,19,21,0,625000.0
3.0,2.5,7.749753406274437,8.937218450855731,2.0,0,0,3,2320,0.0,2003,0,2014,7,0,16,15,0,600000.0
4.0,2.5,7.901377353792616,8.360773272144936,2.0,0,0,3,2700,0.0,2004,2003,2014,7,2,35,54,0,1200000.0
4.0,2.25,7.979681302387741,8.781708985836179,2.0,0,0,4,2260,6.493753839851686,1937,0,2014,7,2,35,53,0,1738000.0
4.0,3.0,8.049107721326406,8.648396877031582,1.5,0,0,3,1750,7.2305631534092925,1953,0,2014,7,2,35,54,0,671000.0
3.0,1.75,7.293697720601438,8.507344855361422,1.0,0,0,3,1030,6.089044875446846,1984,0,2014,7,2,35,62,0,459500.0
3.0,2.5,7.340186835320115,7.190676034332207,3.0,0,0,3,1390,5.017279836814924,1995,0,2014,7,2,35,58,0,499000.0
4.0,2.5,8.058643712215618,8.438366410870266,1.5,0,4,3,2020,7.039660349862076,1917,2005,2014,7,3,35,55,0,1280000.0
3.0,1.75,7.300472814267799,8.94910546953925,1.0,0,0,3,1480,0.0,1975,0,2014,7,3,19,22,0,395000.0
5.0,2.75,8.18757739559151,8.637639344492104,2.0,0,0,3,3595,0.0,2014,0,2014,7,1,31,32,0,861990.0
2.0,1.0,7.0825485693553,8.398634855292102,1.0,0,0,3,1190,0.0,1981,2013,2014,7,1,35,60,0,382500.0
3.0,1.75,7.186144304522325,7.824445930877619,1.0,0,0,3,870,6.111467339502679,1918,0,2014,7,1,35,48,0,530000.0
2.0,1.0,7.0825485693553,10.203888397395684,1.0,0,0,4,1190,0.0,1910,0,2014,7,1,16,15,0,195000.0
4.0,2.25,7.762596048540069,9.83097062169695,2.0,0,0,4,2350,0.0,1977,0,2014,7,1,17,16,0,747500.0
3.0,1.0,7.00397413672268,9.054972284742485,1.0,0,0,3,1100,0.0,1961,2004,2014,7,1,14,13,0,199990.0
4.0,1.0,7.415175109613295,8.45638105201948,1.5,0,0,3,1260,5.993961427306569,1930,1997,2014,7,1,35,54,0,548800.0
4.0,3.0,8.019941687677365,10.498111898237447,1.5,0,0,3,2680,5.8888779583328805,1923,2014,2014,7,1,33,42,0,870000.0
3.0,2.0,7.528869256642251,8.471777327885755,2.0,0,0,5,1860,0.0,1908,0,2014,7,1,35,54,0,588000.0
6.0,3.0,8.30671904320269,10.496040617860372,2.0,0,0,4,2620,7.266128779556451,1970,0,2014,7,1,16,15,0,670000.0
2.0,2.0,7.123672785204607,7.824445930877619,2.0,0,0,3,1240,0.0,1985,0,2014,7,1,35,56,0,445000.0
4.0,3.0,7.696667081526462,9.287394001418473,1.0,0,0,3,2200,0.0,1960,2012,2014,7,1,32,36,0,300000.0
3.0,2.25,7.427144133408616,9.115040192121858,1.0,0,0,4,1130,6.311734809152915,1959,0,2014,7,1,3,7,0,480000.0
3.0,1.0,6.836259277277067,8.548885638148727,1.5,0,0,5,930,0.0,1919,1934,2014,7,1,35,49,0,300000.0
3.0,1.5,7.496097345175956,9.99884318585288,2.0,0,0,3,1800,0.0,1931,0,2014,7,1,40,69,0,360000.0
6.0,3.5,8.006700845440367,9.036225051729327,1.0,0,0,3,1500,7.313886831633462,1979,2014,2014,7,1,35,60,0,527000.0
3.0,1.5,7.507141079727608,9.448333126140598,1.0,0,0,4,1820,0.0,1952,0,2014,7,1,3,3,0,875000.0
4.0,2.25,7.59890045687141,8.86827250899781,2.0,0,0,4,1995,0.0,1981,0,2014,7,1,14,13,0,266000.0
4.0,3.25,8.291797105048733,9.18881025342582,2.0,0,0,3,3990,0.0,2004,2003,2014,7,1,31,32,0,866000.0
2.0,1.5,6.68586094706836,8.555066843844319,1.0,0,0,5,800,0.0,1951,0,2014,7,1,35,65,0,335950.0
3.0,1.0,6.8679744089702925,9.165761328578215,1.0,0,0,5,960,0.0,1967,0,2014,7,1,14,13,0,215000.0
4.0,2.5,7.734996194022781,9.020389788017736,2.0,0,0,3,2286,0.0,2002,0,2014,7,1,32,34,0,481000.0
3.0,1.75,7.7057128238944275,9.362803915102651,1.0,0,0,3,1270,6.85751406254539,1950,2005,2014,7,1,17,16,0,320000.0
3.0,1.75,7.57095858316901,8.922791623969637,1.5,0,0,4,1940,0.0,1918,1985,2014,7,1,12,12,0,295000.0
3.0,1.5,7.403061091090091,8.885025658050846,2.0,0,0,4,1640,0.0,1908,0,2014,7,1,35,51,0,295000.0
3.0,1.0,7.02197642307216,9.266437111328052,1.0,0,0,4,1120,0.0,1969,0,2014,7,1,42,44,0,320000.0
4.0,2.0,7.8636512654486515,8.476579508530941,1.0,0,2,3,1400,7.0909098220799835,1953,0,2014,7,1,35,58,0,780000.0
3.0,2.0,7.307202314764738,8.476579508530941,2.0,0,0,5,1490,0.0,1948,1985,2014,7,1,35,56,0,437500.0
5.0,1.75,7.409136443920128,8.006700845440367,1.5,0,0,3,1650,0.0,1902,0,2014,7,1,35,64,0,443000.0
4.0,2.5,7.783640596221253,8.722254235179681,2.0,0,0,3,2400,0.0,1990,2009,2014,7,1,33,42,0,575000.0
2.0,1.0,7.313886831633462,8.807771066980044,1.0,0,0,3,1190,5.739792912179234,1926,2003,2014,7,1,35,62,0,245000.0
3.0,2.5,7.596392304064196,9.456731590010083,2.0,0,0,3,1990,0.0,1993,0,2014,7,1,17,16,0,450000.0
2.0,1.5,7.030857476116121,6.616065185132817,2.0,0,0,3,1030,4.61512051684126,2009,0,2014,7,1,35,50,0,536000.0
3.0,3.25,7.616283561580385,9.312084355859467,2.0,0,0,4,2030,0.0,1980,0,2014,7,1,31,31,0,685000.0
4.0,1.75,7.372118028337787,8.97727273946428,2.0,0,0,4,1590,0.0,1960,2001,2014,7,1,36,62,0,373000.0
3.0,1.75,7.300472814267799,9.035391569511642,1.0,0,0,4,1480,0.0,1971,0,2014,7,1,31,31,0,450000.0
4.0,2.5,7.897668150726906,9.833815879286808,2.0,0,0,3,2690,0.0,1985,0,2014,7,1,33,42,0,645000.0
3.0,2.5,8.261268150577648,10.749570389366786,2.0,0,3,3,3870,0.0,1997,0,2014,7,1,3,7,0,1275000.0
3.0,1.0,7.237778191923443,8.699681400989514,1.0,0,0,3,1390,0.0,1954,2005,2014,7,1,32,34,0,230000.0
3.0,2.75,7.5126175446745105,7.523481312573497,2.0,0,0,3,1690,4.948759890378168,2011,0,2014,7,1,16,15,0,593000.0
2.0,2.0,7.365812837209472,8.657129031713755,1.0,0,0,5,790,6.673297967767654,1910,0,2014,7,1,35,55,0,558000.0
3.0,2.25,7.85979918056211,9.631022445889208,2.0,0,3,3,2590,0.0,1984,0,2014,7,1,10,73,0,538250.0
5.0,2.5,7.828436359157585,8.993551586299981,1.0,0,0,4,1490,6.928537818164665,1977,0,2014,7,1,19,22,0,475000.0
3.0,1.5,7.074116816197362,8.895766604056085,1.0,0,0,4,1180,0.0,1968,0,2014,7,1,1,1,0,209950.0
3.0,2.25,7.280008252884188,9.863030074904852,2.0,0,0,3,1450,0.0,1989,0,2014,7,1,33,42,0,410000.0
3.0,2.5,8.042699496897637,8.819665349340653,2.0,0,1,4,2550,6.329720905522696,1946,1989,2014,7,1,35,54,0,1636000.0
5.0,2.5,7.95892649305011,11.134880952438056,2.0,0,0,5,2860,0.0,1958,0,2014,7,1,38,38,0,670000.0
3.0,2.75,7.923348211930154,9.045111892608405,1.0,0,0,4,1690,6.976348070447749,1967,0,2014,7,1,23,25,0,821000.0
5.0,2.0,7.937731775260109,9.78633556772527,1.0,0,0,4,1400,7.244941546337007,1963,0,2014,7,1,19,21,0,665000.0
3.0,2.5,7.280008252884188,8.229244416735913,2.0,0,0,3,1450,0.0,2004,2003,2014,7,1,38,38,0,339000.0
4.0,2.0,7.836369760545124,8.639587799629844,1.5,0,0,4,1910,6.431331081933479,1910,0,2014,7,1,35,55,0,631500.0
3.0,2.0,7.403061091090091,7.940583827104244,1.0,0,3,4,820,6.710523109452428,1924,0,2014,7,1,35,64,0,570000.0
3.0,1.75,7.7057128238944275,9.773891264365055,1.0,0,0,4,2220,0.0,1967,0,2014,7,1,42,41,0,437000.0
3.0,2.5,7.621195162809845,9.219002745054835,2.0,0,0,3,2040,0.0,1987,2000,2014,7,1,31,31,0,542500.0
3.0,1.0,7.115582126184454,8.699681400989514,1.0,0,0,4,1230,0.0,1967,0,2014,7,1,1,1,0,229500.0
2.0,1.0,6.966967138613983,8.94910546953925,1.0,0,0,3,820,5.484796933490655,1981,2013,2014,7,1,32,33,0,170500.0
3.0,2.5,7.560601162768557,9.172223049863055,2.0,0,0,3,1920,0.0,1993,0,2014,7,1,27,27,0,391500.0
3.0,2.5,7.327123292259293,8.335911094196945,2.0,0,0,3,1520,0.0,2004,2003,2014,7,1,21,23,0,296475.0
4.0,3.25,8.235095497258357,8.319717386850606,2.0,0,0,5,2710,6.966967138613983,1925,0,2014,7,1,35,52,0,1450000.0
3.0,2.5,8.172164452111904,10.553805517120653,2.0,0,0,3,3540,0.0,1989,0,2014,7,1,31,32,0,888550.0
4.0,3.0,8.599878558034845,11.598194491615347,2.0,0,0,4,5430,0.0,1987,0,2014,7,1,31,32,0,1360000.0
3.0,2.0,7.719129840906732,8.975250749643573,1.5,0,0,3,2250,0.0,1998,2006,2014,7,1,1,0,0,328000.0
4.0,2.5,7.645397699428633,8.55564437779049,2.0,0,0,3,2090,0.0,2007,0,2014,7,1,18,19,0,300000.0
3.0,2.5,7.450660796211539,8.0106915391303,2.0,0,0,3,1720,0.0,2011,0,2014,7,1,35,62,0,500000.0
3.0,2.5,7.555381944240273,7.645875825184813,2.0,0,0,3,1910,0.0,2014,0,2014,7,1,16,17,0,494815.0
3.0,2.5,7.379008127628304,7.820840879907344,3.0,0,0,3,1536,4.189654742026425,2007,0,2014,7,1,35,60,0,378000.0
2.0,2.25,6.966967138613983,7.098375638590786,2.0,0,0,3,940,4.795790545596741,2006,0,2014,7,1,35,46,0,505000.0
4.0,2.75,7.754052639035757,8.27410200229233,2.0,0,0,3,2330,0.0,2005,0,2014,7,1,16,17,0,680000.0
3.0,2.5,7.771067086065406,8.343077871169383,2.0,0,0,3,2370,0.0,2014,0,2014,7,1,21,23,0,351999.0
3.0,2.5,7.259116128097101,7.121252453244542,3.0,0,0,3,1420,0.0,2014,0,2014,7,1,35,50,0,510000.0
4.0,2.25,7.766840537085513,8.294299608857235,2.0,0,0,3,2360,0.0,2013,1923,2014,7,1,35,53,0,1300000.0
2.0,1.5,7.13966033596492,7.362645270417825,2.0,0,0,3,1260,0.0,2001,0,2014,7,1,35,64,0,374000.0
3.0,2.5,8.016647877057803,9.110961927995904,2.0,0,0,3,3030,0.0,2009,0,2014,7,1,32,37,0,509900.0
3.0,1.75,7.039660349862076,7.091742115095153,2.0,0,0,3,1140,0.0,2014,0,2014,7,1,35,51,0,230000.0
5.0,2.5,7.944846711001996,9.145908511816794,1.0,0,0,4,1550,7.147559271189454,1968,0,2014,7,5,3,5,0,527700.0
2.0,2.0,7.147559271189454,7.224753405767971,3.0,0,0,3,1270,0.0,2000,0,2014,7,5,35,54,0,438000.0
3.0,2.5,8.064950891749143,9.441531454869693,2.0,0,0,4,3180,0.0,1978,2000,2014,7,5,33,42,0,900000.0
3.0,2.25,7.934155233536322,9.531843992903474,1.0,0,3,3,2790,0.0,2006,0,2014,7,5,26,68,0,1131000.0
4.0,2.25,7.852050207265889,9.159468041602427,2.0,0,0,3,2570,0.0,1980,0,2014,7,5,5,9,0,439000.0
2.0,1.0,6.985641817639208,7.891704659330107,1.0,0,0,4,720,5.8888779583328805,1919,1985,2014,7,5,35,51,0,315000.0
4.0,4.0,8.010027528481734,8.884887201837403,2.0,0,0,3,3010,0.0,2004,2003,2014,7,5,33,43,0,765000.0
3.0,2.25,7.659642954564682,9.610189741298711,1.0,0,0,3,1720,5.993961427306569,1979,2014,2014,7,5,1,0,0,332000.0
3.0,2.25,7.550135342488429,10.749570389366786,1.5,0,0,4,1440,6.133398042996649,1969,0,2014,7,5,42,41,0,600000.0
3.0,2.5,7.95892649305011,10.687891253367626,2.0,0,0,4,2860,0.0,1990,0,2014,7,5,1,45,0,378500.0
3.0,1.0,6.814542897259958,9.266342562091468,1.0,0,0,4,910,0.0,1968,0,2014,7,5,14,2,0,190000.0
4.0,2.5,7.955425088912672,10.532709357279819,2.0,0,0,3,2850,0.0,1987,2000,2014,7,5,33,43,0,645000.0
2.0,2.5,7.848153086199526,7.824445930877619,2.0,0,0,5,1690,6.769641976852503,1901,0,2014,7,5,35,53,0,780000.0
3.0,1.75,7.359467638255621,9.730205020392843,2.0,0,0,3,1570,0.0,1982,0,2014,7,5,27,27,0,370000.0
4.0,3.5,8.042699496897637,11.594182819277162,2.0,0,2,4,3110,0.0,1979,0,2014,7,5,33,43,0,875000.0
3.0,1.0,7.201170883281678,9.528866827722945,1.0,0,0,4,1340,0.0,1955,2009,2014,7,5,3,5,0,479000.0
4.0,2.25,7.8636512654486515,8.762646029650282,1.0,0,0,3,1390,7.099201743553092,1978,0,2014,7,5,14,13,0,245000.0
3.0,1.75,6.976348070447749,8.991064332188461,1.0,0,0,3,1070,0.0,1966,2014,2014,7,5,31,31,0,542000.0
3.0,2.25,7.507141079727608,9.176886995716963,2.0,0,0,3,1820,0.0,1984,0,2014,7,5,31,31,0,557500.0
2.0,1.0,6.966967138613983,8.019941687677365,1.0,0,0,3,860,5.303304908059076,1924,2011,2014,7,5,35,47,0,480000.0
3.0,2.25,7.7057128238944275,8.309184527686298,1.0,0,0,3,1330,6.792344427470809,1993,0,2014,7,5,35,57,0,330000.0
3.0,1.0,7.208600337960199,9.071193240566025,1.5,0,0,3,1350,0.0,1942,1999,2014,7,5,34,72,0,160000.0
5.0,2.75,7.828436359157585,9.1248914101437,1.0,0,1,4,1600,6.814542897259958,1975,0,2014,7,5,31,31,0,695500.0
5.0,2.5,7.75833346749091,9.52617248784431,1.0,0,0,2,1670,6.508769136971682,1967,0,2014,7,5,14,2,0,235500.0
3.0,1.0,6.966967138613983,8.97727273946428,1.0,0,0,4,1060,0.0,1968,0,2014,7,5,35,49,0,326500.0
4.0,2.5,7.696667081526462,8.995412975433313,2.0,0,0,3,2200,0.0,1998,2006,2014,7,5,18,19,0,300000.0
3.0,1.0,7.244941546337007,8.999742789830492,1.5,0,0,3,1400,0.0,1944,0,2014,7,5,35,60,0,267000.0
3.0,1.5,7.327123292259293,8.871224644409553,1.0,0,0,4,1520,0.0,1959,0,2014,7,5,32,34,0,292600.0
5.0,3.0,7.501634457883413,8.006700845440367,2.0,0,0,3,1810,0.0,1998,2006,2014,7,5,35,57,0,362000.0
2.0,2.0,7.766840537085513,9.33617975681533,1.5,0,0,3,2360,0.0,1997,0,2014,7,5,23,25,0,1087500.0
2.0,1.75,7.099201743553092,6.940222469119639,2.0,0,0,3,1210,0.0,2014,0,2014,7,5,16,17,0,357562.0
3.0,2.5,8.137688184977605,10.132652936168832,1.0,0,0,4,1750,7.421177528595393,1987,0,2014,7,5,3,5,0,789900.0
3.0,2.5,7.501634457883413,8.432288684325794,2.0,0,0,3,1810,0.0,1992,0,2014,7,5,16,17,0,513000.0
3.0,2.25,7.923348211930154,9.22631214148588,1.0,0,0,3,2760,0.0,1969,2010,2014,7,5,32,36,0,336000.0
4.0,2.25,7.576097340623111,9.19023970026918,1.0,0,0,3,1330,6.431331081933479,1968,1997,2014,7,5,19,21,0,560000.0
3.0,2.5,8.25088114470065,10.79433739192833,2.0,0,0,3,3830,0.0,1991,0,2014,7,5,3,5,0,1150000.0
4.0,2.25,7.630946580890459,8.8934354408475,1.0,0,0,3,1220,6.734591659972948,1963,2013,2014,7,5,36,67,0,410000.0
3.0,1.0,7.409136443920128,8.764209507142004,1.0,0,0,4,980,6.508769136971682,1954,1979,2014,7,5,35,49,0,371500.0
4.0,1.75,7.650168700845001,9.387900611668426,1.0,0,0,3,1030,6.976348070447749,1964,2000,2014,7,5,35,49,0,368000.0
4.0,3.0,8.221747728346623,10.959540226785442,1.0,0,0,3,1880,7.518064181233078,2003,0,2014,7,5,7,10,0,650000.0
4.0,2.5,7.560601162768557,9.055205875026193,2.0,0,2,4,1920,0.0,1994,0,2014,7,5,12,12,0,308950.0
2.0,2.5,7.736743682453495,8.162801353492073,2.0,0,0,3,2290,0.0,2005,0,2014,7,5,16,17,0,630000.0
3.0,1.75,7.0909098220799835,9.114490046319348,1.0,0,0,4,1200,0.0,1968,0,2014,7,5,14,13,0,228950.0
4.0,3.5,8.569975376855206,10.886108948699558,2.0,0,0,3,3440,7.5126175446745105,2004,2003,2014,7,5,32,36,0,782000.0
3.0,2.5,7.3783837129967145,7.933438387627489,2.0,0,0,4,1600,0.0,1992,0,2014,7,5,18,19,0,245000.0
4.0,2.5,7.848153086199526,8.299285906897275,2.0,0,0,3,2560,0.0,2006,0,2014,7,5,21,23,0,410000.0
2.0,1.0,6.78105762593618,8.294299608857235,1.0,0,0,3,880,0.0,1940,1996,2014,7,5,35,56,0,427550.0
2.0,1.0,6.928537818164665,8.97727273946428,1.0,0,0,3,1020,0.0,1939,1969,2014,7,5,35,51,0,235000.0
3.0,2.0,6.8679744089702925,9.14644164612595,1.0,0,0,3,960,0.0,1949,1998,2014,7,5,35,65,0,210000.0
4.0,2.25,7.550135342488429,8.881975184248867,1.0,0,0,3,1370,6.274762021241939,1977,2004,2014,7,5,35,65,0,485000.0
3.0,2.0,7.186144304522325,8.699681400989514,1.5,0,0,4,1320,0.0,1920,0,2014,7,5,35,64,0,410000.0
4.0,2.75,7.7102051944325325,9.17378011666438,1.0,0,0,3,1320,6.814542897259958,1998,2006,2014,7,5,35,60,0,435000.0
3.0,1.0,7.048386408721883,8.897682313454224,1.0,0,0,3,1150,0.0,1960,2012,2014,7,5,3,7,0,300000.0
4.0,3.5,8.14351740579748,8.699681400989514,2.0,0,0,4,3440,0.0,2002,0,2014,7,5,26,73,0,455000.0
3.0,1.0,6.976348070447749,9.009447429596793,1.0,0,0,3,1070,0.0,1949,1998,2014,7,5,35,65,0,210000.0
4.0,2.75,7.719129840906732,8.141481041457421,1.5,0,0,3,1500,6.621405651764134,1927,2013,2014,7,5,35,53,0,1050000.0
4.0,2.5,7.555381944240273,9.239996256883693,1.0,0,0,3,1910,0.0,1921,1968,2014,7,5,36,70,0,458400.0
3.0,1.75,7.074116816197362,9.714322633260165,1.0,0,0,4,1180,0.0,1967,0,2014,7,5,42,41,0,390000.0
3.0,1.0,7.244941546337007,8.903951072058707,1.0,0,0,4,1400,0.0,1968,0,2014,7,5,1,45,0,148226.0
4.0,3.0,8.183397369998433,9.139595967450425,2.5,0,0,3,2370,7.099201743553092,1991,0,2014,7,5,3,6,0,711600.0
3.0,2.75,8.063692634269517,9.502412792729256,2.0,0,3,4,2726,6.111467339502679,1985,0,2014,7,5,14,2,0,819000.0
2.0,2.0,7.065613363597717,7.544861068658458,1.5,0,1,4,1170,0.0,1927,0,2014,7,5,35,58,0,613000.0
2.0,2.0,7.359467638255621,8.448057452581375,1.0,0,0,3,1570,0.0,2006,0,2014,7,5,31,32,0,592350.0
3.0,1.5,7.2868764117507,9.61587214452889,1.0,0,0,3,1460,0.0,1966,1963,2014,7,5,1,0,0,232000.0
3.0,1.75,7.039660349862076,9.249657234353133,1.0,0,0,4,1140,0.0,1983,0,2014,7,5,24,76,0,250000.0
1.0,2.0,7.048386408721883,9.191463316206494,1.0,0,0,4,1150,0.0,1962,0,2014,7,5,1,0,0,115000.0
4.0,2.5,8.064950891749143,10.37136392076569,1.0,0,0,4,2390,6.673297967767654,1978,2000,2014,7,5,3,6,0,1115000.0
4.0,2.5,7.875119281040293,8.730043953245016,2.0,0,0,3,2630,0.0,1999,0,2014,7,5,32,34,0,585000.0
3.0,2.25,7.57095858316901,8.696343057044556,1.0,0,0,3,1520,6.042632833682381,1987,2000,2014,7,5,16,15,0,580000.0
1.0,1.0,6.7464121285733745,8.993551586299981,1.0,0,0,2,850,0.0,1906,0,2014,7,5,35,57,0,165000.0
3.0,2.0,7.346655163176539,8.706159290928861,1.0,0,0,5,830,6.580639137284949,1942,0,2014,7,5,35,61,0,430000.0
3.0,2.25,7.645397699428633,9.61587214452889,1.0,0,0,3,2090,0.0,1961,2004,2014,7,5,27,27,0,383000.0
4.0,3.5,8.284251797621916,8.803123730829212,2.0,0,0,3,2850,7.01301578963963,2006,0,2014,7,5,35,74,0,1195000.0
3.0,1.0,7.186144304522325,8.517393171418904,1.5,0,0,3,1320,0.0,1912,1994,2014,7,5,35,55,0,201500.0
4.0,2.5,8.0774471493312,10.474495347310453,2.0,0,0,3,3220,0.0,1991,0,2014,7,5,42,41,0,690000.0
2.0,1.0,6.68586094706836,8.890272839380247,1.0,0,0,3,800,0.0,1953,0,2014,7,5,35,61,0,325000.0
3.0,1.75,7.415175109613295,9.177197153382929,1.0,0,0,3,1130,6.274762021241939,1976,0,2014,7,5,42,41,0,375000.0
4.0,2.5,7.719129840906732,9.338821533624722,2.0,0,0,3,2250,0.0,1991,0,2014,7,5,19,22,0,600000.0
3.0,2.25,7.659642954564682,9.479680250180099,1.0,0,0,3,2120,0.0,1997,0,2014,7,5,1,1,0,340000.0
4.0,2.75,7.745435610274381,8.299285906897275,3.0,0,0,5,2310,0.0,1979,0,2014,7,5,35,59,0,890000.0
4.0,1.75,7.560601162768557,8.94910546953925,2.0,0,0,4,1920,0.0,1970,0,2014,7,5,25,34,0,415000.0
3.0,1.75,7.346655163176539,9.18204377282107,1.0,0,0,3,1050,6.2166061010848646,1976,0,2014,7,5,4,8,0,255000.0
2.0,2.5,7.487733761436444,6.659293919683638,2.0,0,0,3,1595,5.25227342804663,1975,0,2014,7,5,3,3,0,530000.0
3.0,1.5,7.5126175446745105,9.195125206169703,1.0,0,0,5,1830,0.0,1962,0,2014,7,5,25,34,0,468000.0
5.0,2.75,8.160803920954665,8.525359754082631,2.0,0,2,3,2950,6.311734809152915,1927,2007,2014,7,5,35,61,0,970000.0
3.0,2.0,7.848153086199526,9.59430941973946,1.0,0,0,3,1330,7.115582126184454,1987,2000,2014,7,5,31,31,0,599000.0
4.0,1.75,7.215975002651466,8.484876589939695,1.5,0,0,4,1360,0.0,1928,0,2014,7,5,35,61,0,399500.0
4.0,3.5,8.055475141757274,8.612685172875459,2.0,0,0,3,3150,0.0,2014,0,2014,7,5,35,48,0,1205000.0
2.0,1.0,6.698268054115413,8.314097335405807,1.0,0,0,4,810,0.0,1941,1998,2014,7,5,35,61,0,325000.0
4.0,1.75,7.934155233536322,9.76864100976636,1.0,0,2,3,1450,7.201170883281678,1956,2001,2014,7,5,6,68,0,568000.0
2.0,1.5,7.560601162768557,8.134174272137903,1.0,0,0,4,960,6.8679744089702925,1912,1989,2014,7,5,35,59,0,517000.0
4.0,2.75,7.836369760545124,9.559517275737559,2.0,0,0,3,2530,0.0,1997,0,2014,7,5,11,11,0,469950.0
3.0,2.5,8.157943507105037,9.029297996680608,2.0,1,4,4,2150,7.201170883281678,1939,1991,2014,7,5,35,60,0,1675000.0
6.0,2.75,8.45765547870004,9.305741456739435,2.0,0,3,3,3690,6.928537818164665,1931,0,2014,7,5,35,48,0,2180000.0
3.0,1.75,7.62608275807238,9.699778913860525,1.0,0,0,2,2050,0.0,1973,0,2014,7,5,23,25,0,623000.0
4.0,2.25,7.787796878181171,9.036106025364846,2.0,0,0,5,2410,0.0,1965,0,2014,7,5,3,7,0,720000.0
3.0,1.0,7.074116816197362,9.016876974763383,1.0,0,0,4,1180,0.0,1967,0,2014,7,5,14,2,0,205000.0
2.0,1.0,6.447305862541213,8.343077871169383,1.0,0,0,3,630,0.0,1930,1997,2014,7,5,35,49,0,148000.0
3.0,2.5,8.15507488781144,8.962007209588313,1.0,0,0,4,1750,7.456454555176209,1941,1998,2014,7,5,35,70,0,950000.0
3.0,1.5,6.918695219020472,8.946895523888447,1.5,0,0,5,1010,0.0,1953,0,2014,7,5,35,60,0,405000.0
3.0,2.25,7.555381944240273,8.155362120328135,2.0,0,0,3,1910,0.0,2009,0,2014,7,5,18,19,0,293000.0
3.0,3.5,7.820439515262181,8.183955717304954,2.0,0,0,3,1720,6.647688373563329,2005,0,2014,7,5,16,15,0,550000.0
4.0,2.5,7.67368812926773,8.053251153549096,2.0,0,0,3,2150,0.0,2010,0,2014,7,5,32,37,0,435000.0
4.0,2.75,8.006700845440367,8.607216694063826,2.0,0,0,3,3000,0.0,2005,0,2014,7,5,21,23,0,355000.0
3.0,2.75,7.9483852851118995,8.159660737063376,2.0,0,0,3,2830,0.0,2012,1912,2014,7,5,16,17,0,673000.0
4.0,2.5,7.893945138235959,8.61974977974133,2.0,0,0,3,2680,0.0,2013,1923,2014,7,5,27,27,0,449990.0
2.0,1.5,6.994849985833071,7.8961806086154915,2.0,0,0,3,1090,0.0,1982,0,2014,7,5,19,22,0,249000.0
4.0,2.5,7.59337419312129,10.385944565501662,1.0,0,0,3,1564,6.042632833682381,1962,2003,2014,7,5,10,73,0,380000.0
4.0,2.75,8.036249942132116,8.675904882571059,2.0,0,0,3,3090,0.0,2010,0,2014,7,5,33,42,0,760005.0
4.0,2.5,7.8674885686991285,8.545002892055505,2.0,0,0,3,2610,0.0,2006,0,2014,7,5,35,47,0,674600.0
4.0,3.5,8.12296471523406,8.19836438996762,2.0,0,0,3,2750,6.431331081933479,2007,0,2014,7,5,16,17,0,812000.0
4.0,2.5,7.719129840906732,8.27308133366583,2.0,0,0,3,2250,0.0,2014,0,2014,7,5,1,45,0,333490.0
3.0,3.25,7.280008252884188,7.23561914106675,2.0,0,0,3,1180,5.602118820879701,2013,1923,2014,7,5,35,49,0,320000.0
4.0,2.5,8.049107721326406,9.291920358968605,2.0,0,0,3,3130,0.0,2013,1923,2014,7,5,19,21,0,999000.0
2.0,2.75,7.901377353792616,9.056373008678756,1.0,0,0,3,2700,0.0,2007,0,2014,7,5,31,32,0,810000.0
5.0,2.75,7.58629630715272,8.594339400592892,1.0,0,0,3,1320,6.478509642208569,1986,0,2014,7,6,35,64,0,399950.0
3.0,2.0,7.58629630715272,8.334951631422454,2.0,0,3,5,1270,6.55250788703459,1929,0,2014,7,6,35,61,0,550000.0
3.0,1.5,7.576097340623111,9.677527538712344,1.0,0,0,4,1950,0.0,1959,0,2014,7,6,14,2,0,290000.0
3.0,1.5,7.57095858316901,9.199077179697472,1.0,0,0,4,1140,6.68586094706836,1969,0,2014,7,6,14,2,0,232500.0
4.0,3.5,8.174984532943087,9.305741456739435,1.0,0,2,3,2260,7.1631723908466425,1999,0,2014,7,6,3,5,0,1355000.0
3.0,2.5,7.824445930877619,8.9085593751449,2.0,0,0,3,2500,0.0,1990,2009,2014,7,6,42,41,0,565000.0
4.0,2.75,7.976251943745623,9.83633227734872,1.0,0,0,3,2210,6.55250788703459,1957,1995,2014,7,6,36,70,0,749950.0
4.0,2.5,8.11701408773731,10.471609913908228,2.0,0,0,4,3350,0.0,1985,0,2014,7,6,31,32,0,720500.0
3.0,1.75,7.669028288589683,10.599106675327851,1.0,0,0,5,1490,6.478509642208569,1950,0,2014,7,6,32,36,0,507000.0
5.0,4.5,8.301769763117166,9.508591395777199,2.0,0,0,3,4030,0.0,2000,0,2014,7,6,33,43,0,989000.0
4.0,2.5,7.591357046698551,8.804024902413179,2.0,0,0,4,1980,0.0,1974,0,2014,7,6,19,22,0,463000.0
3.0,1.5,7.2868764117507,9.201198714058899,1.0,0,0,3,1460,0.0,1952,2008,2014,7,6,10,66,0,310000.0
4.0,1.75,7.53955882930103,9.082620630373812,1.0,0,0,3,1130,6.621405651764134,1960,2012,2014,7,6,35,69,0,284000.0
3.0,1.75,7.749753406274437,9.296609807128359,2.0,0,0,3,2320,0.0,1935,1974,2014,7,6,35,54,0,737500.0
3.0,3.25,7.7057128238944275,9.015298250772847,1.5,0,0,5,1770,6.111467339502679,1929,0,2014,7,6,35,51,0,569000.0
3.0,1.0,7.252053951852814,8.881975184248867,2.0,0,0,4,1410,0.0,1901,0,2014,7,6,35,64,0,700000.0
3.0,1.0,7.123672785204607,8.160803920954665,1.0,0,0,4,1240,0.0,1927,0,2014,7,6,35,47,0,660000.0
4.0,2.0,7.616283561580385,9.039196115772354,2.0,0,0,3,2030,0.0,1944,0,2014,7,6,40,69,0,275000.0
6.0,3.75,8.294299608857235,8.702177865629675,2.0,0,2,3,3080,6.825460036255307,2004,2003,2014,7,6,32,36,0,570000.0
3.0,0.75,6.19644412779452,10.55843949396453,1.5,0,0,4,490,0.0,1959,0,2014,7,6,37,75,0,150000.0
3.0,2.5,7.372118028337787,8.13505390861157,2.0,0,0,3,1590,0.0,2000,0,2014,7,6,38,38,0,356000.0
3.0,2.5,7.875119281040293,8.670429167315095,2.0,0,0,3,2630,0.0,2001,0,2014,7,6,31,32,0,610000.0
2.0,1.75,7.208600337960199,8.437067146936952,1.0,0,0,3,1350,0.0,2008,0,2014,7,6,31,32,0,498800.0
3.0,1.0,6.898714534329988,8.398634855292102,1.0,0,0,3,990,0.0,1943,2002,2014,7,6,35,49,0,226550.0
4.0,2.75,8.219056661060598,8.985320060649112,2.0,0,0,3,3710,0.0,1999,0,2014,7,6,38,38,0,692500.0
3.0,1.0,6.898714534329988,8.995040974685022,1.0,0,0,4,990,0.0,1960,2001,2014,7,6,10,73,0,250000.0
4.0,2.5,7.828436359157585,8.421562960400987,2.0,0,0,3,2510,0.0,2002,0,2014,7,6,33,43,0,660000.0
2.0,1.0,6.68586094706836,8.77971129020447,1.0,0,0,4,800,0.0,1953,1983,2014,7,6,36,62,0,295000.0
4.0,1.0,7.3783837129967145,9.228573140237243,1.0,0,0,4,1600,0.0,1966,0,2014,7,6,1,1,0,154950.0
5.0,3.25,8.108021221376747,9.33617975681533,2.0,0,0,4,2480,6.734591659972948,1999,0,2014,7,6,18,26,0,409124.0
5.0,1.5,7.456454555176209,9.130322663990151,1.0,0,0,3,1010,6.580639137284949,1962,2003,2014,7,6,32,36,0,287000.0
4.0,1.75,7.601402334583733,8.291295851905407,1.0,0,4,4,1000,6.90875477931522,1958,1972,2014,7,6,35,55,0,810000.0
4.0,2.75,7.976251943745623,8.74973246437081,1.0,0,0,3,1640,7.147559271189454,1985,0,2014,7,6,5,9,0,525000.0
4.0,1.75,7.444833273892193,9.25349564229011,1.0,0,0,4,1710,0.0,1955,2009,2014,7,6,3,5,0,525000.0
3.0,1.0,7.0909098220799835,8.962007209588313,1.0,0,0,4,1200,0.0,1954,1979,2014,7,6,35,61,0,275000.0
3.0,2.5,7.8636512654486515,8.537191877922927,2.0,0,1,3,2600,0.0,1998,2006,2014,7,6,32,34,0,583000.0
2.0,1.75,7.2868764117507,8.978029932837156,1.0,0,0,4,1460,0.0,1987,0,2014,7,6,9,26,0,237950.0
4.0,3.75,8.357259153499912,9.19023970026918,2.0,0,0,3,4260,0.0,2008,0,2014,7,6,19,21,0,1065000.0
4.0,2.75,7.650168700845001,8.407601514786142,1.5,0,0,4,1780,5.771441123130016,1928,0,2014,7,6,35,48,0,679000.0
6.0,4.5,8.350193650720067,8.76732914779405,2.0,0,3,4,2360,7.534228326274089,1916,0,2014,7,6,35,58,0,1465000.0
3.0,1.75,7.415175109613295,8.740496729931813,1.0,0,0,3,830,6.7226297948554485,1980,0,2014,7,6,35,55,0,410000.0
3.0,1.0,7.280008252884188,8.881975184248867,1.0,0,0,3,1010,6.089044875446846,1969,2010,2014,7,6,19,22,0,306000.0
4.0,1.5,7.528869256642251,8.525359754082631,1.5,0,0,5,1860,0.0,1920,0,2014,7,6,12,12,0,215000.0
4.0,2.5,7.908754738783246,9.211040127090456,2.0,0,0,3,2720,0.0,1989,0,2014,7,6,33,42,0,594950.0
4.0,2.5,7.979681302387741,8.612685172875459,1.0,0,3,3,2030,6.792344427470809,1957,2000,2014,7,6,35,74,0,1250000.0
3.0,1.5,7.496097345175956,9.40894529884324,1.0,0,0,4,1800,0.0,1966,0,2014,7,6,14,13,0,305000.0
2.0,1.0,7.186144304522325,9.086023537468803,1.0,0,0,3,1020,5.707110264748875,1939,1969,2014,7,6,35,74,0,425000.0
3.0,1.75,7.479299637782834,10.275223507900165,1.0,0,0,3,1770,0.0,1959,1989,2014,7,6,14,13,0,215000.0
5.0,2.75,7.844240718141811,8.952346543226227,1.0,0,0,5,1390,7.057036981697891,1967,0,2014,7,6,25,34,0,480000.0
4.0,1.75,7.67368812926773,9.105090961257085,1.0,0,0,4,1110,6.947937068614969,1966,0,2014,7,6,31,31,0,550000.0
4.0,2.5,8.013343181386672,8.91811465947453,2.0,0,0,3,3020,0.0,2004,2003,2014,7,6,33,43,0,750000.0
3.0,1.0,6.8679744089702925,10.219866405309856,1.0,0,0,4,960,0.0,1970,0,2014,7,6,32,36,0,137124.0
3.0,2.0,7.931644021454311,9.321702839829644,2.0,0,0,3,2783,0.0,1910,1999,2014,7,6,35,61,0,840000.0
3.0,2.0,7.719129840906732,9.56626503452421,1.0,0,0,4,1500,6.621405651764134,1964,0,2014,7,6,23,25,0,624800.0
3.0,1.75,7.444833273892193,9.078864009187797,1.0,0,0,4,1710,0.0,1986,0,2014,7,6,19,21,0,630000.0
3.0,2.5,7.8826922062890254,9.14644164612595,1.0,0,0,5,1680,6.878326468291325,1975,0,2014,7,6,20,67,0,590000.0
3.0,3.25,7.5126175446745105,7.498315870766981,3.0,0,0,3,1830,0.0,2014,0,2014,7,6,35,56,0,599950.0
3.0,2.5,7.2868764117507,8.021256180143997,2.0,0,0,3,1460,0.0,2000,0,2014,7,6,35,51,0,299880.0
3.0,2.0,7.473637108496206,8.83579236650274,1.0,0,0,4,1760,0.0,1967,0,2014,7,6,42,41,0,400000.0
3.0,2.5,7.581209826196346,8.70930004894499,2.0,0,0,3,1960,0.0,2002,0,2014,7,6,33,42,0,560000.0
4.0,2.25,7.606387389772652,8.94754601503218,1.0,0,0,3,1170,6.734591659972948,1979,2014,2014,7,6,14,13,0,229000.0
4.0,2.5,8.208219383496834,9.20623194393164,2.0,0,0,3,3670,0.0,2005,0,2014,7,6,32,36,0,525000.0
2.0,2.25,7.736743682453495,9.187378760338836,1.0,0,0,3,2290,0.0,2007,0,2014,7,6,31,32,0,737000.0
3.0,2.0,7.484930283289661,8.651898894268529,1.0,0,0,5,980,6.68586094706836,1925,0,2014,7,6,35,47,0,680000.0
4.0,2.5,8.033009498596668,10.47534242212957,2.0,0,0,3,3080,0.0,1997,0,2014,7,6,31,32,0,635000.0
4.0,2.5,8.119993827725105,9.621920081084202,2.0,0,0,3,3360,0.0,1997,0,2014,7,6,31,31,0,740000.0
3.0,1.0,7.223295679562314,8.821879862683842,2.0,0,0,3,1370,0.0,1930,1997,2014,7,6,35,60,0,335500.0
4.0,2.5,7.415175109613295,8.99516499031115,1.0,0,0,4,1660,0.0,1978,2000,2014,7,6,10,73,0,270000.0
4.0,3.5,8.398634855292102,9.274347501950475,2.0,0,0,3,4440,0.0,2003,0,2014,7,6,25,37,0,1037000.0
3.0,2.5,7.333676395657684,7.97728198675515,2.0,0,0,4,1530,0.0,1986,0,2014,7,6,19,21,0,379000.0
4.0,2.5,7.650168700845001,9.036106025364846,1.0,0,0,4,1240,6.7580945044277305,1976,1992,2014,7,6,42,41,0,468000.0
1.0,1.0,6.594413459749778,7.57198844937744,1.0,0,0,3,730,0.0,2008,0,2014,7,6,35,64,0,321500.0
3.0,2.25,7.560601162768557,9.014811987694946,2.0,0,0,4,1920,0.0,1989,0,2014,7,6,5,9,0,443000.0
3.0,1.0,7.3783837129967145,8.899048433885268,1.0,0,0,4,1600,0.0,1958,1972,2014,7,6,32,34,0,340000.0
4.0,2.25,7.7752758464868625,9.752664662801545,2.0,0,0,3,1530,6.7464121285733745,1979,2014,2014,7,6,17,16,0,470000.0
3.0,2.5,7.923348211930154,9.762960317399152,2.0,0,0,3,2760,0.0,2002,0,2014,7,6,32,34,0,545000.0
4.0,1.5,7.518064181233078,9.338557669776936,1.5,0,0,4,1840,0.0,1950,1983,2014,7,6,36,70,0,415000.0
7.0,2.5,7.855932199718614,8.657129031713755,1.0,0,0,4,1880,6.55250788703459,1901,0,2014,7,6,35,59,0,599000.0
4.0,1.75,7.650168700845001,8.46611040118692,1.0,0,0,3,1340,6.634633357861686,1975,0,2014,7,6,35,47,0,759000.0
4.0,1.75,7.507141079727608,8.520388082312756,1.0,0,0,4,1190,6.447305862541213,1926,1993,2014,7,6,35,51,0,300000.0
3.0,1.5,7.346655163176539,8.513385953073284,1.0,0,0,3,1080,6.154858094016418,1978,0,2014,7,6,35,62,0,359000.0
4.0,1.0,7.273092595999522,8.188966863648876,1.5,0,0,4,1440,0.0,1924,0,2014,7,6,35,55,0,550000.0
2.0,1.0,6.836259277277067,8.761080103868347,1.0,0,0,4,930,0.0,1940,2001,2014,7,6,35,54,0,395000.0
4.0,2.5,8.177796683277778,9.396653950039674,2.0,0,0,3,3560,0.0,1988,2000,2014,7,6,14,13,0,486000.0
2.0,1.0,6.734591659972948,9.358846580275406,1.0,0,0,3,840,0.0,1952,2008,2014,7,6,6,69,0,187000.0
4.0,3.25,8.361941906144946,10.761725352961665,2.0,0,0,3,3050,7.115582126184454,2002,0,2014,7,6,1,45,0,734950.0
3.0,1.5,7.313886831633462,9.212238569259263,1.0,0,0,4,1500,0.0,1957,2001,2014,7,6,32,36,0,284000.0
4.0,3.5,8.202756381655638,10.55963355495159,2.0,0,0,3,2550,7.00397413672268,1996,0,2014,7,6,27,27,0,696000.0
2.0,1.0,6.660575149839686,8.271548374755515,1.0,0,0,3,780,0.0,1918,0,2014,7,6,35,61,0,380000.0
4.0,1.0,7.3783837129967145,8.612685172875459,1.5,0,0,4,1600,0.0,1946,1989,2014,7,6,35,56,0,625000.0
4.0,1.75,7.02197642307216,9.018089684104343,1.0,0,0,4,1120,0.0,1966,0,2014,7,6,32,36,0,252000.0
2.0,1.0,6.918695219020472,9.12913031655064,1.0,0,0,4,1010,0.0,1960,2001,2014,7,6,19,21,0,560000.0
4.0,2.75,7.58629630715272,10.51940265523281,1.0,0,0,4,1970,0.0,1961,2001,2014,7,6,41,40,0,395000.0
4.0,2.5,7.7102051944325325,8.38320455141292,2.0,0,0,5,1540,6.53813982376767,1935,0,2014,7,6,35,47,0,900000.0
5.0,3.0,8.364275084991524,9.92554254331696,2.0,0,0,4,4290,0.0,1985,0,2014,7,6,22,24,0,2680000.0
3.0,1.75,8.058643712215618,11.241523483091212,1.0,0,0,4,2160,6.90875477931522,1978,2000,2014,7,6,1,0,0,625000.0
3.0,1.75,7.523481312573497,8.537191877922927,1.0,0,0,3,1020,6.7226297948554485,1909,2004,2014,7,6,35,48,0,580000.0
3.0,2.25,7.591357046698551,9.077494458642754,1.0,0,0,4,1300,6.523562306149512,1963,0,2014,7,6,10,73,0,309000.0
4.0,3.5,8.119993827725105,9.18686701579054,2.0,0,0,3,2450,6.814542897259958,1990,2009,2014,7,6,14,13,0,412000.0
3.0,1.0,7.0909098220799835,8.893023494394711,1.0,0,0,4,1200,0.0,1967,0,2014,7,6,18,20,0,215000.0
2.0,2.5,7.67368812926773,8.658866349732383,1.0,0,0,3,2150,0.0,2010,0,2014,7,6,31,32,0,741500.0
3.0,2.75,7.944846711001996,8.58466490653125,2.0,0,0,3,2820,0.0,2008,0,2014,7,6,31,31,0,749000.0
4.0,2.75,8.163656176168432,9.148571345578551,2.0,0,0,3,3510,0.0,2014,0,2014,7,6,32,37,0,659950.0
3.0,2.5,7.490529402060711,8.0323601479245,2.0,0,0,3,1790,0.0,2010,0,2014,7,6,16,15,0,530000.0
4.0,2.75,7.901377353792616,8.699681400989514,2.0,0,0,4,2100,6.398594934535208,1910,0,2014,7,6,35,55,0,749000.0
5.0,4.75,8.662331957082475,9.741262697441297,2.0,0,0,3,4260,7.327123292259293,2006,0,2014,7,6,23,25,0,2321000.0
4.0,3.25,8.224431573221159,8.4252971767117,2.0,0,0,3,2760,6.878326468291325,2013,1923,2014,7,6,35,47,0,595000.0
4.0,2.5,7.840312983320164,8.517593111437565,2.0,0,0,3,2540,0.0,2005,0,2014,7,6,35,51,0,487000.0
4.0,2.25,8.101980731853192,9.031931152002144,3.0,0,0,3,3300,0.0,2014,0,2014,7,6,35,61,0,760000.0
5.0,3.5,8.599878558034845,9.242613932526478,2.0,0,2,3,4010,7.259116128097101,2007,0,2014,7,6,3,5,0,1240000.0
4.0,2.5,7.844240718141811,8.556606193773073,2.0,0,0,3,2550,0.0,2009,0,2014,7,6,32,37,0,435000.0
3.0,2.25,7.237778191923443,7.3031700512368,3.0,0,0,3,1390,0.0,2007,0,2014,7,6,35,47,0,374950.0
3.0,1.5,7.147559271189454,7.254177846456518,3.0,0,0,3,1270,0.0,2007,0,2014,7,6,35,54,0,440000.0
4.0,2.5,7.7752758464868625,8.517393171418904,2.0,0,0,3,2380,0.0,2005,0,2014,7,4,21,23,0,360000.0
4.0,2.5,8.119993827725105,10.003875726567397,2.0,0,0,3,3360,0.0,1994,0,2014,7,4,33,43,0,879000.0
2.0,1.0,7.123672785204607,10.950824090522445,1.0,0,0,3,1240,0.0,1962,2003,2014,7,4,33,43,0,505000.0
2.0,2.0,7.983098940710892,9.55094690773585,1.0,0,2,4,1680,7.1316985104669115,1980,0,2014,7,4,41,40,0,545000.0
2.0,2.5,7.787796878181171,11.536319674023819,1.0,0,0,4,1940,6.154858094016418,1912,1989,2014,7,4,13,14,0,600000.0
6.0,2.75,8.000014093678072,8.517393171418904,1.5,0,0,3,2480,6.2166061010848646,1916,1986,2014,7,4,35,47,0,775000.0
2.0,1.75,7.576097340623111,7.908387159290043,1.0,0,0,5,1010,6.846943139585379,1919,1934,2014,7,4,35,47,0,725000.0
4.0,2.75,7.8636512654486515,10.507366265337891,1.0,0,0,5,1580,6.928537818164665,1976,0,2014,7,4,33,43,0,610000.0
4.0,1.0,7.065613363597717,9.005527777346696,1.5,0,0,3,1170,0.0,1959,1989,2014,7,4,35,60,0,350000.0
3.0,1.0,7.293697720601438,8.77971129020447,1.0,0,0,4,1470,0.0,1953,1983,2014,7,4,6,68,0,410000.0
4.0,2.0,7.518064181233078,8.597851094433691,1.0,0,0,4,920,6.825460036255307,1942,1982,2014,7,4,35,74,0,639000.0
4.0,2.0,7.353081920515432,8.922791623969637,1.0,0,0,4,1560,0.0,1968,0,2014,7,4,19,22,0,439000.0
4.0,1.75,7.327123292259293,8.94910546953925,1.0,0,0,4,1520,0.0,1967,0,2014,7,4,19,22,0,499950.0
3.0,2.75,7.7057128238944275,8.294299608857235,2.0,0,0,3,1700,6.255750041753367,1914,2000,2014,7,4,35,59,0,800000.0
4.0,2.5,7.937731775260109,9.163143937145207,2.0,0,0,3,2800,0.0,1993,0,2014,7,4,14,2,0,350000.0
2.0,1.0,6.508769136971682,8.748463629942055,1.0,0,0,5,670,0.0,1942,0,2014,7,4,35,61,0,279000.0
3.0,2.25,7.450660796211539,8.972844314437573,2.0,0,0,3,1720,0.0,1983,2009,2014,7,4,14,13,0,290256.0
3.0,2.5,7.65491704784832,8.303752415563412,2.0,0,0,4,2110,0.0,1989,0,2014,7,4,18,26,0,355000.0
3.0,1.75,7.365812837209472,9.125653563808989,1.0,0,0,3,1180,5.993961427306569,1993,0,2014,7,4,21,23,0,263000.0
6.0,2.5,7.878912912297133,8.210939733379021,2.0,0,0,5,1760,6.78105762593618,1922,1956,2014,7,4,35,61,0,880000.0
4.0,2.5,7.901377353792616,8.782015969721936,2.0,0,0,3,2700,0.0,1998,2006,2014,7,4,32,36,0,426500.0
3.0,2.5,7.944846711001996,9.006999447958153,2.0,0,0,3,2820,0.0,2004,2003,2014,7,4,16,17,0,735000.0
4.0,2.5,8.114025442356757,9.097283649683886,2.0,0,2,3,3340,0.0,1999,0,2014,7,4,38,38,0,720000.0
3.0,2.5,7.333676395657684,8.699681400989514,2.0,0,0,4,1530,0.0,1991,0,2014,7,4,21,23,0,265000.0
4.0,3.5,8.253488028345904,11.3589464370766,2.0,0,0,3,3840,0.0,1998,2006,2014,7,4,7,10,0,840000.0
3.0,2.0,7.749753406274437,9.302098797215724,1.0,0,0,3,1510,6.698268054115413,1956,2001,2014,7,4,3,4,0,657500.0
5.0,2.0,7.745435610274381,9.505320746909074,1.5,0,0,4,2310,0.0,1966,0,2014,7,4,3,3,0,850000.0
3.0,2.5,7.479299637782834,7.119635638017636,3.0,0,0,3,1600,5.14166355650266,2007,0,2014,5,0,35,47,0,436110.0
2.0,3.0,8.058643712215618,11.107165313341005,2.0,0,0,3,3160,0.0,1993,0,2014,5,4,42,44,0,589900.0
3.0,1.5,7.390798521735676,8.799510901368867,1.0,0,0,3,1280,5.831882477283517,1954,2005,2014,5,1,35,56,0,620000.0
4.0,2.0,7.32052696227274,8.351374706721296,1.0,0,0,3,1510,0.0,1955,2005,2014,5,0,35,51,0,254000.0
3.0,1.75,6.8679744089702925,9.000483164987708,1.0,0,0,3,960,0.0,1962,2003,2014,6,4,31,31,0,375000.0
4.0,2.25,7.462214939768189,9.041921720351219,1.0,0,0,4,1170,6.3473892096560105,1958,1972,2014,6,0,3,7,0,455000.0
4.0,2.0,7.293697720601438,9.035510680940524,1.0,0,0,4,1470,0.0,1965,0,2014,6,0,3,7,0,445000.0
4.0,2.5,7.8083230503910555,8.343077871169383,2.0,0,0,3,2460,0.0,1998,2006,2014,6,2,33,42,0,568500.0
3.0,1.75,7.065613363597717,9.009814110527381,1.0,0,0,3,1170,0.0,1962,2003,2014,6,6,36,67,0,352500.0
2.0,1.75,7.099201743553092,8.9237243977064,1.0,0,0,3,1210,0.0,1982,0,2014,6,5,19,22,0,342500.0
3.0,2.5,7.534228326274089,8.980046316633132,2.0,0,0,3,1870,0.0,1990,2009,2014,6,6,1,0,0,299950.0
3.0,2.5,7.576097340623111,8.646465527120377,2.0,0,0,3,1950,0.0,2009,0,2014,7,5,38,38,0,425000.0
4.0,2.5,7.852050207265889,8.566173813637858,2.0,0,0,3,2570,0.0,1990,2009,2014,7,6,16,17,0,561000.0
3.0,2.0,7.2868764117507,9.241063544619024,1.0,0,0,4,1460,0.0,1975,0,2014,5,5,31,31,0,455500.0
3.0,2.5,7.9966538754626075,10.047631185616188,1.0,0,0,3,1510,7.2868764117507,1967,2011,2014,6,5,42,41,0,400000.0
4.0,2.5,7.621195162809845,9.988839219635631,2.0,0,0,3,2040,0.0,1994,0,2014,6,0,7,10,0,443500.0
5.0,3.25,8.083637203141548,8.787525625532906,1.5,0,4,4,2500,6.608000625296087,1939,1989,2014,6,0,35,54,0,1234582.0
4.0,2.75,8.055475141757274,11.120164318733623,1.0,0,0,4,2250,6.803505257608338,1965,0,2014,5,4,1,45,0,370000.0
3.0,2.25,7.507141079727608,8.988321188323683,1.0,0,0,3,1240,6.364750756851911,1981,2013,2014,5,4,31,31,0,475000.0
4.0,2.5,7.664346632098617,10.484389460685312,1.0,0,0,3,1490,6.46302945692067,1980,0,2014,7,5,33,43,0,580000.0
3.0,1.5,7.266128779556451,8.987321812850125,1.0,0,0,4,1430,0.0,1956,0,2014,5,5,3,6,0,518000.0
3.0,2.5,7.616283561580385,8.849513965486398,2.0,0,0,4,2030,0.0,1991,0,2014,5,0,16,17,0,525000.0
4.0,2.75,7.601402334583733,8.670429167315095,2.0,0,0,3,2000,0.0,1997,0,2014,6,5,21,23,0,236000.0
4.0,2.25,7.57095858316901,8.733432966413652,2.0,0,0,3,1940,0.0,1990,2009,2014,6,5,14,13,0,278500.0
2.0,1.75,6.78105762593618,8.821879862683842,1.0,0,0,4,880,0.0,1945,0,2014,6,1,35,71,0,205425.0
3.0,1.0,6.85751406254539,9.148571345578551,1.0,0,0,4,950,0.0,1954,1979,2014,7,5,3,5,0,248000.0
3.0,2.25,7.421177528595393,7.3758821482150125,2.0,0,0,3,1220,6.111467339502679,2002,0,2014,5,0,35,74,0,505000.0
3.0,2.5,7.890208213109961,9.258844781035798,2.0,0,0,3,2670,0.0,1989,0,2014,5,4,33,42,0,657500.0
3.0,2.5,7.901377353792616,7.271703706887368,2.0,0,0,3,1280,7.259116128097101,2003,0,2014,7,4,35,46,0,670000.0
1.0,1.0,6.3818160174060985,6.726233402358747,1.0,0,0,4,590,0.0,1926,1993,2014,7,5,35,59,0,202000.0
4.0,2.25,7.6783263565068856,9.002085433155724,1.0,0,0,3,1080,6.985641817639208,1966,1913,2014,5,0,3,5,0,440000.0
4.0,2.5,7.901377353792616,9.08375621986673,2.0,0,0,3,2700,0.0,2004,2003,2014,5,1,31,31,0,690000.0
6.0,2.25,8.073091199693154,8.664578178329295,2.0,0,0,3,3206,0.0,2012,1912,2014,5,4,18,20,0,375000.0
3.0,1.75,7.353081920515432,9.18901458526143,1.0,0,0,3,1560,0.0,1964,2000,2014,5,5,35,71,0,291000.0
3.0,1.75,7.244941546337007,8.847503625923641,1.0,0,0,4,1400,0.0,1957,2001,2014,6,1,18,19,0,230000.0
4.0,3.25,8.036249942132116,8.816556768641856,2.0,0,4,3,3090,0.0,2013,1923,2014,5,4,36,70,0,850000.0
4.0,2.0,7.875119281040293,9.709660055555972,2.0,0,0,4,2630,0.0,1953,1983,2014,6,3,43,3,0,84350.0
3.0,2.5,7.692113339595466,9.340929941679784,1.0,0,0,3,1550,6.46302945692067,1956,2001,2014,6,1,35,74,0,12899000.0
4.0,1.0,7.650168700845001,9.127067452782361,1.0,0,0,3,1050,6.957497370876951,1959,1989,2014,5,4,40,69,0,2110000.0
4.0,1.5,7.02197642307216,8.59932602095476,1.0,0,0,3,1120,0.0,1969,2014,2014,5,1,9,26,0,2199900.0
4.0,2.75,8.089789175789319,9.880372445030076,1.0,0,0,4,2170,6.994849985833071,1968,0,2014,5,6,22,24,0,188000.0
3.0,2.0,7.074116816197362,8.961109485898655,1.0,0,0,4,1180,0.0,1992,0,2014,7,4,18,19,0,26590000.0
2.0,1.0,6.660575149839686,9.70167731915831,1.0,0,0,1,780,0.0,1942,0,2014,5,5,40,69,0,7800.0
4.0,2.5,7.696667081526462,9.14825217966276,2.0,0,0,3,2200,0.0,1987,2000,2014,5,0,1,0,0,237227.857143
3.0,1.75,7.307202314764738,9.222861652529854,1.0,0,0,4,1490,0.0,1962,0,2014,5,1,14,0,0,0.0
4.0,2.5,7.937731775260109,8.682877107057168,1.0,0,0,3,1660,7.039660349862076,1963,2008,2014,5,1,35,54,0,744312.5
4.0,2.75,7.8636512654486515,8.592486175451668,1.0,0,0,4,1300,7.170888478512505,1960,2001,2014,5,1,35,74,0,0.0
6.0,2.75,8.071218539969863,9.127067452782361,1.0,0,2,4,1600,7.3783837129967145,1953,1983,2014,5,1,6,65,0,0.0
5.0,3.5,8.15507488781144,10.508240582333478,2.0,0,0,4,2490,6.898714534329988,1983,0,2014,5,5,16,43,0,0.0
3.0,3.5,8.013343181386672,8.314587291319576,2.0,0,0,3,2080,6.846943139585379,1954,2004,2014,5,5,35,74,0,439333.333333
3.0,2.25,7.58629630715272,9.313708904953216,1.0,0,0,4,1180,6.673297967767654,1967,0,2014,5,5,20,67,0,280000.0
5.0,1.5,7.313886831633462,8.869679374733515,1.0,0,0,5,760,6.608000625296087,1920,0,2014,5,6,6,68,0,0.0
4.0,4.0,8.210939733379021,9.841878070904437,2.0,0,0,3,3680,0.0,1990,2009,2014,5,6,33,42,0,0.0
3.0,2.0,7.359467638255621,8.881975184248867,1.0,0,0,4,1570,0.0,1952,0,2014,5,6,36,67,0,176225.0
3.0,2.5,7.732369222284388,7.736307096548285,2.0,0,0,3,1880,5.993961427306569,2006,0,2014,5,6,16,15,0,500324.0
3.0,2.5,7.3783837129967145,8.181440695719374,2.0,0,0,3,1600,0.0,2013,1923,2014,5,6,32,34,0,444845.0
3.0,3.0,7.427144133408616,7.359467638255621,3.0,0,0,3,1680,0.0,2014,0,2014,5,6,35,47,0,330000.0
3.0,1.75,7.544861068658458,9.536834420213353,1.0,0,0,5,1890,0.0,1966,0,2014,5,4,18,26,0,292285.714286
2.0,1.0,6.255750041753367,10.01391023378622,1.0,0,0,2,520,0.0,1951,0,2014,5,4,34,69,0,160000.0
4.0,3.0,7.979681302387741,10.433439104100595,1.0,0,3,5,1460,7.2868764117507,1964,0,2014,5,4,3,7,0,537500.0
3.0,2.25,7.796057974316123,11.200294747154482,1.0,0,0,3,2430,0.0,1974,0,2014,5,4,32,37,0,232333.333333
3.0,2.75,8.010027528481734,7.519149957669823,2.0,0,0,3,3010,0.0,2011,0,2014,5,4,33,43,0,237333.333333
3.0,1.0,7.390798521735676,10.33322241961703,1.5,0,0,4,1620,0.0,1911,1977,2014,5,0,3,5,0,346750.0
3.0,2.25,7.989899374942939,11.27522649564682,1.5,0,0,3,2950,0.0,2006,0,2014,5,0,33,43,0,1020000.0
4.0,2.25,7.682943169878292,9.259225769705994,1.0,0,2,4,1270,6.803505257608338,1960,2001,2014,5,0,26,68,0,0.0
3.0,1.5,7.479299637782834,9.753187781764911,1.0,0,0,3,1160,6.415096959171596,1959,1989,2014,5,1,3,5,0,254000.0
3.0,1.0,7.5126175446745105,9.013108202446475,1.0,0,0,3,1830,0.0,1942,1999,2014,5,1,17,16,0,238750.0
4.0,2.5,7.7752758464868625,8.863191340690854,2.0,0,0,4,2380,0.0,1997,0,2014,5,1,18,19,0,268971.875
4.0,2.5,7.844240718141811,9.210440366976517,1.0,0,0,3,1290,7.13966033596492,1964,2000,2014,5,1,3,6,0,642000.0
3.0,2.5,8.221747728346623,9.359708203627006,2.0,0,0,3,3720,0.0,1982,0,2014,5,1,33,42,0,571986.111111
5.0,4.5,8.440528106480752,8.752265313595721,2.0,0,0,3,3210,7.259116128097101,2006,0,2014,5,1,38,38,0,0.0
5.0,4.0,8.39638057119949,9.105090961257085,2.0,0,0,3,4430,0.0,2013,1923,2014,5,5,3,3,0,0.0
3.0,2.5,7.307202314764738,7.444248649496705,3.0,0,0,3,1490,0.0,2004,2003,2014,5,5,35,60,0,554250.0
4.0,4.5,8.523374050491318,9.30782999325344,2.0,0,2,3,3250,7.484930283289661,2008,0,2014,5,5,23,25,0,0.0
4.0,1.5,7.687538766201629,10.037625011465359,1.0,0,0,4,1280,6.803505257608338,1954,1975,2014,5,5,18,26,0,0.0
3.0,2.0,7.32052696227274,8.863191340690854,1.0,0,2,3,1230,5.638354669333745,1973,2013,2014,5,4,35,60,0,300000.0
4.0,3.5,8.345455428161928,9.240772579096385,2.0,0,0,3,4210,0.0,2006,0,2014,5,4,3,7,0,0.0
3.0,2.0,7.403061091090091,9.207636720401869,1.0,0,0,4,1640,0.0,1977,0,2014,5,4,33,43,0,540833.333333
4.0,2.5,7.518064181233078,7.354362330421477,2.0,0,0,3,1400,6.089044875446846,2004,2003,2014,5,4,35,49,0,274750.0
3.0,1.0,6.947937068614969,8.517393171418904,1.0,0,0,3,1040,0.0,1959,1989,2014,5,4,35,65,0,148612.5
3.0,1.0,7.1316985104669115,8.476579508530941,1.0,0,0,4,1250,0.0,1951,1999,2014,5,0,35,61,0,326428.571429
5.0,3.25,8.213652703029998,9.421735176255844,2.0,0,0,5,3690,0.0,1977,0,2014,5,0,20,67,0,0.0
4.0,1.0,7.333676395657684,8.881975184248867,1.5,0,0,3,1400,4.875197323201151,1948,1994,2014,5,0,35,71,0,135333.333333
4.0,2.5,7.65491704784832,8.229777750081887,2.0,0,0,3,2110,0.0,2000,0,2014,5,0,35,56,0,577437.5
3.0,1.75,7.67368812926773,8.374246182096304,1.0,0,0,3,1200,6.85751406254539,1956,2001,2014,5,0,35,63,0,440825.0
5.0,3.75,8.58316818033977,9.273878392780171,2.5,0,3,4,3740,7.3783837129967145,1912,1989,2014,5,1,35,64,0,195000.0
4.0,1.75,7.791935956938058,8.945462952177666,1.0,0,0,3,1480,6.846943139585379,1979,2014,2014,5,1,16,15,0,257500.0
4.0,3.25,8.519390774959724,10.447583528813514,2.0,0,0,3,5010,0.0,1988,2000,2014,5,1,3,5,0,692000.0
2.0,1.0,6.814542897259958,9.170871628065816,1.0,0,0,4,910,0.0,1981,0,2014,5,1,32,36,0,176400.0
3.0,1.5,7.696667081526462,8.517393171418904,1.5,0,0,3,2200,0.0,1932,0,2014,5,1,35,74,0,193000.0
4.0,2.5,8.14060704285845,11.0735208734325,2.0,0,0,3,3430,0.0,2013,1923,2014,5,1,42,44,0,646212.5
4.0,2.5,7.528869256642251,8.808070154764538,1.0,0,0,4,1220,6.46302945692067,1983,0,2014,5,5,18,19,0,268971.875
4.0,3.75,8.101980731853192,8.422003004412488,1.5,0,4,3,2600,6.55250788703459,1926,1999,2014,5,5,35,48,0,0.0
3.0,1.75,7.155396301896734,9.279586544712997,1.0,0,0,4,1280,0.0,1969,0,2014,5,5,32,37,0,317061.875
3.0,2.0,7.307202314764738,8.958154135209242,1.0,0,0,4,1490,0.0,1990,0,2014,5,5,9,26,0,83300.0
5.0,2.25,7.9658927350845286,9.389824573949976,2.0,0,0,4,2880,0.0,1990,0,2014,5,6,9,26,0,0.0
4.0,1.0,7.1785454837637,8.556606193773073,1.5,0,0,3,1160,5.017279836814924,1945,2010,2014,5,6,35,61,0,266066.666667
4.0,2.5,7.591357046698551,8.909775673693389,2.0,0,0,3,1980,0.0,1988,2000,2014,5,4,14,13,0,342246.428571
5.0,2.25,7.601402334583733,8.974744612722734,1.0,0,0,4,1300,6.55250788703459,1986,0,2014,5,4,34,72,0,0.0
3.0,3.0,7.528869256642251,8.914760527397261,1.0,0,0,5,1040,6.710523109452428,1954,0,2014,5,4,35,71,0,0.0
4.0,3.0,7.596392304064196,8.729235349659273,2.0,0,0,3,1990,0.0,1990,2009,2014,5,4,14,13,0,0.0
4.0,2.25,7.450660796211539,9.024131268455035,1.0,0,0,4,1720,0.0,1973,0,2014,5,4,14,13,0,240015.333333
3.0,2.0,7.223295679562314,11.26969399566832,1.0,0,0,5,1370,0.0,1964,0,2014,5,0,9,26,0,83300.0
4.0,3.0,8.309184527686298,10.48071870349873,1.0,0,0,3,2030,7.616283561580385,1989,0,2014,5,0,1,45,0,316850.0
4.0,2.5,7.581209826196346,9.200189020919808,2.0,0,0,3,1960,0.0,2001,0,2014,5,0,18,18,0,259585.571429
4.0,2.5,7.450660796211539,9.169622538697624,1.0,0,0,3,1120,6.398594934535208,1961,2004,2014,5,5,1,45,0,328211.904762
4.0,2.5,7.916078096302786,9.464982590349763,2.0,0,0,4,2740,0.0,1990,0,2014,5,5,33,43,0,673476.818182
4.0,1.0,7.215975002651466,9.500993027872797,1.0,0,0,3,1360,0.0,1955,2005,2014,5,5,17,16,0,0.0
3.0,2.5,7.534228326274089,8.60337088765729,2.0,0,0,3,1870,0.0,2003,0,2014,5,5,5,9,0,425000.0
2.0,1.0,6.580639137284949,8.348301054933943,1.0,0,0,4,720,0.0,1942,1982,2014,5,6,32,34,0,127160.0
3.0,2.25,7.687538766201629,8.954415331137593,2.0,0,0,3,2180,0.0,1986,0,2014,5,6,33,42,0,341750.0
3.0,1.5,7.266128779556451,9.10063710688422,1.0,0,0,4,1430,0.0,1953,1983,2014,5,6,6,68,0,178650.0
2.0,1.0,6.660575149839686,8.807771066980044,1.0,0,0,4,780,0.0,1948,0,2014,5,6,1,1,0,87500.0
3.0,1.0,7.074116816197362,8.517793011488205,1.5,0,0,3,1180,0.0,1946,0,2014,5,6,36,67,0,282508.888889
3.0,2.0,7.170888478512505,8.224699561967235,1.0,0,0,3,900,5.993961427306569,1993,0,2014,5,6,35,57,0,450385.714286
4.0,3.0,8.357259153499912,9.798182590890704,2.0,0,2,3,4260,0.0,2000,0,2014,5,6,23,25,0,435000.0
2.0,1.75,7.62608275807238,9.38437770918244,1.0,0,0,4,2050,0.0,1950,1983,2014,5,6,3,3,0,532500.0
3.0,1.75,7.983098940710892,9.897318563390598,1.0,0,0,3,2030,6.803505257608338,1993,0,2014,5,4,42,41,0,408900.0
2.0,1.0,7.313886831633462,8.323851131338817,1.5,0,0,3,880,6.431331081933479,1928,1954,2014,5,4,32,35,0,156766.666667
5.0,3.5,8.692993531219926,9.525443040003957,2.0,0,2,3,4770,7.0825485693553,1984,0,2014,5,4,3,7,0,452500.0
2.0,1.0,6.698268054115413,8.476579508530941,1.0,0,0,3,810,0.0,1919,2001,2014,5,4,35,57,0,308830.769231
4.0,2.75,7.749753406274437,8.376781037699493,2.0,0,0,3,2320,0.0,2012,1912,2014,5,4,32,37,0,484991.666667
2.0,1.0,6.994849985833071,8.517393171418904,1.0,0,0,4,730,5.8888779583328805,1942,1982,2014,5,0,35,61,0,287919.782609
2.0,1.0,6.90875477931522,8.471568013389962,1.0,0,0,4,1000,0.0,1942,1982,2014,5,0,35,51,0,247875.0
3.0,2.5,7.72356247227797,9.894547710966654,2.0,0,0,3,2260,0.0,1994,0,2014,5,0,32,36,0,309487.5
4.0,1.0,7.1631723908466425,8.517393171418904,1.5,0,0,3,1290,0.0,1957,2000,2014,5,0,35,65,0,173666.666667
3.0,2.0,7.659642954564682,8.93075873555827,1.0,0,0,3,2120,0.0,1991,0,2014,5,0,32,36,0,237481.25
3.0,2.25,7.307202314764738,8.416930769477844,2.0,0,0,3,1490,0.0,2009,0,2014,5,0,17,16,0,326983.333333
4.0,2.5,7.745435610274381,8.537191877922927,2.0,0,0,3,2310,0.0,2013,1923,2014,5,0,35,70,0,790000.0
1.0,1.0,6.580639137284949,8.699681400989514,1.0,0,0,3,720,0.0,1940,1996,2014,6,1,35,51,0,0.0
3.0,2.5,7.518064181233078,8.01829613851552,1.0,0,0,3,920,6.825460036255307,1926,2003,2014,6,1,35,48,0,678333.333333
5.0,2.75,7.976251943745623,10.498222246109226,1.0,0,0,3,1590,7.186144304522325,1977,2004,2014,6,1,33,43,0,542804.75
4.0,2.75,8.092851027538384,9.463508636396089,2.0,0,0,3,3270,0.0,2014,0,2014,6,1,19,21,0,723243.75
5.0,2.75,8.019941687677365,9.235813167949214,2.0,0,0,3,3040,0.0,1993,0,2014,6,5,3,5,0,667781.25
3.0,1.0,7.0909098220799835,9.204020443231363,1.0,0,0,4,1200,0.0,1969,0,2014,6,5,21,23,0,108333.333333
5.0,2.75,7.916078096302786,8.633552992532433,1.5,0,0,5,1670,6.976348070447749,1925,0,2014,6,5,35,54,0,0.0
4.0,2.25,7.736743682453495,8.585038738311304,2.0,0,0,4,2120,5.14166355650266,1958,1972,2014,6,5,35,74,0,535000.0
4.0,2.0,7.855932199718614,8.699681400989514,1.0,0,0,5,1300,7.155396301896734,1950,0,2014,6,5,35,74,0,596165.428571
3.0,1.75,7.372118028337787,10.211009016314167,1.5,0,0,4,1590,0.0,1926,1993,2014,6,5,21,23,0,269187.5
3.0,1.0,6.947937068614969,8.833608482690892,2.0,0,0,3,1040,0.0,1942,1999,2014,6,5,35,65,0,148612.5
3.0,1.0,7.170888478512505,8.811503250158239,1.0,0,0,4,1300,0.0,1952,0,2014,6,5,23,25,0,0.0
5.0,2.5,7.645397699428633,8.455104999102815,2.0,0,0,3,2090,0.0,1998,2006,2014,6,5,21,23,0,0.0
5.0,2.75,7.890208213109961,8.24301946898925,2.0,0,0,3,2670,0.0,2014,0,2014,6,5,32,37,0,341166.666667
4.0,2.75,8.12296471523406,9.429315246418172,2.0,0,0,3,3370,0.0,1991,0,2014,6,6,42,44,0,557125.0
3.0,1.75,7.456454555176209,9.33485624667375,1.0,0,0,5,1730,0.0,1972,0,2014,6,6,18,19,0,228944.444444
3.0,2.5,7.403061091090091,10.307985526454086,2.0,0,0,3,1640,0.0,1992,0,2014,6,4,31,32,0,592105.714286
4.0,2.25,8.000014093678072,8.993675786759683,1.5,0,2,4,2020,6.8679744089702925,1935,0,2014,6,4,35,74,0,535000.0
3.0,2.0,7.193685818395112,8.999742789830492,1.0,0,0,4,1330,0.0,1969,0,2014,6,4,19,22,0,420642.857143
4.0,2.25,7.693025748417888,9.40335455830888,2.0,0,0,3,2192,0.0,2006,0,2014,6,4,18,18,0,132250.0
4.0,2.5,7.634820677745543,8.887790764195326,2.0,0,0,4,2068,0.0,1976,1992,2014,6,4,1,0,0,237227.857143
3.0,1.75,7.591357046698551,8.740496729931813,1.0,0,1,5,1090,6.792344427470809,1910,0,2014,6,4,35,63,0,440825.0
3.0,2.5,7.444833273892193,7.417580402414544,2.0,0,0,5,1300,6.018593214496234,2003,0,2014,6,4,35,74,0,2560498.33333
2.0,1.0,6.792344427470809,8.431853144249223,1.0,0,0,3,890,0.0,1923,1998,2014,6,0,35,56,0,423050.925926
4.0,3.5,8.361941906144946,9.16785032035523,2.0,0,0,3,4280,0.0,2005,0,2014,6,0,3,3,0,1337044.2
3.0,2.5,8.033009498596668,9.431642228411022,2.0,0,0,3,3080,0.0,1990,2009,2014,6,0,21,23,0,315368.7
4.0,2.25,7.635786861395585,8.922791623969637,2.0,0,0,4,2070,0.0,1977,0,2014,6,0,19,22,0,417985.714286
4.0,2.75,8.010027528481734,8.88405606174246,2.0,0,0,3,3010,0.0,2014,0,2014,6,0,19,21,0,723243.75
4.0,2.0,7.616283561580385,9.137877200242468,1.0,0,0,4,2030,0.0,1976,1992,2014,6,1,31,31,0,259950.0
4.0,3.75,8.309184527686298,9.867393944887889,2.0,0,0,3,4060,0.0,2002,0,2014,6,1,33,42,0,0.0
3.0,2.75,7.75833346749091,9.711176264112805,1.0,0,0,4,1500,6.734591659972948,1972,0,2014,6,5,33,43,0,237333.333333
3.0,2.5,7.75833346749091,8.692490133273228,2.0,0,0,3,2340,0.0,1995,0,2014,6,5,17,16,0,426090.0
2.0,1.0,7.293697720601438,8.873187904050106,1.0,0,0,3,1020,6.111467339502679,1941,1994,2014,6,5,35,47,0,458663.888889
4.0,2.5,8.216358332386156,9.98764486054285,1.0,0,4,3,2620,6.985641817639208,1988,2000,2014,6,5,3,5,0,812650.0
4.0,1.0,7.0909098220799835,8.881975184248867,1.5,0,0,3,1200,0.0,1944,0,2014,6,5,35,71,0,135333.333333
5.0,2.75,7.976251943745623,10.894867203849286,1.0,0,0,5,1510,7.244941546337007,1979,0,2014,6,6,42,44,0,0.0
5.0,2.0,7.555381944240273,8.881975184248867,1.0,0,0,4,1110,6.68586094706836,1951,1999,2014,6,6,35,71,0,0.0
3.0,2.5,7.9658927350845286,9.510519035757246,1.0,0,4,5,1520,7.215975002651466,1950,0,2014,6,6,8,3,0,0.0
5.0,2.75,8.083637203141548,8.834045641167798,2.0,0,0,3,3240,0.0,2013,1923,2014,6,6,32,34,0,0.0
3.0,1.75,7.372118028337787,9.014325488050225,1.5,0,0,5,970,6.431331081933479,1938,0,2014,6,4,19,22,0,387884.615385
5.0,3.5,8.213652703029998,9.386727689281946,2.0,0,0,3,2540,7.048386408721883,2006,0,2014,6,4,33,42,0,437500.0
3.0,2.5,7.816416983691801,8.544419177669829,2.0,0,0,3,2480,0.0,2000,0,2014,6,4,31,31,0,641633.333333
4.0,2.5,7.895063498091573,10.606263229988029,2.0,0,0,4,2683,0.0,1987,0,2014,6,4,31,31,0,681965.78125
2.0,1.0,7.00397413672268,9.021839764105513,1.0,0,0,4,1100,0.0,1947,1988,2014,6,4,36,67,0,229629.5
4.0,1.0,7.640603826393634,8.160803920954665,1.5,0,0,5,1260,6.710523109452428,1926,0,2014,6,4,35,63,0,0.0
3.0,2.5,7.701200180857446,9.222268942841456,1.0,0,0,4,1450,6.634633357861686,1966,0,2014,6,4,18,18,0,210614.285714
4.0,3.25,7.791935956938058,8.294299608857235,1.5,0,0,5,1870,6.311734809152915,1911,1984,2014,6,4,35,48,0,790000.0
3.0,3.5,7.123672785204607,7.418780882750794,2.0,0,0,3,1000,5.484796933490655,2008,0,2014,6,4,35,63,0,435500.0
3.0,2.5,7.741099090035366,8.026496938945412,1.5,0,0,3,1510,6.673297967767654,1930,2002,2014,6,0,35,54,0,738190.857143
3.0,1.75,7.473637108496206,9.463042725531936,1.0,0,0,4,1230,6.274762021241939,1967,0,2014,6,0,3,4,0,497333.333333
3.0,2.0,7.611347717403621,9.054388070202297,1.0,0,0,4,1220,6.68586094706836,1957,2001,2014,6,0,35,60,0,300000.0
4.0,3.25,7.824445930877619,8.665957964681349,1.5,0,0,3,1960,6.293419278846481,1926,2003,2014,6,3,35,53,0,1036200.0
2.0,1.0,6.634633357861686,8.612685172875459,1.5,0,0,3,760,0.0,1947,2012,2014,6,1,35,69,0,163785.714286
4.0,1.75,7.365812837209472,8.58316818033977,1.0,0,0,3,1130,6.111467339502679,1947,2012,2014,6,1,35,64,0,351250.0
3.0,2.5,7.890208213109961,9.257414779362112,2.0,0,0,3,2670,0.0,2003,0,2014,6,5,19,21,0,645325.0
3.0,1.0,7.039660349862076,9.032050676295599,1.0,0,0,5,1140,0.0,1943,0,2014,6,5,32,36,0,171224.8
5.0,3.75,8.261268150577648,9.015055148790369,2.0,0,0,3,3870,0.0,1998,2006,2014,6,5,33,42,0,0.0
3.0,2.75,7.919719760924575,9.799792316197363,1.0,0,2,5,1810,6.846943139585379,1978,0,2014,6,5,3,5,0,540000.0
3.0,2.0,7.359467638255621,8.853808274977197,2.0,0,2,4,1050,6.255750041753367,1971,0,2014,6,5,35,59,0,233166.666667
3.0,1.75,7.057036981697891,10.019980867971933,1.0,0,0,4,1160,0.0,1976,1992,2014,6,5,17,16,0,329333.333333
3.0,2.25,7.65491704784832,8.9445502459405,1.0,0,0,4,1360,6.621405651764134,1973,0,2014,6,5,14,13,0,225279.428571
3.0,2.5,7.147559271189454,7.828038032125829,2.0,0,0,3,1270,0.0,2004,2003,2014,6,5,35,49,0,331366.666667
4.0,2.5,8.086717920303906,8.412054873292933,2.0,0,0,3,3250,0.0,2009,0,2014,6,5,32,37,0,460886.923077
2.0,1.0,6.846943139585379,9.1942109900463,1.0,0,0,3,940,0.0,1910,2006,2014,6,6,35,63,0,337945.75
4.0,1.5,7.745435610274381,11.139322330010808,2.0,0,0,4,2310,0.0,1968,0,2014,6,6,4,8,0,0.0
3.0,1.0,7.030857476116121,9.43508264465409,1.0,0,0,3,1130,0.0,1958,2004,2014,6,6,32,34,0,243069.230769
6.0,3.0,8.013343181386672,9.531263778207766,2.0,0,0,3,3020,0.0,1952,2002,2014,6,6,23,25,0,0.0
4.0,2.5,8.074337694089515,9.609854474590907,2.0,0,0,3,3210,0.0,1995,0,2014,6,6,33,42,0,690408.62069
3.0,2.5,7.8826922062890254,10.614130780712824,2.0,0,0,3,2650,0.0,1994,0,2014,6,4,31,32,0,592105.714286
3.0,1.75,7.048386408721883,8.997147151515142,1.0,0,0,4,1150,0.0,1983,0,2014,6,4,18,18,0,220083.333333
3.0,3.0,8.271548374755515,9.853456618930563,2.0,0,0,3,3910,0.0,1985,0,2014,6,4,7,10,0,280000.0
4.0,2.5,8.157943507105037,8.517393171418904,2.0,0,0,3,3490,0.0,2003,0,2014,6,4,9,26,0,297857.142857
5.0,3.0,8.11102783819368,9.858856228390534,2.0,0,0,4,2610,6.580639137284949,1977,0,2014,6,4,23,25,0,950833.333333
4.0,1.0,7.57095858316901,8.657650544111494,1.5,0,0,3,1940,0.0,1947,2012,2014,6,4,35,70,0,323833.333333
3.0,2.5,7.496097345175956,7.901377353792616,2.0,0,0,3,1800,0.0,2011,0,2014,6,4,35,61,0,309000.0
3.0,1.75,7.53955882930103,9.328123407632566,1.0,0,0,3,1330,6.311734809152915,1985,0,2014,6,0,1,0,0,248400.0
4.0,2.25,7.962415680121064,8.74528448245438,1.5,0,0,4,1980,6.792344427470809,1905,0,2014,6,0,35,53,0,994500.0
4.0,2.5,7.581209826196346,9.358846580275406,1.0,0,0,5,980,6.8885724595653635,1931,0,2014,6,0,1,1,0,0.0
4.0,1.0,7.501634457883413,8.922791623969637,1.0,0,0,2,1410,5.993961427306569,1959,0,2014,6,0,35,69,0,0.0
2.0,2.25,7.307202314764738,8.820404065485645,1.5,0,0,3,1490,0.0,1926,2003,2014,6,3,35,51,0,0.0
3.0,4.5,8.562357743370612,9.788469440951861,2.0,1,4,3,3740,7.307202314764738,2005,0,2014,6,1,23,25,0,0.0
5.0,2.5,8.128880142125638,9.186150133174966,1.0,0,0,5,1750,7.403061091090091,1978,0,2014,6,1,32,36,0,288500.0
2.0,1.0,6.78105762593618,8.7662383802531,1.0,0,0,3,880,0.0,1950,2005,2014,6,1,35,55,0,379509.166667
2.0,1.0,7.844240718141811,9.983960936686005,1.0,0,1,4,1610,6.846943139585379,1958,1972,2014,6,1,10,73,0,180785.714286
4.0,2.5,8.058643712215618,9.487593248937424,2.0,0,0,5,3160,0.0,1965,0,2014,6,1,23,25,0,950100.0
5.0,2.75,8.251142139090751,9.53249633228804,2.0,1,4,3,3831,0.0,1959,1980,2014,6,5,23,25,0,542500.0
2.0,1.75,7.123672785204607,8.006700845440367,1.5,0,0,3,1240,0.0,1906,2014,2014,6,5,35,48,0,362750.0
4.0,2.75,7.83241092718792,9.548382803766913,2.0,0,0,3,2520,0.0,1999,0,2014,6,5,11,11,0,234975.0
4.0,2.25,7.791935956938058,9.23024103368252,2.0,0,0,4,2420,0.0,1973,0,2014,6,5,23,25,0,672500.0
4.0,1.75,7.1316985104669115,8.909370405197466,1.0,0,0,5,1250,0.0,1959,0,2014,6,5,3,7,0,391400.0
3.0,2.75,7.1785454837637,8.895766604056085,1.0,0,0,3,1310,0.0,1957,2000,2014,6,5,3,7,0,0.0
3.0,1.0,7.252053951852814,8.9939241414114,1.0,0,0,4,1410,0.0,1951,1999,2014,6,5,35,70,0,198995.0
3.0,1.0,6.898714534329988,9.190035618635818,1.0,0,0,3,990,0.0,1968,1997,2014,6,5,42,41,0,278900.0
3.0,1.0,6.90875477931522,9.049349685884057,1.0,0,0,3,1000,0.0,1991,0,2014,6,5,12,12,0,171758.333333
3.0,1.75,7.601402334583733,8.93075873555827,1.0,0,0,4,1300,6.55250788703459,1968,0,2014,6,5,32,36,0,325187.5
2.0,1.0,7.02197642307216,8.639587799629844,1.0,0,0,3,1120,0.0,1944,0,2014,6,6,35,71,0,190368.75
5.0,3.25,8.12296471523406,8.980675603671708,2.0,0,0,3,3370,0.0,2001,0,2014,6,6,19,21,0,375000.0
3.0,2.75,7.701200180857446,8.294299608857235,2.0,0,0,3,2210,0.0,2008,0,2014,6,6,31,32,0,216000.0
5.0,3.5,7.878912912297133,8.83869681234353,2.0,0,0,3,2640,0.0,2001,0,2014,6,6,38,38,0,0.0
3.0,2.5,7.048386408721883,6.78897174299217,3.0,0,0,3,1150,0.0,2007,0,2014,6,6,35,62,0,360500.0
4.0,2.5,7.67368812926773,10.223431082444048,2.0,0,0,3,2150,0.0,1997,0,2014,6,4,31,32,0,677099.565217
4.0,2.75,8.350193650720067,10.365585010210767,2.0,0,0,4,4230,0.0,1985,0,2014,6,4,42,41,0,405125.0
3.0,1.75,7.359467638255621,9.637632201310455,1.0,0,0,3,1080,6.19644412779452,1956,2001,2014,6,4,6,68,0,289987.5
3.0,2.5,7.396948602621014,8.94910546953925,1.0,0,0,3,1120,6.236369590203704,1978,0,2014,6,4,18,19,0,264270.0
4.0,2.5,7.9269635448629785,9.237469039364436,2.0,0,0,3,2770,0.0,1989,0,2014,6,4,16,17,0,602761.0
3.0,1.0,7.467942332285852,8.962007209588313,1.0,0,0,4,1150,6.398594934535208,1956,0,2014,6,4,6,68,0,251555.555556
3.0,1.5,6.994849985833071,9.007121989469242,1.0,0,0,3,1090,0.0,1967,2014,2014,6,4,32,36,0,214750.0
2.0,1.0,6.836259277277067,8.954286157204713,1.0,0,0,3,930,0.0,1924,2011,2014,6,4,35,60,0,258125.0
4.0,2.0,7.650168700845001,8.488382109562117,2.0,0,0,3,2100,0.0,1965,1984,2014,6,4,20,67,0,0.0
4.0,2.5,7.840312983320164,10.563026241922243,2.0,0,0,3,2540,0.0,1987,2000,2014,6,0,31,32,0,677099.565217
2.0,1.0,6.698268054115413,9.038958755220563,1.0,0,0,4,810,0.0,1959,0,2014,6,0,14,13,0,0.0
2.0,1.5,7.327123292259293,8.99230873254815,1.0,0,0,5,1520,0.0,1951,0,2014,6,0,35,60,0,0.0
1.0,1.0,6.53813982376767,7.576097340623111,1.0,0,0,3,690,0.0,1928,1954,2014,6,0,35,56,0,167500.0
4.0,3.0,7.771067086065406,8.208764045819667,1.5,0,0,5,1650,6.580639137284949,1916,0,2014,6,0,35,54,0,471500.0
4.0,4.25,8.160803920954665,9.076923258535832,1.0,0,4,5,2140,7.215975002651466,1951,0,2014,6,2,35,70,0,0.0
2.0,1.0,6.734591659972948,8.131824785007195,1.0,0,2,4,840,0.0,1924,0,2014,6,3,35,58,0,464600.0
4.0,2.25,7.5126175446745105,9.075093222568157,2.0,0,0,4,1830,0.0,1991,0,2014,6,1,18,18,0,132250.0
3.0,2.25,7.223295679562314,7.329749689041512,3.0,0,0,3,1370,0.0,2005,0,2014,6,1,35,47,0,433111.111111
5.0,2.75,7.83241092718792,9.686636660844938,1.0,0,3,4,1570,6.85751406254539,1960,2001,2014,6,1,23,25,0,542500.0
2.0,2.25,7.664346632098617,8.501267040865978,1.5,0,4,4,1530,6.398594934535208,1941,1998,2014,7,5,35,55,0,0.0
4.0,2.5,7.85979918056211,9.045937315684574,2.0,0,0,3,2590,0.0,1991,0,2014,7,5,5,9,0,368112.5
4.0,2.5,7.507141079727608,9.904087372608096,2.0,0,0,3,1820,0.0,1987,2000,2014,7,5,33,43,0,673476.818182
3.0,2.5,7.333676395657684,8.074337694089515,1.5,0,0,5,1010,6.255750041753367,1928,1970,2014,7,5,35,56,0,558653.846154
4.0,2.5,8.314097335405807,9.81809304951918,2.0,0,2,4,4080,0.0,1983,0,2014,7,6,8,3,0,0.0
2.0,1.0,6.957497370876951,8.79497643168877,1.5,0,0,3,1050,0.0,1964,2000,2014,7,6,6,69,0,168333.333333
4.0,2.5,7.578145472419466,8.477620416296414,2.0,0,0,3,1954,0.0,2005,0,2014,7,6,18,19,0,268971.875
2.0,1.75,7.333676395657684,8.161660452056282,1.0,0,1,4,830,6.55250788703459,1916,0,2014,7,6,35,58,0,318000.0
4.0,2.0,7.415175109613295,8.476579508530941,1.5,0,0,3,1660,0.0,1922,2008,2014,7,6,35,47,0,550607.142857
6.0,4.5,8.25088114470065,8.476579508530941,3.0,0,0,3,3050,6.660575149839686,1919,2004,2014,7,6,35,58,0,1288333.33333
3.0,1.75,7.307202314764738,6.9440872082295275,2.0,0,0,3,1090,5.993961427306569,2008,0,2014,7,6,35,74,0,584000.0
3.0,1.0,7.327123292259293,9.108418382250798,1.0,0,0,3,1520,0.0,1956,2001,2014,7,6,3,6,0,0.0
3.0,3.0,7.81237820598861,8.910720661951359,2.0,0,0,5,1860,6.415096959171596,1977,0,2014,7,6,35,56,0,245000.0
2.0,1.0,6.769641976852503,8.434028950155469,1.0,0,0,4,870,0.0,1942,1982,2014,7,4,35,61,0,287919.782609
4.0,2.25,7.65491704784832,9.44572864970683,2.0,0,0,4,2110,0.0,1972,0,2014,7,2,23,25,0,672500.0
2.0,1.75,7.596392304064196,8.294299608857235,1.0,0,0,5,1090,6.803505257608338,1952,1998,2014,7,3,35,47,0,454790.0
3.0,1.0,7.353081920515432,8.929700114313448,1.0,0,0,4,910,6.478509642208569,1948,0,2014,7,1,36,67,0,282508.888889
3.0,1.5,7.462214939768189,8.343077871169383,1.5,0,0,4,1640,4.61512051684126,1920,0,2014,7,1,35,56,0,473200.0
2.0,1.0,7.1631723908466425,8.444837529224097,1.0,0,0,4,1290,0.0,1906,1990,2014,7,1,35,54,0,406062.5
4.0,2.0,7.438971592395862,9.0642735958414,1.0,0,0,3,850,6.7464121285733745,1955,2010,2014,7,1,3,5,0,282766.666667
3.0,1.75,7.53955882930103,9.213634938925614,1.0,0,0,4,1880,0.0,1984,0,2014,7,1,3,5,0,486445.833333
3.0,1.0,7.544861068658458,8.11102783819368,1.5,0,0,4,1390,6.2166061010848646,1901,0,2014,7,1,35,47,0,486895.0
3.0,2.25,7.390798521735676,6.98100574072173,3.0,0,0,3,1540,4.394449154672439,2009,0,2014,7,1,16,17,0,430277.777778
2.0,1.0,6.647688373563329,9.005773206234908,1.0,0,0,3,770,0.0,1948,1994,2014,7,5,36,67,0,229629.5
4.0,2.25,7.969357742016346,9.810659290224933,3.0,1,4,3,2890,0.0,1984,0,2014,7,5,32,34,0,0.0
3.0,1.0,6.947937068614969,9.09301972939964,1.0,0,0,4,800,5.484796933490655,1958,1972,2014,7,5,14,13,0,182805.0
4.0,2.5,7.8713112033234065,9.027858802380862,2.0,0,0,3,2620,0.0,1991,0,2014,7,5,32,36,0,380680.555556
3.0,1.75,7.53955882930103,8.657476736863293,1.0,0,0,4,940,6.846943139585379,1945,0,2014,7,5,35,61,0,396166.666667
4.0,2.5,7.836369760545124,9.008224187854049,2.0,0,0,3,2530,0.0,1993,0,2014,7,5,14,2,0,252980.0
3.0,2.5,7.839525581704678,8.434028950155469,2.0,0,0,3,2538,0.0,2013,1923,2014,7,5,1,45,0,289373.307692
3.0,2.5,7.384610383176974,8.88516409509682,2.0,0,0,3,1610,0.0,1994,0,2014,7,6,18,18,0,210614.285714
3.0,1.75,7.32052696227274,8.757940876678804,1.0,0,0,4,1510,0.0,1954,1979,2014,7,6,35,62,0,308166.666667
3.0,2.5,7.2868764117507,8.93247660846174,2.0,0,0,3,1460,0.0,1983,2009,2014,7,6,3,6,0,534333.333333
3.0,2.5,8.010027528481734,8.855805992536562,2.0,0,0,3,3010,0.0,2009,0,2014,7,6,32,37,0,416904.166667
4.0,2.0,7.645397699428633,8.799510901368867,1.0,0,0,3,1070,6.928537818164665,1974,0,2014,7,4,35,71,0,203400.0
3.0,2.5,7.307202314764738,8.999989642460726,2.0,0,0,4,1490,0.0,1990,0,2014,7,4,9,26,0,220600.0
